user_id,group,converted,session_sec,pages_viewed,device
1,Control,0,203.76687133706184,6,Tablet
2,Control,1,267.51510349505435,3,Mobile
3,Control,0,189.0980276604725,3,Mobile
4,Control,0,241.40976626299204,5,Desktop
5,Control,0,330.3106550770941,2,Desktop
6,Control,0,217.89545352761064,1,Desktop
7,Control,0,187.7130491187164,2,Tablet
8,Control,0,224.73458418715387,4,Desktop
9,Control,0,164.90955279878634,3,Desktop
10,Control,0,316.3382238038603,1,Desktop
11,Control,0,194.903907073279,5,Desktop
12,Control,1,169.9886673875968,1,Tablet
13,Control,0,139.037104723898,5,Mobile
14,Control,0,245.34711053835412,2,Mobile
15,Control,0,232.69530770552564,1,Desktop
16,Control,0,157.64550957222488,4,Mobile
17,Control,0,216.70482398173326,2,Desktop
18,Control,0,102.02942174829289,3,Tablet
19,Control,0,195.1733816290236,2,Desktop
20,Control,0,209.9015993642182,2,Mobile
21,Control,0,278.90313952575724,2,Desktop
22,Control,0,142.60496584992208,5,Desktop
23,Control,0,114.69060541587216,1,Desktop
24,Control,0,135.7514621491227,3,Desktop
25,Control,0,111.48873248267941,5,Desktop
26,Control,0,258.51615467674407,5,Mobile
27,Control,0,270.175161226322,2,Desktop
28,Control,0,202.6119117871856,5,Desktop
29,Control,0,252.17122201268313,2,Desktop
30,Control,0,192.36771093191294,4,Desktop
31,Control,0,179.76885937645787,3,Desktop
32,Control,0,166.6829309520431,7,Desktop
33,Control,0,167.9284954742339,3,Desktop
34,Control,1,99.87091440300328,7,Desktop
35,Control,1,199.53401199840366,6,Mobile
36,Control,0,182.7816349382276,7,Desktop
37,Control,0,225.99483982428316,3,Tablet
38,Control,0,190.14379230412354,4,Tablet
39,Control,0,176.05129641369996,4,Mobile
40,Control,0,137.08438334958032,2,Desktop
41,Control,0,188.96842802519689,8,Mobile
42,Control,0,225.60304769488891,2,Mobile
43,Control,0,122.11635549038766,1,Desktop
44,Control,1,189.81105645244065,3,Desktop
45,Control,0,197.8173623341216,3,Desktop
46,Control,0,145.50643690099545,3,Desktop
47,Control,0,152.66790323005998,2,Mobile
48,Control,0,197.6835966821418,3,Mobile
49,Control,0,122.66184399390573,4,Desktop
50,Control,0,204.2458043387166,1,Desktop
51,Control,1,135.755509448744,1,Desktop
52,Control,0,243.4569531168269,3,Desktop
53,Control,1,313.5805259963565,4,Desktop
54,Control,0,137.65837590639993,3,Desktop
55,Control,0,214.3814324306071,1,Desktop
56,Control,1,145.02919523148893,7,Mobile
57,Control,0,242.2524795588784,6,Mobile
58,Control,0,115.41078750031318,1,Tablet
59,Control,0,211.4322717135242,3,Mobile
60,Control,0,136.9856068210856,2,Desktop
61,Control,0,173.61584759958973,4,Mobile
62,Control,0,128.29360986689812,4,Desktop
63,Control,0,230.22927589926644,2,Mobile
64,Control,0,138.96608050582273,3,Desktop
65,Control,0,215.35803426325052,4,Desktop
66,Control,0,166.0746084455717,4,Desktop
67,Control,0,178.70401955106254,3,Desktop
68,Control,0,193.12657490700707,2,Desktop
69,Control,0,143.09964305876332,5,Desktop
70,Control,1,196.57019124474877,6,Mobile
71,Control,0,269.1684010394926,3,Desktop
72,Control,0,142.20478677920073,3,Desktop
73,Control,0,249.44955788006146,3,Mobile
74,Control,0,267.39536984182814,4,Desktop
75,Control,0,140.1114756034576,2,Mobile
76,Control,0,104.97199672001965,4,Mobile
77,Control,0,201.60784950944705,2,Tablet
78,Control,0,154.89258624782198,3,Desktop
79,Control,0,287.7731770539651,4,Desktop
80,Control,0,186.91441472749077,4,Mobile
81,Control,0,140.87903255806515,5,Desktop
82,Control,0,121.90622689435587,2,Desktop
83,Control,0,244.94477274999565,3,Desktop
84,Control,0,153.58488142536973,2,Mobile
85,Control,0,187.41058397032356,4,Desktop
86,Control,0,237.56915098118645,1,Mobile
87,Control,0,158.36579064380433,3,Desktop
88,Control,0,182.47391441929116,4,Mobile
89,Control,0,184.0887374597614,1,Desktop
90,Control,0,222.58284813338506,6,Desktop
91,Control,0,217.4909384530679,3,Desktop
92,Control,0,172.89374478098443,2,Desktop
93,Control,0,188.50069838230849,2,Desktop
94,Control,0,164.55215436620813,2,Desktop
95,Control,0,103.73131761943054,3,Tablet
96,Control,0,199.1680471568971,4,Mobile
97,Control,0,289.07054684581874,6,Mobile
98,Control,0,136.39544726199154,3,Tablet
99,Control,0,142.48336597185133,4,Desktop
100,Control,0,137.1099725595942,1,Desktop
101,Control,0,224.85254782977174,2,Tablet
102,Control,0,209.6666999808042,4,Mobile
103,Control,0,176.28042691709487,2,Tablet
104,Control,0,134.50895160985692,2,Mobile
105,Control,1,190.08072354019583,3,Mobile
106,Control,0,98.94578299653077,1,Mobile
107,Control,0,192.88846117716213,3,Mobile
108,Control,0,232.9338412348364,4,Mobile
109,Control,0,116.18404748514772,4,Desktop
110,Control,0,100.7114947743685,6,Mobile
111,Control,0,271.8690840432173,3,Mobile
112,Control,0,151.35321982724784,3,Desktop
113,Control,1,247.4771315269102,2,Desktop
114,Control,0,176.53012841411925,1,Mobile
115,Control,0,176.09248506822698,3,Desktop
116,Control,0,209.1126984723155,5,Desktop
117,Control,0,136.38006287894575,3,Desktop
118,Control,0,192.2873428922605,4,Mobile
119,Control,0,164.0180821846749,4,Desktop
120,Control,0,112.37286061272327,5,Desktop
121,Control,0,203.56151410995196,3,Mobile
122,Control,0,170.5180706217146,2,Desktop
123,Control,0,176.36363443554106,5,Desktop
124,Control,0,118.44114811222133,1,Tablet
125,Control,0,272.5270202269542,3,Mobile
126,Control,0,233.2192802512364,4,Desktop
127,Control,0,238.02857362945883,5,Mobile
128,Control,0,168.2005413657075,1,Mobile
129,Control,0,89.89494107731188,4,Mobile
130,Control,0,292.4104560369231,8,Desktop
131,Control,0,181.63963705967726,3,Desktop
132,Control,0,143.81601121889705,4,Mobile
133,Control,0,207.92408659657127,1,Desktop
134,Control,0,249.19164334018137,4,Desktop
135,Control,1,183.73221941529937,2,Desktop
136,Control,0,255.3216342366656,5,Mobile
137,Control,0,244.56499661842776,2,Desktop
138,Control,0,125.79903469288679,2,Desktop
139,Control,0,147.9415441887288,3,Mobile
140,Control,1,237.6645439803872,3,Desktop
141,Control,1,35.80630899042592,4,Desktop
142,Control,0,176.7799368759256,2,Mobile
143,Control,0,106.30428391064305,2,Desktop
144,Control,0,158.78954092115615,8,Mobile
145,Control,0,168.56489510339378,4,Desktop
146,Control,0,165.29655921508706,6,Desktop
147,Control,0,154.62563113380654,4,Mobile
148,Control,0,124.65709927041523,1,Tablet
149,Control,0,311.05511967502775,6,Desktop
150,Control,0,287.7104102288743,5,Mobile
151,Control,1,121.08637988590444,8,Desktop
152,Control,0,272.0164213216962,2,Desktop
153,Control,0,163.02939802399308,2,Desktop
154,Control,0,192.10531103324408,5,Mobile
155,Control,1,181.51993220566962,5,Desktop
156,Control,0,148.71382473103188,7,Desktop
157,Control,0,239.11187889833806,5,Mobile
158,Control,0,191.92375918171618,3,Desktop
159,Control,0,158.78967172294173,6,Desktop
160,Control,0,113.24758059097401,2,Desktop
161,Control,0,135.85227424544837,3,Tablet
162,Control,0,94.72409364188468,3,Desktop
163,Control,0,185.67229516283433,2,Tablet
164,Control,0,119.18339242435823,2,Desktop
165,Control,0,170.39417181148022,1,Desktop
166,Control,0,260.3556019485704,2,Mobile
167,Control,0,250.9614765106872,2,Mobile
168,Control,0,183.22477082435603,1,Desktop
169,Control,0,180.21034006212676,2,Desktop
170,Control,0,288.39310021815544,8,Desktop
171,Control,0,213.6415866197291,5,Mobile
172,Control,0,166.97064470679123,3,Mobile
173,Control,0,106.56900355837514,5,Desktop
174,Control,0,206.6630269990609,3,Tablet
175,Control,0,230.6128074920574,4,Desktop
176,Control,0,150.25916615174958,4,Desktop
177,Control,0,201.01615153259178,2,Desktop
178,Control,0,165.0034687796734,7,Mobile
179,Control,1,174.87821804405485,3,Desktop
180,Control,0,48.16978683407177,3,Mobile
181,Control,0,172.80202279561254,5,Tablet
182,Control,0,238.31531163244298,2,Mobile
183,Control,1,150.2728594438393,2,Mobile
184,Control,0,187.8889502518424,2,Desktop
185,Control,0,143.42271113194437,4,Mobile
186,Control,0,204.8242921961025,7,Desktop
187,Control,0,173.09122413551046,2,Tablet
188,Control,0,133.34171526248963,5,Desktop
189,Control,0,258.290330721582,1,Desktop
190,Control,0,236.09126074427184,4,Desktop
191,Control,0,151.73012798395038,2,Desktop
192,Control,0,212.37835701797775,4,Desktop
193,Control,1,214.55766015512094,4,Mobile
194,Control,0,220.32656792561468,3,Tablet
195,Control,0,91.81592572027073,2,Mobile
196,Control,0,240.36335975679452,2,Desktop
197,Control,0,153.66655703908478,1,Desktop
198,Control,0,165.31946366073032,1,Tablet
199,Control,0,330.08349637431104,2,Desktop
200,Control,0,201.60303593965565,1,Mobile
201,Control,0,163.75226385040534,1,Desktop
202,Control,0,63.70880949842517,3,Tablet
203,Control,0,261.43702736704955,2,Desktop
204,Control,0,111.01346810552685,2,Desktop
205,Control,0,129.81086030752732,3,Mobile
206,Control,0,166.7756235501683,2,Desktop
207,Control,0,262.9026485435161,3,Mobile
208,Control,0,227.52819926661675,4,Desktop
209,Control,0,176.3189369587857,1,Desktop
210,Control,0,201.95606350013514,2,Desktop
211,Control,0,151.97878689208918,3,Desktop
212,Control,0,192.6809529260943,5,Mobile
213,Control,0,189.03352096279752,3,Tablet
214,Control,0,238.28234426247442,4,Mobile
215,Control,0,238.19479673414222,4,Mobile
216,Control,0,212.16875602131046,3,Desktop
217,Control,0,165.07088433496438,5,Desktop
218,Control,0,225.80022619145697,3,Mobile
219,Control,0,179.94173435883243,3,Desktop
220,Control,0,125.49470972077768,2,Desktop
221,Control,0,162.81917144489836,3,Mobile
222,Control,0,189.64898410813785,5,Mobile
223,Control,0,235.061868101561,5,Desktop
224,Control,0,174.90595053135658,6,Mobile
225,Control,0,118.49407088182167,3,Tablet
226,Control,0,188.12079258132508,3,Desktop
227,Control,1,191.24008220311038,1,Mobile
228,Control,0,195.22106958965142,2,Desktop
229,Control,0,235.59293337749367,3,Tablet
230,Control,0,241.04077820494442,6,Desktop
231,Control,0,152.31840201900835,5,Mobile
232,Control,0,151.11210980730812,4,Tablet
233,Control,0,127.78907089744898,1,Mobile
234,Control,0,223.4348618654262,4,Mobile
235,Control,0,264.68510595857435,2,Desktop
236,Control,0,167.6704939650092,3,Tablet
237,Control,0,171.72131894012537,4,Mobile
238,Control,0,265.6730406294437,2,Desktop
239,Control,0,212.80568192682543,8,Desktop
240,Control,0,208.99296376405803,4,Desktop
241,Control,1,119.49959217144503,3,Mobile
242,Control,1,222.33004381036804,3,Mobile
243,Control,1,133.8975012719633,2,Mobile
244,Control,0,122.6288897735773,2,Desktop
245,Control,0,165.92756327783084,4,Desktop
246,Control,1,152.78140021032203,2,Mobile
247,Control,0,172.81201680882285,2,Mobile
248,Control,1,105.74601010112947,2,Desktop
249,Control,1,237.73489685572198,3,Mobile
250,Control,0,247.02274619840358,2,Mobile
251,Control,0,77.89616392225521,3,Mobile
252,Control,0,238.81517931166024,3,Mobile
253,Control,0,140.42092535981055,3,Mobile
254,Control,0,232.13365453405322,4,Desktop
255,Control,0,181.23544290334715,5,Mobile
256,Control,0,186.58265602445493,6,Desktop
257,Control,1,174.81962928183296,4,Mobile
258,Control,0,251.66710623284172,5,Desktop
259,Control,0,116.82265931112345,1,Mobile
260,Control,0,218.43121863042546,5,Mobile
261,Control,0,245.57315906892526,2,Desktop
262,Control,1,224.39870442972259,6,Tablet
263,Control,0,312.85844028778797,3,Desktop
264,Control,0,155.90792805014155,1,Desktop
265,Control,0,237.65176524264422,4,Mobile
266,Control,0,179.16501505622188,3,Mobile
267,Control,0,252.83733419939682,2,Desktop
268,Control,0,184.57710523532467,4,Tablet
269,Control,0,163.66683199756417,6,Mobile
270,Control,0,256.8339712129396,3,Desktop
271,Control,0,157.96409335395884,6,Mobile
272,Control,0,107.3000832604694,5,Desktop
273,Control,0,156.57342142543942,3,Desktop
274,Control,1,219.04681206236927,3,Mobile
275,Control,0,261.56213133729,2,Mobile
276,Control,0,191.11211564130818,3,Mobile
277,Control,0,257.50083869787136,2,Mobile
278,Control,0,110.30037931873235,4,Mobile
279,Control,0,160.62050943501535,4,Desktop
280,Control,0,169.12836855652444,5,Mobile
281,Control,0,178.69923148901142,1,Desktop
282,Control,0,189.6251913537608,3,Desktop
283,Control,0,223.00010265657062,2,Tablet
284,Control,0,160.53562390062302,6,Mobile
285,Control,0,192.6465777824219,6,Desktop
286,Control,0,182.51824103217717,3,Mobile
287,Control,0,134.07605528598674,3,Desktop
288,Control,0,178.74833210052105,5,Desktop
289,Control,0,177.0987258556585,4,Mobile
290,Control,0,175.92056892483245,7,Mobile
291,Control,0,186.7467701119798,2,Mobile
292,Control,0,189.16204473373622,5,Mobile
293,Control,0,161.22376514909683,7,Desktop
294,Control,0,254.99931036841957,2,Mobile
295,Control,0,120.67856539383408,8,Desktop
296,Control,0,145.3466440341557,6,Desktop
297,Control,0,337.89799933229557,2,Tablet
298,Control,0,127.91047547559236,2,Mobile
299,Control,0,110.54349289096328,5,Mobile
300,Control,0,225.39622097506697,4,Desktop
301,Control,0,70.75840804243693,5,Desktop
302,Control,0,172.05993495151586,5,Desktop
303,Control,0,303.0203708792069,4,Mobile
304,Control,0,100.02852428156298,1,Mobile
305,Control,0,75.99195328437077,6,Mobile
306,Control,1,102.5450338923266,1,Mobile
307,Control,0,234.4097762590842,1,Mobile
308,Control,0,246.8627195992197,8,Mobile
309,Control,0,156.80761616618202,4,Mobile
310,Control,0,222.57668222005879,1,Tablet
311,Control,0,261.4640430131594,1,Mobile
312,Control,0,283.3040527936404,3,Desktop
313,Control,0,171.45155953510834,2,Tablet
314,Control,1,58.41905552815072,2,Desktop
315,Control,0,139.85165926746723,3,Tablet
316,Control,0,161.52576927856083,2,Mobile
317,Control,0,170.75836618818852,7,Mobile
318,Control,0,174.66773294452042,4,Desktop
319,Control,0,246.5392028861868,5,Desktop
320,Control,0,255.09356346781698,6,Desktop
321,Control,0,175.55794903413693,4,Mobile
322,Control,0,245.41666818285003,8,Desktop
323,Control,0,204.6713751647099,4,Mobile
324,Control,0,188.54782850744144,4,Tablet
325,Control,1,234.85992864104801,2,Desktop
326,Control,0,188.97386265308538,1,Mobile
327,Control,0,298.1796147403769,2,Desktop
328,Control,0,105.88738582629925,9,Desktop
329,Control,0,156.66560054993903,4,Mobile
330,Control,0,178.04146066753273,7,Mobile
331,Control,0,209.16989797518949,6,Desktop
332,Control,0,254.73782679066989,2,Desktop
333,Control,0,183.65807880201137,3,Mobile
334,Control,0,106.7773692771586,3,Desktop
335,Control,0,231.33826430502523,2,Desktop
336,Control,0,226.52273213780805,2,Mobile
337,Control,0,78.19777373413267,1,Mobile
338,Control,0,184.79077264810604,2,Mobile
339,Control,0,97.54219931258362,4,Desktop
340,Control,0,148.44418963738656,1,Desktop
341,Control,0,135.34550901704603,5,Mobile
342,Control,0,229.5095584033092,3,Desktop
343,Control,0,191.4256595794701,3,Mobile
344,Control,0,114.29249495841849,3,Mobile
345,Control,0,233.40362796265384,4,Mobile
346,Control,0,106.14067968393721,1,Desktop
347,Control,0,203.1562584759019,4,Desktop
348,Control,0,140.22941318896443,6,Desktop
349,Control,0,164.8877604608214,4,Mobile
350,Control,0,212.7348911421111,1,Mobile
351,Control,0,213.6797169482741,3,Desktop
352,Control,0,258.5332990455778,1,Desktop
353,Control,0,180.47604651807006,5,Mobile
354,Control,0,201.85479746298373,3,Tablet
355,Control,0,160.92444726776216,2,Mobile
356,Control,0,195.00944354425388,4,Mobile
357,Control,0,209.17173264046815,4,Tablet
358,Control,0,179.59295839000933,6,Desktop
359,Control,1,85.7937233749127,4,Desktop
360,Control,0,203.23089929819923,2,Desktop
361,Control,0,205.05088125455015,3,Tablet
362,Control,0,147.5904588008627,4,Mobile
363,Control,0,114.35871301601172,3,Desktop
364,Control,0,266.1733532777181,3,Desktop
365,Control,1,212.0295030991921,4,Desktop
366,Control,0,172.40054329930598,1,Desktop
367,Control,1,122.46319142688819,1,Desktop
368,Control,1,139.800184436826,3,Tablet
369,Control,0,256.6424718232427,2,Desktop
370,Control,0,192.57140674774254,3,Desktop
371,Control,0,154.71771131496115,2,Desktop
372,Control,0,213.0329077173561,3,Mobile
373,Control,0,140.2080996904522,3,Mobile
374,Control,0,267.5463666654208,1,Desktop
375,Control,0,259.4040294193199,1,Mobile
376,Control,0,159.33842608384728,2,Mobile
377,Control,0,150.42313641330267,4,Tablet
378,Control,0,41.002674071924616,3,Desktop
379,Control,0,103.51305756467475,1,Desktop
380,Control,0,111.32916237732341,5,Tablet
381,Control,0,192.4354687543062,3,Mobile
382,Control,0,167.05714625572523,3,Mobile
383,Control,0,111.00654819216172,2,Mobile
384,Control,0,169.53597766444935,3,Mobile
385,Control,0,212.79354312060417,1,Mobile
386,Control,0,214.0311642453573,5,Desktop
387,Control,0,80.51813455276154,5,Mobile
388,Control,0,177.9455085733893,1,Mobile
389,Control,0,108.91625726656143,1,Desktop
390,Control,0,234.59507834271506,2,Desktop
391,Control,1,228.12805289944242,3,Desktop
392,Control,0,135.6085025521548,3,Mobile
393,Control,0,142.867513867978,6,Mobile
394,Control,0,159.6303122225931,4,Mobile
395,Control,0,61.09636328977635,2,Mobile
396,Control,1,203.4782495392317,4,Desktop
397,Control,0,169.9935499512928,4,Mobile
398,Control,0,238.35962954123227,3,Desktop
399,Control,0,124.58749301205961,5,Mobile
400,Control,0,150.94823784625376,3,Desktop
401,Control,0,102.14111080784866,3,Desktop
402,Control,1,129.76401900781607,7,Desktop
403,Control,0,119.99099021624795,3,Desktop
404,Control,0,239.77855233655453,3,Mobile
405,Control,0,146.5955983186734,6,Desktop
406,Control,0,191.82966266095374,3,Desktop
407,Control,0,164.05801278760077,3,Tablet
408,Control,0,115.17941036929528,3,Desktop
409,Control,1,175.74347672555965,1,Tablet
410,Control,0,217.9506832524977,3,Tablet
411,Control,0,118.57323341011562,3,Desktop
412,Control,1,229.50120349022583,1,Desktop
413,Control,1,138.2653493187267,5,Mobile
414,Control,0,158.43588406599375,2,Mobile
415,Control,0,214.18757176555263,9,Desktop
416,Control,0,148.51101135292816,5,Desktop
417,Control,0,187.0666172634726,3,Mobile
418,Control,0,167.69200441665492,2,Desktop
419,Control,0,192.11524036871,2,Desktop
420,Control,0,54.05934919620765,6,Tablet
421,Control,0,84.36750016355543,4,Tablet
422,Control,0,218.8781853325761,3,Desktop
423,Control,0,242.04497731069776,5,Desktop
424,Control,0,134.92323130576634,3,Mobile
425,Control,0,171.5784406305876,2,Desktop
426,Control,0,201.2095589096266,4,Desktop
427,Control,0,223.12696809122872,3,Mobile
428,Control,0,73.47775005810333,5,Tablet
429,Control,0,136.26778641618927,5,Desktop
430,Control,0,166.70813410825687,3,Mobile
431,Control,0,223.6727108479827,1,Desktop
432,Control,0,322.4136766046822,3,Desktop
433,Control,0,172.45968502546552,2,Desktop
434,Control,0,107.61623958428062,5,Desktop
435,Control,0,207.1247442460714,3,Mobile
436,Control,0,257.654768424739,1,Mobile
437,Control,0,190.94077665387255,6,Desktop
438,Control,0,135.1343300165139,9,Desktop
439,Control,0,237.68966678140106,7,Desktop
440,Control,0,221.4950090174139,3,Mobile
441,Control,0,128.56555356924065,5,Desktop
442,Control,1,205.97840896438882,2,Desktop
443,Control,0,239.849606221238,6,Desktop
444,Control,0,250.00395234073915,2,Desktop
445,Control,0,181.34530635797992,2,Desktop
446,Control,1,165.30563046013745,3,Desktop
447,Control,1,252.50006021446944,7,Mobile
448,Control,0,118.44117233605132,4,Tablet
449,Control,0,209.1218610006553,3,Desktop
450,Control,0,109.64853549495639,1,Desktop
451,Control,0,243.59569497427816,6,Desktop
452,Control,0,170.8074966413861,2,Tablet
453,Control,0,254.77207796061083,4,Desktop
454,Control,1,212.02770159955398,2,Mobile
455,Control,0,117.72288734659385,6,Desktop
456,Control,0,263.35452526424837,3,Desktop
457,Control,0,270.31848965352515,6,Desktop
458,Control,0,233.52575709295687,3,Desktop
459,Control,0,143.1126674230079,6,Desktop
460,Control,0,168.1692325103425,5,Desktop
461,Control,0,192.99849695731677,2,Desktop
462,Control,0,146.29592803677116,2,Mobile
463,Control,0,278.07906148547625,4,Mobile
464,Control,0,192.937955944932,6,Mobile
465,Control,1,36.315857409095344,2,Desktop
466,Control,0,203.66456970159211,4,Desktop
467,Control,0,165.8513431750478,4,Mobile
468,Control,0,180.87903941348537,1,Desktop
469,Control,0,164.72593488178651,4,Tablet
470,Control,1,229.3875529133678,2,Mobile
471,Control,0,246.58282782043597,3,Desktop
472,Control,1,200.56792392422597,4,Mobile
473,Control,0,166.33788470740126,1,Mobile
474,Control,0,182.72645373549562,1,Mobile
475,Control,0,186.07797891176955,1,Mobile
476,Control,1,140.86634780743398,5,Desktop
477,Control,0,216.8410756714179,4,Mobile
478,Control,0,210.30232781232564,3,Mobile
479,Control,1,269.72426818771703,1,Mobile
480,Control,0,254.04423791586612,1,Mobile
481,Control,0,147.28787953254283,2,Desktop
482,Control,0,230.11641059799305,4,Desktop
483,Control,0,132.69756392980406,2,Tablet
484,Control,0,223.27626555174675,5,Desktop
485,Control,0,156.58621906819405,4,Desktop
486,Control,1,128.72107271434285,3,Desktop
487,Control,0,200.40249384835724,1,Desktop
488,Control,0,37.89880795152226,8,Desktop
489,Control,1,88.69634340771246,2,Desktop
490,Control,0,175.23794639241441,4,Desktop
491,Control,0,189.53429716491632,4,Mobile
492,Control,0,164.6874676412996,4,Desktop
493,Control,0,98.13100357053207,2,Mobile
494,Control,0,140.0159486823822,3,Desktop
495,Control,0,206.51651299805667,3,Mobile
496,Control,0,216.99799738455994,5,Mobile
497,Control,0,184.10772853222323,1,Desktop
498,Control,0,248.62585795703438,5,Desktop
499,Control,1,206.8568362902579,3,Mobile
500,Control,1,143.88993903229834,1,Mobile
501,Control,0,169.57238706236103,4,Tablet
502,Control,0,107.842361353568,6,Desktop
503,Control,0,179.05235552847208,2,Tablet
504,Control,0,246.1655340571736,4,Desktop
505,Control,0,222.69095465910323,4,Desktop
506,Control,0,262.1105129255517,3,Desktop
507,Control,1,168.3413115910554,1,Desktop
508,Control,0,259.03548869828415,5,Mobile
509,Control,1,174.36826754536165,1,Tablet
510,Control,0,265.93717954134416,6,Tablet
511,Control,0,183.7978788906832,1,Mobile
512,Control,0,223.89772555923523,1,Desktop
513,Control,1,266.13118003704204,3,Tablet
514,Control,0,174.3614804280337,5,Mobile
515,Control,0,197.0113943149296,3,Tablet
516,Control,0,255.8874883863466,4,Tablet
517,Control,0,177.6848259838465,4,Desktop
518,Control,0,112.35092446216115,2,Desktop
519,Control,1,302.86538800217005,4,Desktop
520,Control,0,159.16295446145747,4,Mobile
521,Control,0,193.73158280156485,3,Mobile
522,Control,0,248.58036681981199,7,Mobile
523,Control,1,151.5328352947839,1,Desktop
524,Control,0,129.56726477278283,4,Desktop
525,Control,0,198.95555132261583,5,Tablet
526,Control,0,86.38079811481857,3,Desktop
527,Control,0,169.16516577226437,1,Mobile
528,Control,0,198.47712653734732,5,Tablet
529,Control,0,170.15264567461597,4,Mobile
530,Control,0,100.1101981247839,1,Mobile
531,Control,0,272.6797875912207,1,Desktop
532,Control,1,190.69459846720466,4,Mobile
533,Control,1,263.71336647689577,4,Desktop
534,Control,0,170.69800624007553,4,Mobile
535,Control,0,136.59934100700798,2,Desktop
536,Control,1,199.8049506140338,1,Mobile
537,Control,0,173.13170805194792,2,Tablet
538,Control,0,120.22311981047531,4,Tablet
539,Control,0,265.83813423331225,3,Desktop
540,Control,0,150.77513774083022,1,Desktop
541,Control,1,83.78534883624373,5,Desktop
542,Control,0,258.0491329676533,5,Desktop
543,Control,0,157.26360913030572,3,Desktop
544,Control,0,151.56968590614065,7,Mobile
545,Control,0,87.90368271335143,1,Desktop
546,Control,0,280.7517817628345,4,Desktop
547,Control,0,114.07856770346719,5,Mobile
548,Control,0,188.21472143881076,2,Desktop
549,Control,0,235.19411773972422,4,Desktop
550,Control,0,208.19443131517033,5,Desktop
551,Control,0,181.71901284042946,2,Mobile
552,Control,0,91.4083777941921,1,Mobile
553,Control,0,140.46513403279937,3,Desktop
554,Control,0,195.3290185923387,3,Desktop
555,Control,0,141.7054261507152,1,Desktop
556,Control,0,196.1847702999322,5,Desktop
557,Control,0,222.4958874848328,2,Desktop
558,Control,0,237.93765871900558,4,Mobile
559,Control,0,117.56013532030241,5,Desktop
560,Control,0,305.8155330238425,5,Desktop
561,Control,0,227.2113639504772,5,Desktop
562,Control,0,184.90572154820148,5,Desktop
563,Control,0,244.92451206921524,3,Desktop
564,Control,0,315.0974274599986,2,Desktop
565,Control,0,105.87039444187218,6,Desktop
566,Control,0,172.61055466297555,1,Tablet
567,Control,0,54.18625870696695,1,Tablet
568,Control,0,195.59583429564137,2,Mobile
569,Control,1,205.09668330588275,1,Desktop
570,Control,0,182.84608365064824,2,Desktop
571,Control,0,149.00065359509296,9,Mobile
572,Control,0,72.27670160964212,4,Desktop
573,Control,0,205.54435258764727,2,Desktop
574,Control,0,265.04889661534287,1,Mobile
575,Control,0,152.49398493466123,2,Desktop
576,Control,1,209.20329609627296,5,Desktop
577,Control,0,98.75206276189722,5,Desktop
578,Control,1,210.14671850308827,2,Mobile
579,Control,0,163.36397362404387,4,Mobile
580,Control,0,143.0670127168397,1,Mobile
581,Control,0,143.17999973311282,1,Desktop
582,Control,1,163.35136298818446,1,Mobile
583,Control,0,206.03383236308946,5,Tablet
584,Control,0,112.83102393424652,2,Mobile
585,Control,0,163.15865676376808,5,Desktop
586,Control,0,182.71905221004687,3,Mobile
587,Control,0,124.55284265074775,5,Mobile
588,Control,0,283.81658609212593,4,Mobile
589,Control,0,138.0577485966262,3,Mobile
590,Control,0,148.18096975015803,4,Mobile
591,Control,0,131.1930627597626,2,Mobile
592,Control,0,283.9164047925965,5,Desktop
593,Control,0,215.40978757297148,4,Desktop
594,Control,0,133.4874396565997,3,Desktop
595,Control,0,245.84273573729828,2,Desktop
596,Control,0,196.0384281858883,4,Mobile
597,Control,0,199.1489381611326,5,Desktop
598,Control,0,166.0537535186151,1,Desktop
599,Control,0,143.78212071736647,5,Desktop
600,Control,0,203.57713544800308,5,Desktop
601,Control,0,155.02020235024253,2,Mobile
602,Control,0,284.92155962663077,2,Mobile
603,Control,0,115.18898921162928,2,Mobile
604,Control,0,269.488622507022,3,Desktop
605,Control,0,178.87746331612095,3,Desktop
606,Control,0,201.44971537116083,3,Tablet
607,Control,0,230.8236771646189,2,Desktop
608,Control,0,150.336288774756,5,Mobile
609,Control,0,232.533661158425,3,Mobile
610,Control,0,36.08508795403526,2,Desktop
611,Control,0,145.40057567279334,1,Desktop
612,Control,0,134.1765455962414,3,Desktop
613,Control,0,116.05716931955311,2,Tablet
614,Control,0,173.17748390565768,2,Desktop
615,Control,0,206.2162482499932,3,Desktop
616,Control,1,223.64629991746182,2,Desktop
617,Control,0,198.24822164602242,3,Desktop
618,Control,0,148.38685943085494,5,Mobile
619,Control,0,205.2959040803842,3,Desktop
620,Control,0,191.8357132167968,5,Desktop
621,Control,0,236.4830892364809,4,Desktop
622,Control,0,227.73151866123342,4,Desktop
623,Control,0,186.6762027656346,5,Desktop
624,Control,0,135.65108466113088,2,Desktop
625,Control,0,149.08774142923556,1,Mobile
626,Control,0,154.76158521990817,5,Desktop
627,Control,0,167.66035163460595,5,Desktop
628,Control,0,199.74277351743643,2,Desktop
629,Control,0,224.33459145704322,2,Mobile
630,Control,0,182.18847188415424,8,Mobile
631,Control,0,185.886863334526,3,Tablet
632,Control,0,192.8818467750002,6,Desktop
633,Control,0,156.6252077777213,2,Desktop
634,Control,0,134.10342582963742,2,Desktop
635,Control,0,88.45091564791096,2,Desktop
636,Control,0,146.76678530577203,1,Mobile
637,Control,0,211.0229999297283,3,Mobile
638,Control,0,146.33987090782378,3,Desktop
639,Control,0,171.92061294157332,5,Mobile
640,Control,0,210.65372080767742,1,Mobile
641,Control,0,213.63792230324677,2,Mobile
642,Control,0,125.62569313086786,3,Desktop
643,Control,0,239.83826460495027,5,Desktop
644,Control,0,247.0042549145517,5,Desktop
645,Control,0,122.85825785297922,1,Desktop
646,Control,0,139.68897216973653,3,Desktop
647,Control,0,250.50998757304052,3,Mobile
648,Control,0,176.92305633095845,4,Desktop
649,Control,0,62.9122128901482,2,Mobile
650,Control,0,108.01751723970226,1,Mobile
651,Control,0,171.28467061551353,5,Desktop
652,Control,0,121.0326542343469,3,Desktop
653,Control,0,162.26169261499572,3,Mobile
654,Control,0,186.78179175259683,4,Mobile
655,Control,0,265.4240032219101,1,Tablet
656,Control,0,169.0250346074716,4,Mobile
657,Control,0,243.98979897650173,7,Mobile
658,Control,0,263.5818089120224,1,Mobile
659,Control,0,263.88703181436415,6,Desktop
660,Control,0,200.66150263620625,1,Mobile
661,Control,0,77.01909686885642,3,Tablet
662,Control,1,210.3453675972126,5,Desktop
663,Control,0,242.66199382974474,3,Desktop
664,Control,0,180.54130920105206,4,Desktop
665,Control,0,280.95211285413865,3,Tablet
666,Control,0,232.29084588071018,5,Desktop
667,Control,0,216.25503574340314,2,Mobile
668,Control,0,244.7509391163211,4,Mobile
669,Control,0,203.3353418193483,4,Mobile
670,Control,0,47.895422533255555,1,Mobile
671,Control,0,157.5473576691299,3,Tablet
672,Control,0,250.84424149863196,4,Desktop
673,Control,0,140.58247629459373,6,Desktop
674,Control,0,172.70901221196834,3,Desktop
675,Control,0,127.53400273533109,3,Desktop
676,Control,1,283.1157427360973,3,Desktop
677,Control,0,277.48208515799087,3,Desktop
678,Control,0,136.3872107672599,3,Mobile
679,Control,1,193.10139002139962,5,Desktop
680,Control,0,147.57282737297737,3,Mobile
681,Control,0,218.8219551467258,3,Desktop
682,Control,0,213.0325692483281,3,Desktop
683,Control,0,229.6438064387296,3,Desktop
684,Control,0,203.2555146239338,5,Desktop
685,Control,1,346.4473413513657,3,Desktop
686,Control,0,128.46419292440936,4,Desktop
687,Control,0,90.91681550599172,6,Mobile
688,Control,0,163.38003896141961,4,Desktop
689,Control,0,98.76064539418529,3,Desktop
690,Control,0,102.9145751496704,2,Desktop
691,Control,0,129.9276940191118,6,Mobile
692,Control,0,134.27961020126048,4,Desktop
693,Control,0,132.4960043927467,5,Desktop
694,Control,0,213.50204227449763,1,Desktop
695,Control,0,157.1596016403065,2,Mobile
696,Control,0,175.1266983820136,2,Desktop
697,Control,0,234.18280259755142,6,Desktop
698,Control,0,142.85226113702157,5,Mobile
699,Control,0,170.4499755712403,4,Mobile
700,Control,0,205.11679923511036,7,Desktop
701,Control,0,78.21377096588783,3,Desktop
702,Control,0,53.83019700771797,1,Tablet
703,Control,0,204.03645308387476,6,Desktop
704,Control,0,212.06078543117943,2,Desktop
705,Control,0,298.5321074168826,2,Desktop
706,Control,1,193.69521817267454,3,Mobile
707,Control,0,230.0856844491952,5,Desktop
708,Control,0,174.24900460277144,3,Desktop
709,Control,0,201.34749718717975,4,Desktop
710,Control,0,276.69912629622434,1,Desktop
711,Control,0,68.18039500309004,2,Tablet
712,Control,0,207.74889416644243,3,Desktop
713,Control,0,302.4572701542551,1,Desktop
714,Control,0,200.51188205651383,1,Desktop
715,Control,0,275.78151297780664,4,Mobile
716,Control,1,150.39333177588065,3,Desktop
717,Control,0,183.23738782099576,5,Mobile
718,Control,1,186.8438586313723,2,Desktop
719,Control,0,63.03249063526761,4,Mobile
720,Control,0,120.750219468239,3,Desktop
721,Control,1,124.67187063388076,1,Desktop
722,Control,0,230.213634291789,3,Desktop
723,Control,0,232.96842081262304,2,Desktop
724,Control,0,202.82200434885934,5,Mobile
725,Control,0,230.32565932706382,5,Desktop
726,Control,0,175.97178230030244,6,Tablet
727,Control,0,251.1062418246749,3,Desktop
728,Control,0,185.48336434476394,2,Desktop
729,Control,0,188.1825226084716,1,Desktop
730,Control,0,170.39240517056737,2,Desktop
731,Control,0,222.64477627000355,1,Desktop
732,Control,0,161.83406508628977,3,Desktop
733,Control,0,238.70372574589373,4,Mobile
734,Control,0,122.73179726061963,5,Mobile
735,Control,0,124.55960598994935,1,Desktop
736,Control,0,222.80847153195774,1,Mobile
737,Control,0,180.1300681979343,5,Desktop
738,Control,0,160.03597211157793,2,Mobile
739,Control,0,233.95317528615027,1,Desktop
740,Control,0,151.60062222526534,8,Desktop
741,Control,0,173.98893101347966,2,Mobile
742,Control,0,261.95753725391376,5,Desktop
743,Control,0,269.65282901958574,3,Mobile
744,Control,0,271.481901564868,2,Mobile
745,Control,0,169.4830822686349,8,Mobile
746,Control,0,252.68865977414586,3,Mobile
747,Control,0,132.8075944727227,4,Desktop
748,Control,0,135.12034189028665,4,Mobile
749,Control,1,55.724928105660155,4,Desktop
750,Control,0,277.0077511044191,8,Mobile
751,Control,0,137.4811083008157,4,Desktop
752,Control,1,178.0407081139117,2,Desktop
753,Control,0,134.93216119394438,1,Mobile
754,Control,0,223.23408865815773,2,Mobile
755,Control,0,164.34014866054628,1,Tablet
756,Control,0,113.23507102618778,4,Desktop
757,Control,0,209.29144103023333,3,Desktop
758,Control,0,106.14484863543743,2,Tablet
759,Control,0,138.94268510764797,2,Desktop
760,Control,0,69.12109869556555,6,Mobile
761,Control,0,106.68230382913163,4,Mobile
762,Control,0,194.81910433462627,2,Mobile
763,Control,0,76.95051790433915,1,Mobile
764,Control,0,103.53698514580564,3,Mobile
765,Control,0,184.86970961269554,3,Desktop
766,Control,0,155.1016207148821,7,Tablet
767,Control,0,294.562014977762,5,Desktop
768,Control,0,285.86431003134066,8,Desktop
769,Control,0,137.26426454868655,3,Desktop
770,Control,0,215.6425690121915,2,Mobile
771,Control,0,226.2105406283698,5,Mobile
772,Control,0,152.1386628086578,1,Desktop
773,Control,0,102.74521549259879,6,Mobile
774,Control,0,184.32358528805682,3,Mobile
775,Control,0,175.49348788522389,1,Mobile
776,Control,0,161.03295266661596,3,Desktop
777,Control,0,209.32742774904668,5,Mobile
778,Control,0,143.70987161469208,4,Mobile
779,Control,0,121.64013488314714,3,Tablet
780,Control,0,190.99956336924075,4,Desktop
781,Control,0,206.22835509128817,3,Desktop
782,Control,0,120.28452808549709,4,Desktop
783,Control,0,236.04498360450947,2,Desktop
784,Control,0,87.6235374223157,7,Desktop
785,Control,0,153.2037597706396,3,Desktop
786,Control,1,170.8095305091315,4,Mobile
787,Control,0,150.00769580414385,6,Desktop
788,Control,0,153.92167395468442,4,Desktop
789,Control,0,287.90909652694626,2,Desktop
790,Control,1,138.20137510286057,6,Desktop
791,Control,0,319.2671947359553,2,Mobile
792,Control,0,209.04197288520785,3,Desktop
793,Control,0,190.06303255215957,3,Mobile
794,Control,0,211.1932194363216,4,Desktop
795,Control,0,324.1460262088574,6,Mobile
796,Control,0,130.35238478377036,4,Desktop
797,Control,1,123.37701445849859,7,Desktop
798,Control,0,143.48235918854434,2,Mobile
799,Control,0,186.76787308305086,1,Desktop
800,Control,1,90.08258813530847,6,Desktop
801,Control,0,186.22865816252343,3,Mobile
802,Control,0,278.145092337752,4,Desktop
803,Control,0,193.32740648436277,2,Mobile
804,Control,0,168.90229975635978,1,Desktop
805,Control,0,151.00117532240048,4,Desktop
806,Control,0,234.41814375033604,5,Desktop
807,Control,1,139.57919747190738,5,Desktop
808,Control,1,286.55177563295865,2,Desktop
809,Control,0,291.3347861242896,2,Desktop
810,Control,0,199.12129392639832,3,Mobile
811,Control,1,184.36667015578453,7,Mobile
812,Control,0,241.68628945328578,3,Mobile
813,Control,0,245.2139176225029,5,Desktop
814,Control,1,140.67045479173214,6,Desktop
815,Control,0,156.03946767748138,1,Desktop
816,Control,0,112.27089109241875,1,Desktop
817,Control,0,207.49857160837314,4,Mobile
818,Control,0,221.664533590129,1,Mobile
819,Control,0,110.75408991762998,1,Desktop
820,Control,0,159.96406023511125,8,Desktop
821,Control,0,110.9010345330258,5,Tablet
822,Control,0,135.56601043658893,5,Desktop
823,Control,0,215.30593831244647,5,Tablet
824,Control,0,144.65848633269462,6,Mobile
825,Control,0,168.45457241822356,3,Desktop
826,Control,1,95.49785496289765,5,Desktop
827,Control,0,195.28446153485655,4,Tablet
828,Control,0,182.5649674085443,3,Mobile
829,Control,0,144.9072412481761,1,Desktop
830,Control,0,174.60421362746393,3,Desktop
831,Control,0,194.91621842768944,5,Mobile
832,Control,0,140.18225180998607,3,Desktop
833,Control,0,103.80556007990214,1,Desktop
834,Control,0,284.30659379777484,3,Desktop
835,Control,0,150.170001240935,2,Desktop
836,Control,0,179.6781943247211,3,Desktop
837,Control,1,240.59618542611724,5,Desktop
838,Control,0,379.09803531637664,3,Desktop
839,Control,0,116.55324525611239,2,Desktop
840,Control,0,209.74049675495803,2,Tablet
841,Control,0,146.08462430882415,2,Mobile
842,Control,0,155.36653324828092,9,Desktop
843,Control,0,145.38833884462656,3,Mobile
844,Control,1,123.08897677096783,6,Desktop
845,Control,0,182.72897510184362,3,Mobile
846,Control,0,103.90235221234704,4,Desktop
847,Control,0,237.07441615815287,1,Desktop
848,Control,1,188.0251614818356,1,Tablet
849,Control,0,208.2339235095792,1,Mobile
850,Control,0,159.35962634295774,2,Desktop
851,Control,0,164.80378361835383,5,Tablet
852,Control,0,200.81601478420305,3,Mobile
853,Control,0,120.9772152176796,3,Tablet
854,Control,0,165.31052610726653,2,Desktop
855,Control,0,137.72125673668504,2,Tablet
856,Control,0,136.0187154174942,2,Desktop
857,Control,0,68.95889676558971,2,Mobile
858,Control,0,258.6629624214,3,Desktop
859,Control,0,147.24036857654272,2,Desktop
860,Control,0,248.98568303399526,2,Desktop
861,Control,0,243.78357767668606,3,Desktop
862,Control,0,114.27001614159285,3,Desktop
863,Control,0,125.13738203799349,5,Desktop
864,Control,0,325.8276627645626,2,Tablet
865,Control,0,281.3009268059929,3,Mobile
866,Control,0,183.26648176695429,3,Desktop
867,Control,0,199.15552085295423,2,Mobile
868,Control,0,150.30344783790463,6,Mobile
869,Control,0,208.7793992810187,5,Desktop
870,Control,1,145.55499546026408,3,Mobile
871,Control,0,73.22054296358884,1,Mobile
872,Control,0,112.3144317418922,3,Desktop
873,Control,0,186.1601011317823,5,Desktop
874,Control,0,122.79130204735768,1,Desktop
875,Control,0,181.2997394297556,2,Mobile
876,Control,0,125.89364283119252,3,Desktop
877,Control,0,141.97053426239034,2,Mobile
878,Control,0,231.92409185272555,2,Desktop
879,Control,0,198.61143012020577,1,Mobile
880,Control,0,184.4684568277659,3,Tablet
881,Control,0,233.34301851888583,4,Mobile
882,Control,0,211.4334726341041,3,Mobile
883,Control,0,264.5609810188252,4,Desktop
884,Control,0,159.7077405726673,3,Mobile
885,Control,0,161.370076180987,5,Mobile
886,Control,0,113.43899034847601,8,Mobile
887,Control,0,161.40606054451692,3,Mobile
888,Control,0,238.0623441866345,2,Desktop
889,Control,0,256.4993054744174,5,Mobile
890,Control,0,237.81678424476672,3,Desktop
891,Control,0,86.31944733978101,1,Desktop
892,Control,0,244.5729866963404,4,Desktop
893,Control,0,83.88147572003611,1,Desktop
894,Control,0,234.3964528267291,1,Mobile
895,Control,0,164.77185103859196,2,Mobile
896,Control,0,223.63933226636206,1,Mobile
897,Control,0,111.71534086579888,3,Tablet
898,Control,0,249.41421979883808,5,Mobile
899,Control,0,104.42638896423111,4,Tablet
900,Control,0,148.2349799030752,3,Mobile
901,Control,0,130.10479547270307,3,Desktop
902,Control,0,88.51433309476255,4,Desktop
903,Control,0,190.19901621736577,3,Mobile
904,Control,0,284.3349014810329,3,Mobile
905,Control,0,331.6797872276005,3,Mobile
906,Control,0,190.34356828974362,3,Mobile
907,Control,0,246.41747012871372,5,Mobile
908,Control,0,197.76520508606956,6,Desktop
909,Control,0,212.4385757122517,3,Mobile
910,Control,0,166.18182418800185,2,Mobile
911,Control,0,195.72923089824312,4,Desktop
912,Control,0,214.56132875335356,5,Tablet
913,Control,0,153.1847149118018,4,Mobile
914,Control,0,180.73781350588567,1,Desktop
915,Control,0,181.78634345513814,1,Desktop
916,Control,0,230.45218245317886,3,Mobile
917,Control,0,126.36823056047757,6,Desktop
918,Control,1,182.16517852657915,3,Desktop
919,Control,0,290.16030079789834,3,Desktop
920,Control,0,249.02330839222657,4,Mobile
921,Control,0,259.2048476888788,5,Mobile
922,Control,0,186.3437512097919,2,Desktop
923,Control,0,202.65486600273127,2,Mobile
924,Control,0,240.1229891686609,4,Tablet
925,Control,0,270.8140541242012,2,Mobile
926,Control,0,77.66183979144124,3,Desktop
927,Control,0,112.65072811225849,3,Mobile
928,Control,0,257.0194255771456,5,Desktop
929,Control,0,169.7710854327158,4,Desktop
930,Control,0,148.05535659080576,6,Desktop
931,Control,0,116.02114571524179,4,Desktop
932,Control,0,154.47408141507398,1,Desktop
933,Control,1,107.86968941168963,4,Mobile
934,Control,0,300.01018500028624,3,Desktop
935,Control,0,183.76601714106846,2,Mobile
936,Control,0,181.81272020305053,5,Mobile
937,Control,0,217.34421713423075,3,Desktop
938,Control,1,237.92898430966133,2,Mobile
939,Control,0,237.02384861050515,5,Desktop
940,Control,0,244.04920691491645,4,Mobile
941,Control,0,150.3034947065029,2,Desktop
942,Control,0,168.61732572737264,4,Mobile
943,Control,0,227.29674104932514,5,Desktop
944,Control,0,155.9936016098209,3,Desktop
945,Control,0,184.71913523850262,3,Desktop
946,Control,0,206.9320070433648,3,Mobile
947,Control,0,228.1851795270707,2,Mobile
948,Control,1,87.22754706963893,4,Tablet
949,Control,0,224.31101074389198,1,Mobile
950,Control,0,172.1451768181551,4,Mobile
951,Control,0,223.91017409754096,4,Mobile
952,Control,0,227.7312430795156,2,Desktop
953,Control,0,273.4353283615537,1,Tablet
954,Control,1,259.43995061916615,5,Desktop
955,Control,0,259.0614414435663,2,Desktop
956,Control,0,264.4018675541431,3,Mobile
957,Control,0,201.02584416487701,1,Desktop
958,Control,0,186.7701797870262,1,Desktop
959,Control,0,233.0049395748084,2,Desktop
960,Control,0,225.26445232881622,2,Tablet
961,Control,0,168.0013569793957,1,Tablet
962,Control,0,207.26528748445475,3,Mobile
963,Control,0,183.0696943268473,4,Mobile
964,Control,0,138.03369003469692,5,Desktop
965,Control,0,255.97534077569924,7,Desktop
966,Control,0,188.03595833915492,3,Desktop
967,Control,0,297.6789541734368,1,Desktop
968,Control,0,95.5979251390092,4,Desktop
969,Control,0,154.37716749361485,1,Desktop
970,Control,0,186.79513601799792,3,Desktop
971,Control,0,247.55596036959028,2,Desktop
972,Control,1,206.97081549312017,1,Desktop
973,Control,0,202.07600147994134,5,Mobile
974,Control,0,123.00049140952191,4,Desktop
975,Control,0,121.36822315237907,1,Desktop
976,Control,0,202.73775631594475,4,Desktop
977,Control,0,109.9741703399903,1,Mobile
978,Control,0,155.7467237340869,10,Mobile
979,Control,0,212.55045309972218,2,Mobile
980,Control,0,130.97216502477733,5,Desktop
981,Control,0,273.29457792989933,4,Desktop
982,Control,0,252.31649893308395,1,Desktop
983,Control,0,98.57190009139347,2,Desktop
984,Control,0,133.7195816249907,6,Mobile
985,Control,0,59.28225155277775,5,Mobile
986,Control,0,141.95747505985267,1,Desktop
987,Control,0,227.15136621148196,2,Mobile
988,Control,0,162.23577817488288,4,Desktop
989,Control,0,210.3438483988782,2,Desktop
990,Control,0,101.27161249450407,3,Desktop
991,Control,0,228.8886390020048,3,Tablet
992,Control,0,154.46899246394076,1,Desktop
993,Control,0,185.66933252555978,3,Mobile
994,Control,0,179.8919024233821,2,Desktop
995,Control,0,115.0648313509244,5,Desktop
996,Control,0,121.58036175431198,5,Desktop
997,Control,1,238.22869579518843,2,Desktop
998,Control,0,206.94456866259327,3,Mobile
999,Control,1,242.75269728543847,2,Mobile
1000,Control,0,202.8562029526385,5,Desktop
1001,Control,0,192.8644849145069,3,Mobile
1002,Control,0,90.06941597332784,3,Desktop
1003,Control,0,170.12983167813567,7,Mobile
1004,Control,0,183.49386237779407,4,Mobile
1005,Control,0,292.42089590499154,3,Desktop
1006,Control,0,222.78261476542724,4,Mobile
1007,Control,0,269.48336499402404,6,Desktop
1008,Control,0,217.86457382421005,6,Desktop
1009,Control,0,145.87832251777863,2,Mobile
1010,Control,0,191.44183188824184,1,Desktop
1011,Control,0,197.9923005445328,3,Desktop
1012,Control,1,133.3464436626125,3,Desktop
1013,Control,1,163.85869428738934,1,Mobile
1014,Control,0,173.68281534775554,3,Desktop
1015,Control,0,273.30909079108153,1,Desktop
1016,Control,1,70.55927110349619,3,Desktop
1017,Control,0,251.32001313938235,6,Desktop
1018,Control,0,133.47626207723394,5,Mobile
1019,Control,1,109.53564470017122,1,Desktop
1020,Control,0,249.89681715211552,4,Mobile
1021,Control,0,225.25439380789095,7,Mobile
1022,Control,0,253.99852863096544,3,Desktop
1023,Control,1,229.03860711500673,4,Desktop
1024,Control,1,298.2914750955571,5,Mobile
1025,Control,1,215.7298110319467,2,Desktop
1026,Control,0,176.39374431322628,1,Mobile
1027,Control,0,203.86095075267383,2,Tablet
1028,Control,0,253.39080205902798,1,Mobile
1029,Control,0,142.13435711069357,2,Tablet
1030,Control,0,149.14612796077404,2,Mobile
1031,Control,0,168.00719919711509,3,Desktop
1032,Control,0,69.24794606790672,2,Desktop
1033,Control,0,192.59431246296506,3,Desktop
1034,Control,0,81.26292128269355,3,Desktop
1035,Control,0,187.91826221129404,6,Desktop
1036,Control,0,232.59093658743873,4,Desktop
1037,Control,0,158.77179466458904,4,Desktop
1038,Control,0,277.2413728602779,1,Desktop
1039,Control,0,104.67245053198317,1,Desktop
1040,Control,0,250.5193374897508,4,Desktop
1041,Control,0,222.13253810238064,3,Mobile
1042,Control,0,90.6181713429121,6,Desktop
1043,Control,0,334.0936864472293,3,Mobile
1044,Control,0,181.49400929728185,2,Mobile
1045,Control,0,136.73837878144025,4,Mobile
1046,Control,0,107.61020428687907,4,Desktop
1047,Control,0,172.89900847871792,4,Mobile
1048,Control,0,177.99262201855223,4,Desktop
1049,Control,0,190.64550406968155,2,Mobile
1050,Control,0,168.62121140768218,1,Desktop
1051,Control,0,219.82739205633015,4,Mobile
1052,Control,0,163.68035920352145,3,Mobile
1053,Control,1,78.57697355177409,4,Mobile
1054,Control,0,176.78511773926974,6,Mobile
1055,Control,1,54.78872906446969,2,Desktop
1056,Control,0,204.45738469902642,2,Mobile
1057,Control,0,131.13848733445505,5,Desktop
1058,Control,0,193.98481952036903,4,Desktop
1059,Control,0,257.2741239838532,5,Desktop
1060,Control,0,132.81882176026,1,Desktop
1061,Control,0,243.36909421816648,8,Desktop
1062,Control,1,161.16357383226156,5,Mobile
1063,Control,0,281.4257141136072,5,Mobile
1064,Control,0,164.91660627409826,8,Desktop
1065,Control,0,138.77288579713198,3,Desktop
1066,Control,0,222.79811477174087,3,Mobile
1067,Control,0,161.03156487070004,5,Mobile
1068,Control,0,138.72027672290454,3,Desktop
1069,Control,0,158.7188082112915,5,Desktop
1070,Control,0,182.54664072993492,1,Mobile
1071,Control,0,258.81990721846694,6,Desktop
1072,Control,0,78.62517399972326,4,Desktop
1073,Control,0,186.26943624227314,5,Tablet
1074,Control,0,219.36969770597236,4,Desktop
1075,Control,1,195.63967162454878,2,Mobile
1076,Control,0,257.0425843188444,3,Desktop
1077,Control,0,180.91100686328116,5,Desktop
1078,Control,0,174.84967067977303,5,Desktop
1079,Control,0,217.5781250857339,2,Desktop
1080,Control,1,190.46225982232423,2,Mobile
1081,Control,0,163.52751939457409,5,Desktop
1082,Control,0,213.38792217725089,4,Mobile
1083,Control,0,149.11094387308452,4,Desktop
1084,Control,0,151.385256638937,4,Desktop
1085,Control,1,155.96032880289124,2,Mobile
1086,Control,0,259.4188038091524,5,Desktop
1087,Control,0,7.8441004207857645,4,Desktop
1088,Control,0,206.75793591196182,5,Desktop
1089,Control,1,186.8849497810122,5,Desktop
1090,Control,0,92.55212474190338,3,Desktop
1091,Control,1,202.0349728524801,3,Mobile
1092,Control,0,211.16635955073426,1,Mobile
1093,Control,0,217.430157724657,3,Mobile
1094,Control,0,39.14945653252781,10,Mobile
1095,Control,0,260.1514176519941,4,Tablet
1096,Control,0,144.42448124233374,4,Mobile
1097,Control,0,222.7612260714247,3,Desktop
1098,Control,0,225.75905793752574,1,Mobile
1099,Control,0,136.78166029093887,4,Desktop
1100,Control,0,221.32529737933527,5,Desktop
1101,Control,0,163.7978717498203,4,Desktop
1102,Control,1,71.07425513640135,6,Tablet
1103,Control,0,249.22580590402785,2,Tablet
1104,Control,1,142.3725270341068,3,Mobile
1105,Control,1,138.00285954940702,2,Desktop
1106,Control,0,162.83137725798028,2,Desktop
1107,Control,0,199.97301989300635,3,Desktop
1108,Control,0,181.8501274047844,4,Mobile
1109,Control,0,215.14368085889438,5,Mobile
1110,Control,0,111.32808484092376,2,Mobile
1111,Control,0,144.1687496263096,2,Desktop
1112,Control,0,178.62016102231564,2,Desktop
1113,Control,0,289.3838010962288,2,Desktop
1114,Control,0,178.7403103872433,1,Desktop
1115,Control,0,244.68722450138972,2,Desktop
1116,Control,0,187.1205342831375,3,Desktop
1117,Control,0,158.39877494093372,2,Tablet
1118,Control,0,171.43015667370577,3,Mobile
1119,Control,0,175.73691583841153,5,Mobile
1120,Control,0,218.20051564284063,5,Desktop
1121,Control,0,260.6036197167105,2,Desktop
1122,Control,1,204.78244662274767,2,Desktop
1123,Control,0,250.28927233079656,6,Desktop
1124,Control,0,131.9365644303673,4,Mobile
1125,Control,0,162.19532201522833,2,Desktop
1126,Control,0,145.16336061857834,1,Desktop
1127,Control,0,202.2944524981169,3,Desktop
1128,Control,0,165.25728881513226,2,Mobile
1129,Control,0,225.13751153688077,4,Mobile
1130,Control,0,133.79490586021572,5,Mobile
1131,Control,0,187.36670353267047,8,Desktop
1132,Control,0,222.77718510567408,4,Desktop
1133,Control,0,71.40834737276643,6,Mobile
1134,Control,0,301.68972190316117,3,Desktop
1135,Control,0,169.42664633160683,3,Desktop
1136,Control,0,73.62280474781049,5,Desktop
1137,Control,0,193.69516442172323,2,Desktop
1138,Control,0,186.8393907385233,4,Desktop
1139,Control,0,180.49580912351288,4,Mobile
1140,Control,0,239.51551121096665,4,Desktop
1141,Control,0,226.10947342848806,5,Mobile
1142,Control,0,201.38319050631148,5,Mobile
1143,Control,0,209.75855986706563,6,Desktop
1144,Control,0,179.26028528090524,3,Desktop
1145,Control,0,282.65199670820266,2,Mobile
1146,Control,0,103.64421899032284,6,Mobile
1147,Control,0,192.68084208187432,3,Desktop
1148,Control,0,188.5763547153829,7,Mobile
1149,Control,0,229.7304223335526,2,Mobile
1150,Control,0,138.58803674163053,5,Tablet
1151,Control,0,89.09800686819051,4,Mobile
1152,Control,0,193.62526588540064,2,Desktop
1153,Control,0,200.46767707202324,2,Desktop
1154,Control,0,266.92796751962067,1,Desktop
1155,Control,0,115.13008745212026,1,Desktop
1156,Control,0,248.5081571694196,2,Mobile
1157,Control,0,315.2077900214917,3,Tablet
1158,Control,0,164.22293118626376,3,Tablet
1159,Control,0,113.99817792787267,2,Desktop
1160,Control,0,162.6164098494646,3,Desktop
1161,Control,0,185.77027320542595,2,Mobile
1162,Control,0,216.00833312538032,6,Desktop
1163,Control,0,152.47328985890738,1,Desktop
1164,Control,0,270.5359193781038,3,Mobile
1165,Control,0,123.7007226745566,1,Mobile
1166,Control,0,89.343716630496,4,Mobile
1167,Control,0,245.86907333580245,1,Desktop
1168,Control,0,59.89584328365902,1,Mobile
1169,Control,0,173.7728627120006,7,Mobile
1170,Control,0,356.4724621064426,3,Desktop
1171,Control,0,184.33760458720377,5,Mobile
1172,Control,1,123.35777921170627,7,Desktop
1173,Control,0,181.84313949172633,4,Mobile
1174,Control,0,182.20595662592567,7,Mobile
1175,Control,0,193.83574671942142,3,Desktop
1176,Control,0,221.42446401877908,3,Mobile
1177,Control,0,127.84888573977435,1,Desktop
1178,Control,0,277.8151430380236,8,Mobile
1179,Control,0,198.48128564049398,7,Mobile
1180,Control,0,224.9736725520992,1,Mobile
1181,Control,1,150.45178301343967,5,Tablet
1182,Control,0,255.75101753475434,5,Desktop
1183,Control,0,170.86211751528145,5,Desktop
1184,Control,1,200.26538824214424,1,Mobile
1185,Control,0,133.679165754709,2,Mobile
1186,Control,1,130.16876054788304,5,Mobile
1187,Control,0,222.85129185490854,7,Desktop
1188,Control,0,160.60162433859378,7,Mobile
1189,Control,0,138.03973018725927,3,Mobile
1190,Control,0,149.62491618851334,4,Mobile
1191,Control,0,223.44241894445815,6,Mobile
1192,Control,0,150.4029176338014,2,Desktop
1193,Control,0,178.52897876188098,1,Desktop
1194,Control,0,185.82652626579033,1,Desktop
1195,Control,0,79.54581126943356,4,Desktop
1196,Control,0,104.08804770445651,3,Desktop
1197,Control,1,203.49528390861593,3,Tablet
1198,Control,1,144.46338513660166,4,Mobile
1199,Control,0,243.119870120423,5,Mobile
1200,Control,0,238.17439073377994,1,Tablet
1201,Control,0,224.55427664954905,8,Desktop
1202,Control,0,285.08744830219285,6,Desktop
1203,Control,0,180.43008697412492,1,Desktop
1204,Control,0,220.68850592471114,3,Mobile
1205,Control,0,152.85794628721828,4,Desktop
1206,Control,0,319.8803452077798,1,Mobile
1207,Control,0,294.09985088398105,4,Desktop
1208,Control,0,185.65342389847856,7,Desktop
1209,Control,0,206.26224264478557,1,Desktop
1210,Control,1,259.7613679650643,3,Mobile
1211,Control,0,176.90732723522413,1,Mobile
1212,Control,0,148.88567610601623,4,Tablet
1213,Control,0,233.06943630537853,4,Mobile
1214,Control,0,189.31415853460186,2,Desktop
1215,Control,0,195.06469473048932,6,Mobile
1216,Control,0,139.1150761312619,3,Desktop
1217,Control,0,90.5280318400132,5,Desktop
1218,Control,0,197.98783254335055,5,Mobile
1219,Control,0,234.77291228218098,4,Desktop
1220,Control,0,172.5806288008177,1,Desktop
1221,Control,1,264.00362357573766,7,Desktop
1222,Control,0,146.28460210214504,3,Tablet
1223,Control,0,126.9912549768744,6,Mobile
1224,Control,1,181.30233310421278,2,Desktop
1225,Control,0,180.45740835567904,3,Tablet
1226,Control,0,227.34828022343726,1,Tablet
1227,Control,0,142.37704467648084,1,Mobile
1228,Control,0,260.2451830248194,4,Mobile
1229,Control,1,293.1804329379539,3,Desktop
1230,Control,0,182.8470785167412,1,Desktop
1231,Control,0,253.7340731101375,2,Desktop
1232,Control,0,126.8926611156107,2,Tablet
1233,Control,0,244.13718476500537,2,Mobile
1234,Control,0,242.60020247077045,3,Desktop
1235,Control,0,232.48905041044333,4,Mobile
1236,Control,0,184.14403011213383,8,Mobile
1237,Control,0,22.51630823168827,1,Mobile
1238,Control,0,149.7050070991329,7,Desktop
1239,Control,1,150.5746190273469,1,Mobile
1240,Control,0,131.19597840667376,4,Desktop
1241,Control,0,191.72336525008865,6,Desktop
1242,Control,0,161.9570104963321,1,Mobile
1243,Control,0,139.6463394629238,1,Desktop
1244,Control,0,126.76599184636991,4,Mobile
1245,Control,0,145.6467857983124,7,Desktop
1246,Control,0,246.68245665174607,1,Tablet
1247,Control,0,148.64362199548782,2,Mobile
1248,Control,0,156.67837114617,6,Desktop
1249,Control,1,159.88163117372144,3,Mobile
1250,Control,0,203.6446432595181,2,Desktop
1251,Control,0,210.0937218690693,3,Mobile
1252,Control,0,17.54389034162608,5,Desktop
1253,Control,0,241.18993676051844,6,Desktop
1254,Control,0,264.0002418834065,2,Tablet
1255,Control,0,127.23974044510818,1,Desktop
1256,Control,0,131.5235965395841,2,Mobile
1257,Control,0,160.23606367219506,7,Desktop
1258,Control,0,143.41977892988675,3,Mobile
1259,Control,0,197.31597806706336,4,Desktop
1260,Control,0,77.94110925026247,1,Desktop
1261,Control,0,123.51398155797932,3,Desktop
1262,Control,0,269.6558460096199,1,Desktop
1263,Control,0,133.94790179585902,4,Tablet
1264,Control,0,253.38855529566086,6,Tablet
1265,Control,0,204.5436007574575,10,Mobile
1266,Control,0,85.4902756976458,4,Desktop
1267,Control,0,219.94310573689134,3,Desktop
1268,Control,0,178.52829837939308,1,Mobile
1269,Control,0,159.94931190626428,5,Tablet
1270,Control,0,198.4726401244602,4,Mobile
1271,Control,0,211.10484170617357,4,Desktop
1272,Control,0,223.91755020860407,7,Mobile
1273,Control,0,249.80390661514014,3,Desktop
1274,Control,0,207.44747520280958,4,Mobile
1275,Control,0,109.3401251167501,6,Tablet
1276,Control,0,158.9494998291845,3,Tablet
1277,Control,0,346.8676584397742,4,Desktop
1278,Control,1,224.84700832099503,4,Desktop
1279,Control,0,315.31080154463234,3,Mobile
1280,Control,0,261.7488745209552,1,Desktop
1281,Control,0,198.29911393556617,5,Desktop
1282,Control,0,201.57738883796145,3,Mobile
1283,Control,0,182.98809780677348,3,Desktop
1284,Control,0,89.42074612844253,7,Desktop
1285,Control,0,185.99259888575233,3,Desktop
1286,Control,0,251.58710038982085,2,Tablet
1287,Control,0,152.0198002848338,3,Mobile
1288,Control,0,207.65741494839952,1,Mobile
1289,Control,0,231.83750752412584,1,Desktop
1290,Control,0,134.96757583781385,4,Mobile
1291,Control,0,160.17834246109845,2,Desktop
1292,Control,0,129.01486802375626,2,Mobile
1293,Control,0,139.78089163208261,6,Mobile
1294,Control,0,114.18170939908164,2,Mobile
1295,Control,0,135.47533462420853,4,Desktop
1296,Control,0,263.07006244388117,1,Desktop
1297,Control,0,134.6487634000339,4,Tablet
1298,Control,0,191.95525704833796,1,Tablet
1299,Control,0,157.34221854809743,1,Desktop
1300,Control,0,249.83762653703164,1,Desktop
1301,Control,0,257.11392631319893,1,Desktop
1302,Control,1,232.52384901764208,3,Desktop
1303,Control,0,201.83740042065153,6,Mobile
1304,Control,0,172.29172547375057,5,Mobile
1305,Control,0,119.44689126948126,3,Desktop
1306,Control,0,291.89408846172086,3,Mobile
1307,Control,0,143.21798402360957,4,Desktop
1308,Control,0,221.50054908680627,2,Desktop
1309,Control,0,243.27610649428686,3,Desktop
1310,Control,0,154.45957267020688,5,Desktop
1311,Control,0,242.09068900237793,7,Mobile
1312,Control,0,227.03172618363703,5,Desktop
1313,Control,0,280.0380109459971,3,Mobile
1314,Control,0,159.18594434653087,5,Mobile
1315,Control,0,114.27747904961568,3,Tablet
1316,Control,0,157.1980634505519,4,Tablet
1317,Control,0,196.48694483938826,4,Mobile
1318,Control,0,188.2016999896781,6,Desktop
1319,Control,0,163.36091570489972,1,Desktop
1320,Control,0,79.99413975625164,1,Mobile
1321,Control,0,210.87656478710085,4,Desktop
1322,Control,0,293.478946349521,1,Desktop
1323,Control,0,210.5338180967652,4,Desktop
1324,Control,0,218.50245354794325,5,Desktop
1325,Control,1,216.4844918385306,4,Mobile
1326,Control,0,206.837566843532,6,Mobile
1327,Control,0,236.2416281777452,2,Mobile
1328,Control,0,206.74555246521163,8,Desktop
1329,Control,0,167.80275566906982,6,Desktop
1330,Control,0,141.22060994951852,5,Desktop
1331,Control,0,171.30644895956286,1,Tablet
1332,Control,0,202.27712230478662,2,Desktop
1333,Control,0,167.61543713823647,1,Desktop
1334,Control,1,202.28862757222868,1,Desktop
1335,Control,1,209.15325735352297,2,Desktop
1336,Control,0,230.82486871986,2,Desktop
1337,Control,0,255.5537232861439,3,Mobile
1338,Control,0,189.29040801633715,6,Desktop
1339,Control,0,113.07228891687866,4,Desktop
1340,Control,0,166.01927467494454,3,Mobile
1341,Control,0,187.42344120736297,2,Desktop
1342,Control,0,84.03271841026005,3,Desktop
1343,Control,0,261.3765486056365,3,Desktop
1344,Control,0,192.83078518807565,1,Mobile
1345,Control,0,205.97440590191567,2,Desktop
1346,Control,0,260.1039554389446,4,Desktop
1347,Control,0,150.3421443421709,5,Desktop
1348,Control,0,216.57230619862165,6,Mobile
1349,Control,1,178.95747322939354,3,Mobile
1350,Control,0,174.87522231412444,2,Mobile
1351,Control,0,142.52941867075913,1,Mobile
1352,Control,0,276.608176752759,3,Desktop
1353,Control,0,164.3474977958436,3,Tablet
1354,Control,0,223.47053357926362,2,Desktop
1355,Control,0,81.8745936890435,2,Desktop
1356,Control,0,249.89936913293826,3,Mobile
1357,Control,1,242.87161357763821,4,Mobile
1358,Control,0,190.35887606635166,4,Desktop
1359,Control,0,172.51816436241415,3,Tablet
1360,Control,0,207.00000030874617,6,Mobile
1361,Control,1,310.8834863484159,1,Desktop
1362,Control,0,88.02198156030832,2,Desktop
1363,Control,0,228.01150631657703,4,Desktop
1364,Control,0,134.86104838153537,4,Tablet
1365,Control,0,183.90448820351477,2,Mobile
1366,Control,0,171.36659345067352,4,Mobile
1367,Control,0,161.44249582112343,3,Mobile
1368,Control,1,184.4244179020999,2,Mobile
1369,Control,0,122.62058700972153,5,Mobile
1370,Control,0,241.6049239870382,7,Desktop
1371,Control,1,86.32210688407697,1,Mobile
1372,Control,0,214.68704820555882,4,Mobile
1373,Control,0,167.0405281105986,3,Tablet
1374,Control,0,120.59913084059005,3,Mobile
1375,Control,0,196.13108538292823,1,Desktop
1376,Control,0,99.36769023114371,1,Desktop
1377,Control,0,187.1842601945799,3,Desktop
1378,Control,0,106.74177007036451,4,Mobile
1379,Control,0,210.3699646374807,1,Desktop
1380,Control,0,134.16034665032936,1,Mobile
1381,Control,0,160.195329063388,1,Mobile
1382,Control,0,201.16721633687393,3,Desktop
1383,Control,1,142.51018384867703,2,Mobile
1384,Control,0,181.81198001824336,3,Desktop
1385,Control,0,101.73932243153305,4,Desktop
1386,Control,0,219.69815819778856,4,Desktop
1387,Control,0,282.07025930529244,5,Mobile
1388,Control,0,338.57148773504787,2,Tablet
1389,Control,1,190.01424806665415,4,Mobile
1390,Control,0,228.35122774384527,4,Desktop
1391,Control,0,87.06558799008809,8,Desktop
1392,Control,0,267.6503879468073,1,Mobile
1393,Control,0,227.69256775982583,4,Desktop
1394,Control,0,158.3836605276822,2,Mobile
1395,Control,0,253.0449440158955,3,Desktop
1396,Control,0,171.00381578450623,2,Desktop
1397,Control,0,159.8086149341994,1,Desktop
1398,Control,0,211.14342089851203,9,Mobile
1399,Control,0,126.51550250933248,1,Desktop
1400,Control,0,241.18936204199713,1,Desktop
1401,Control,0,126.92056034402361,5,Desktop
1402,Control,0,127.24698655972476,3,Desktop
1403,Control,0,134.9670616375416,2,Tablet
1404,Control,0,226.77250206338672,4,Desktop
1405,Control,0,151.07735511641607,5,Desktop
1406,Control,0,110.86023185980571,1,Desktop
1407,Control,0,151.68760000353112,1,Desktop
1408,Control,0,183.23766961257323,4,Desktop
1409,Control,0,120.0465133984588,7,Desktop
1410,Control,0,121.65753900311111,5,Mobile
1411,Control,0,301.1212983754771,4,Desktop
1412,Control,0,137.66890279023622,4,Mobile
1413,Control,0,167.2326697174846,1,Tablet
1414,Control,0,164.80196495603928,2,Tablet
1415,Control,0,161.8253755726257,4,Desktop
1416,Control,1,219.17407069830062,3,Tablet
1417,Control,0,237.14786227596272,2,Mobile
1418,Control,0,168.17250626576242,3,Desktop
1419,Control,0,116.99369423742081,3,Mobile
1420,Control,1,255.09421253168966,3,Desktop
1421,Control,0,179.75623998418246,7,Desktop
1422,Control,0,280.16769981714424,5,Mobile
1423,Control,0,61.49277563391604,1,Mobile
1424,Control,0,195.7471771705826,3,Mobile
1425,Control,1,290.5233483631914,5,Mobile
1426,Control,1,165.5704725509013,5,Desktop
1427,Control,0,172.59786171659502,6,Desktop
1428,Control,1,201.25314303746865,2,Mobile
1429,Control,0,154.26622996132735,4,Mobile
1430,Control,0,167.8360437370997,6,Desktop
1431,Control,0,166.42016981947285,1,Desktop
1432,Control,0,150.49185960654947,1,Desktop
1433,Control,0,252.58711026103077,1,Mobile
1434,Control,0,210.35929177630393,3,Desktop
1435,Control,0,198.7845527656816,4,Desktop
1436,Control,0,229.47140537895643,2,Desktop
1437,Control,0,170.46042917380933,3,Desktop
1438,Control,0,142.41878999059048,3,Desktop
1439,Control,0,151.85566324619936,4,Tablet
1440,Control,0,185.09806726075348,6,Mobile
1441,Control,1,126.74335603949038,2,Desktop
1442,Control,0,157.48564408773285,5,Mobile
1443,Control,0,156.6135846970711,2,Desktop
1444,Control,0,301.8505926405958,4,Mobile
1445,Control,0,32.44017830363458,3,Desktop
1446,Control,0,175.12091532269017,4,Mobile
1447,Control,0,279.9131586048124,4,Desktop
1448,Control,0,191.70144552728496,6,Desktop
1449,Control,1,226.4379610381601,6,Mobile
1450,Control,0,190.49044733048723,3,Mobile
1451,Control,0,148.29666403309358,5,Desktop
1452,Control,0,61.694623602009784,1,Mobile
1453,Control,0,196.30006278699665,2,Desktop
1454,Control,0,142.3416367468685,4,Mobile
1455,Control,0,140.98155266090828,5,Mobile
1456,Control,1,157.55570092114885,4,Desktop
1457,Control,0,280.96737736429213,2,Mobile
1458,Control,0,317.2660648239685,7,Mobile
1459,Control,0,196.94643656406205,1,Tablet
1460,Control,0,159.43780268485497,2,Mobile
1461,Control,0,120.25254704018343,4,Mobile
1462,Control,0,210.7697088850338,4,Mobile
1463,Control,0,283.05980800358293,8,Desktop
1464,Control,0,171.39627871361637,2,Tablet
1465,Control,1,54.15521775857266,1,Desktop
1466,Control,0,221.85273194985382,6,Desktop
1467,Control,1,239.1969841297527,1,Desktop
1468,Control,0,97.7784897787784,1,Mobile
1469,Control,0,194.7066301014624,1,Desktop
1470,Control,0,209.81743088748544,3,Desktop
1471,Control,0,180.97909838950838,5,Mobile
1472,Control,0,141.50759945030555,2,Desktop
1473,Control,0,240.87654729599558,4,Mobile
1474,Control,0,162.81411397172246,4,Desktop
1475,Control,0,103.31476105150374,5,Desktop
1476,Control,0,72.27890328816756,2,Desktop
1477,Control,0,254.34672359996205,4,Desktop
1478,Control,0,218.9165187059115,4,Desktop
1479,Control,0,189.83854509210428,4,Desktop
1480,Control,0,160.7848949732058,2,Desktop
1481,Control,0,155.90508721882802,4,Mobile
1482,Control,0,125.83448433571138,5,Desktop
1483,Control,0,161.26993954920633,3,Desktop
1484,Control,0,68.39520316839041,6,Desktop
1485,Control,0,144.5164990592317,1,Desktop
1486,Control,0,167.89843660068985,3,Desktop
1487,Control,0,218.54340259547303,3,Desktop
1488,Control,0,182.804044514465,4,Desktop
1489,Control,0,228.72077126315574,4,Mobile
1490,Control,0,259.2024307812386,6,Mobile
1491,Control,0,243.19935516032558,1,Mobile
1492,Control,0,210.8780416058206,4,Desktop
1493,Control,0,185.65244735494312,2,Mobile
1494,Control,0,131.05665953725423,4,Mobile
1495,Control,0,225.6969228258624,6,Mobile
1496,Control,0,277.3861060221841,3,Desktop
1497,Control,0,203.815832180773,2,Mobile
1498,Control,0,290.44925316343677,5,Mobile
1499,Control,0,101.0935560566404,3,Mobile
1500,Control,0,121.52101383712522,5,Mobile
1501,Control,0,232.03608292615445,2,Mobile
1502,Control,0,199.5359615584288,5,Desktop
1503,Control,0,257.25801971144944,2,Mobile
1504,Control,0,184.14905976002933,4,Mobile
1505,Control,0,137.26135176094175,1,Tablet
1506,Control,0,173.25237167872265,4,Tablet
1507,Control,0,100.70238159919462,1,Desktop
1508,Control,0,122.9275129796631,2,Desktop
1509,Control,0,238.48441988549055,1,Desktop
1510,Control,0,233.00330779582856,1,Tablet
1511,Control,0,204.96523566433422,3,Desktop
1512,Control,0,90.34073634717419,4,Desktop
1513,Control,1,165.28780334679112,1,Desktop
1514,Control,0,117.62500612369722,8,Desktop
1515,Control,0,249.7093289583271,3,Mobile
1516,Control,0,152.89528265405693,4,Mobile
1517,Control,0,125.28387590701479,3,Desktop
1518,Control,0,186.63878908167834,1,Mobile
1519,Control,0,149.79150487409635,3,Mobile
1520,Control,1,266.60591506120386,5,Desktop
1521,Control,0,144.58540063561952,2,Desktop
1522,Control,1,108.04244574264528,3,Mobile
1523,Control,0,66.58975663333663,3,Desktop
1524,Control,0,183.30674236726216,2,Desktop
1525,Control,0,154.09384373781404,4,Mobile
1526,Control,0,106.41024664185503,4,Tablet
1527,Control,0,250.4074553690682,5,Desktop
1528,Control,0,221.69848310860831,1,Mobile
1529,Control,0,183.44801665845236,1,Desktop
1530,Control,0,260.03794342939767,3,Desktop
1531,Control,0,221.43948183692373,2,Desktop
1532,Control,0,139.74292541648623,4,Desktop
1533,Control,0,127.84289098050786,3,Desktop
1534,Control,0,229.98898494496237,3,Mobile
1535,Control,0,206.8001826057043,1,Desktop
1536,Control,0,194.33612723838638,2,Mobile
1537,Control,0,138.4426208422101,5,Tablet
1538,Control,0,218.43711618531646,2,Desktop
1539,Control,0,143.4475614276328,3,Desktop
1540,Control,0,179.39073399734772,2,Desktop
1541,Control,0,264.5819280512839,3,Mobile
1542,Control,0,148.65411703044197,2,Mobile
1543,Control,0,98.48559086099264,3,Desktop
1544,Control,0,127.10990444714393,2,Desktop
1545,Control,1,239.68643546781928,4,Mobile
1546,Control,0,199.01021255591152,1,Mobile
1547,Control,0,177.91174417211855,1,Mobile
1548,Control,0,156.99984070786368,2,Tablet
1549,Control,0,211.69479491542546,2,Mobile
1550,Control,0,138.2992331955377,3,Desktop
1551,Control,1,201.81160627534277,3,Mobile
1552,Control,0,144.78099871528735,4,Desktop
1553,Control,0,135.62873380987202,3,Mobile
1554,Control,0,149.93819108462435,2,Mobile
1555,Control,0,164.3525904433821,5,Desktop
1556,Control,0,182.31435902364632,5,Desktop
1557,Control,0,197.9500687311113,2,Desktop
1558,Control,0,17.860091028564426,6,Desktop
1559,Control,0,140.57921932392793,2,Mobile
1560,Control,1,163.46365124541785,4,Mobile
1561,Control,0,267.77841212345817,2,Desktop
1562,Control,0,125.59985653898273,6,Desktop
1563,Control,0,193.95381399549518,1,Mobile
1564,Control,0,267.22666703547105,2,Desktop
1565,Control,0,112.78673085289999,1,Mobile
1566,Control,0,206.66863742254213,2,Desktop
1567,Control,0,140.87504913360138,4,Mobile
1568,Control,0,157.2451441740921,5,Mobile
1569,Control,0,140.8289041325677,3,Mobile
1570,Control,0,144.7478480371263,5,Desktop
1571,Control,0,334.7051681348571,7,Mobile
1572,Control,0,231.4450729639416,1,Mobile
1573,Control,0,245.5955823982415,2,Mobile
1574,Control,0,212.05964177600728,6,Desktop
1575,Control,0,96.6558766378923,4,Desktop
1576,Control,0,206.7226883677819,5,Mobile
1577,Control,0,244.01112879790406,2,Desktop
1578,Control,0,138.06302892784888,1,Mobile
1579,Control,0,238.09296669386197,6,Mobile
1580,Control,0,223.73849154197433,5,Mobile
1581,Control,0,286.8622024647518,4,Desktop
1582,Control,0,162.02193431175095,1,Desktop
1583,Control,0,124.63139597483503,2,Desktop
1584,Control,0,165.11045398451,4,Desktop
1585,Control,1,263.9564046239993,5,Tablet
1586,Control,0,84.43767655369203,4,Desktop
1587,Control,0,71.23933565129323,8,Mobile
1588,Control,0,189.91674034123872,3,Desktop
1589,Control,0,160.65758889742142,6,Mobile
1590,Control,0,185.42503412466266,2,Desktop
1591,Control,0,236.99214741797257,2,Desktop
1592,Control,1,154.60868596346313,3,Mobile
1593,Control,0,81.98467929881586,1,Desktop
1594,Control,0,297.4464856459969,2,Desktop
1595,Control,0,130.1524441908673,3,Desktop
1596,Control,0,126.75295828933463,3,Desktop
1597,Control,0,245.7046007547428,4,Mobile
1598,Control,0,163.85309834271652,6,Tablet
1599,Control,0,181.51355813808541,2,Desktop
1600,Control,0,211.5534568233175,5,Mobile
1601,Control,0,244.59707067104975,2,Desktop
1602,Control,0,166.65966187500254,2,Desktop
1603,Control,0,268.59736032528645,3,Desktop
1604,Control,0,67.5310083195857,4,Mobile
1605,Control,0,226.78829803241925,3,Desktop
1606,Control,0,138.82598430902885,5,Mobile
1607,Control,0,260.4749224134395,5,Desktop
1608,Control,0,192.81244633568,4,Mobile
1609,Control,0,147.99020673948291,2,Mobile
1610,Control,0,221.45626011618978,2,Desktop
1611,Control,0,234.12535909639882,6,Mobile
1612,Control,0,220.3041767572251,3,Desktop
1613,Control,0,128.36670682018166,2,Desktop
1614,Control,0,158.37905820078532,3,Desktop
1615,Control,0,184.77599395832107,5,Desktop
1616,Control,0,182.73071910424667,4,Desktop
1617,Control,1,226.23600114910911,9,Desktop
1618,Control,0,74.18043221213655,1,Desktop
1619,Control,0,203.3879880004427,2,Desktop
1620,Control,0,169.0510255059848,3,Tablet
1621,Control,0,138.88246609888262,8,Mobile
1622,Control,0,144.16322722267202,5,Desktop
1623,Control,0,173.200428451512,7,Mobile
1624,Control,1,13.059680745273482,3,Mobile
1625,Control,0,146.42907360646475,3,Desktop
1626,Control,0,136.83018464445388,1,Desktop
1627,Control,0,214.30307651274433,2,Tablet
1628,Control,0,140.69603246192136,2,Mobile
1629,Control,0,173.16874099062306,1,Mobile
1630,Control,0,269.8252145213716,3,Mobile
1631,Control,0,239.68933358984827,1,Mobile
1632,Control,0,234.62492699688988,3,Desktop
1633,Control,0,157.50701632740316,1,Mobile
1634,Control,0,214.8667753609309,2,Mobile
1635,Control,1,172.13562097505232,5,Desktop
1636,Control,0,174.2148734127684,2,Mobile
1637,Control,0,207.53269390606022,5,Mobile
1638,Control,0,152.16535263684872,7,Desktop
1639,Control,1,267.1151707443762,4,Desktop
1640,Control,1,176.19284232211345,4,Mobile
1641,Control,0,219.00983114428158,1,Tablet
1642,Control,0,265.0580263591514,1,Mobile
1643,Control,0,241.74095760163462,5,Desktop
1644,Control,0,107.50944935202115,5,Desktop
1645,Control,0,209.46927422554364,5,Desktop
1646,Control,0,231.78956669533557,2,Mobile
1647,Control,0,234.05246621884118,10,Mobile
1648,Control,0,123.76878412369528,1,Mobile
1649,Control,0,148.86306196404718,4,Mobile
1650,Control,0,239.7007029657892,1,Desktop
1651,Control,0,143.10317961245448,3,Desktop
1652,Control,0,168.51671688346272,3,Tablet
1653,Control,0,271.6731695226083,5,Mobile
1654,Control,0,182.37104122883656,1,Desktop
1655,Control,0,145.02742241913865,1,Desktop
1656,Control,1,136.73104537254022,4,Mobile
1657,Control,0,203.29956312718534,3,Mobile
1658,Control,0,111.67685953375351,5,Desktop
1659,Control,0,171.396521985697,4,Desktop
1660,Control,0,203.3276794244512,3,Mobile
1661,Control,0,256.4532401301217,3,Desktop
1662,Control,0,221.71514442034976,1,Tablet
1663,Control,1,145.72641851098018,1,Desktop
1664,Control,0,249.81306246600462,4,Mobile
1665,Control,1,168.52667293488872,6,Mobile
1666,Control,0,117.0363337872825,4,Desktop
1667,Control,0,175.53772524039903,6,Desktop
1668,Control,1,264.0993060630136,5,Mobile
1669,Control,0,194.0882027535709,4,Desktop
1670,Control,0,185.68870253813824,2,Desktop
1671,Control,0,275.04664045865695,3,Desktop
1672,Control,0,106.27548341200651,1,Desktop
1673,Control,0,114.29204872709752,2,Tablet
1674,Control,0,96.12844409682424,3,Mobile
1675,Control,0,205.49565025640302,2,Desktop
1676,Control,0,194.15712199133185,3,Tablet
1677,Control,0,269.85050020038767,2,Desktop
1678,Control,0,198.39112924252237,3,Desktop
1679,Control,0,162.77135622863835,2,Desktop
1680,Control,0,185.0987180082959,1,Mobile
1681,Control,0,191.4739080153527,4,Mobile
1682,Control,1,93.0531299669508,1,Desktop
1683,Control,0,334.06824043841914,6,Desktop
1684,Control,0,213.59290599560512,3,Desktop
1685,Control,0,196.5504569412424,3,Mobile
1686,Control,0,218.8340191353219,5,Mobile
1687,Control,1,224.01760393226328,4,Desktop
1688,Control,0,177.26955829736625,6,Mobile
1689,Control,0,150.28173750676146,2,Mobile
1690,Control,0,217.96978774769372,4,Mobile
1691,Control,0,206.21409622922988,9,Desktop
1692,Control,0,140.45604455008254,2,Desktop
1693,Control,0,263.0469586251995,1,Mobile
1694,Control,0,201.13436199776407,3,Mobile
1695,Control,0,225.1400649247197,3,Desktop
1696,Control,0,261.55564882239554,1,Desktop
1697,Control,0,186.20388516406592,5,Desktop
1698,Control,0,202.43236038412635,3,Desktop
1699,Control,1,229.5514981178364,5,Desktop
1700,Control,0,145.13264039099712,4,Desktop
1701,Control,1,187.97284145653006,5,Desktop
1702,Control,0,191.90517226581315,3,Desktop
1703,Control,0,132.41677965741331,1,Mobile
1704,Control,0,312.4700233770633,3,Desktop
1705,Control,0,107.59886060791786,4,Mobile
1706,Control,0,113.60428529720632,3,Desktop
1707,Control,0,257.28246166369684,2,Desktop
1708,Control,0,224.22964379380983,6,Desktop
1709,Control,0,128.57193503855723,2,Mobile
1710,Control,0,218.4008958305931,4,Mobile
1711,Control,0,265.73177447485205,2,Desktop
1712,Control,0,183.33553183216577,7,Desktop
1713,Control,0,327.935259504102,7,Desktop
1714,Control,0,90.17660040225805,2,Mobile
1715,Control,0,223.1602899622506,5,Desktop
1716,Control,1,249.15905849215517,3,Mobile
1717,Control,0,234.02391458828856,3,Mobile
1718,Control,0,173.76043503448935,1,Mobile
1719,Control,1,169.02571848938678,2,Tablet
1720,Control,0,209.42798440979917,4,Tablet
1721,Control,0,229.86649676586381,5,Mobile
1722,Control,0,218.13603899553,2,Mobile
1723,Control,0,242.2031839936364,2,Desktop
1724,Control,0,128.96215236132957,1,Desktop
1725,Control,0,172.4725961482001,5,Desktop
1726,Control,0,133.29912373319354,2,Tablet
1727,Control,0,163.7637973152622,2,Mobile
1728,Control,1,240.83714904978677,4,Desktop
1729,Control,0,190.93911563988758,6,Mobile
1730,Control,0,328.3772539732373,1,Desktop
1731,Control,0,195.63735019543444,2,Desktop
1732,Control,0,188.2830534318855,1,Desktop
1733,Control,0,190.8400605692119,2,Desktop
1734,Control,0,149.92052189270353,2,Desktop
1735,Control,0,181.81898631923235,1,Mobile
1736,Control,0,247.0283414911405,4,Mobile
1737,Control,0,191.26838674702748,2,Desktop
1738,Control,0,141.35971485640908,2,Desktop
1739,Control,0,134.12034587367506,1,Mobile
1740,Control,0,160.2388959583786,3,Tablet
1741,Control,0,189.06248889259842,5,Mobile
1742,Control,0,250.64725945119443,2,Desktop
1743,Control,0,111.27312472484599,2,Desktop
1744,Control,0,167.4095547161184,6,Desktop
1745,Control,0,192.93705106892935,1,Desktop
1746,Control,0,84.1461827803811,4,Mobile
1747,Control,0,139.15209443684765,4,Desktop
1748,Control,0,147.60613031450976,4,Tablet
1749,Control,0,141.22162943822258,1,Mobile
1750,Control,0,195.55392497619061,4,Desktop
1751,Control,0,176.16922147740115,3,Mobile
1752,Control,0,154.459264356943,3,Desktop
1753,Control,0,208.53794446039493,5,Mobile
1754,Control,0,279.76910947054375,5,Mobile
1755,Control,1,275.1591084207964,2,Desktop
1756,Control,0,79.2475525365715,1,Mobile
1757,Control,1,216.73897011093268,3,Desktop
1758,Control,0,175.20871904648888,1,Desktop
1759,Control,0,193.5335438575946,3,Mobile
1760,Control,0,163.09443315515983,5,Desktop
1761,Control,0,191.46737464379612,5,Desktop
1762,Control,0,193.32740678396104,1,Desktop
1763,Control,0,153.15765334580922,4,Desktop
1764,Control,0,135.69978486961506,1,Mobile
1765,Control,0,160.32173745592837,2,Tablet
1766,Control,0,197.88425954512212,2,Desktop
1767,Control,0,217.94479879263451,1,Desktop
1768,Control,0,231.93419375370806,2,Desktop
1769,Control,0,157.8195487313198,1,Desktop
1770,Control,0,200.6114512016505,4,Desktop
1771,Control,0,237.93764255743142,3,Mobile
1772,Control,0,249.10771923292705,3,Mobile
1773,Control,0,181.76419302276628,6,Mobile
1774,Control,1,172.8487551283213,5,Desktop
1775,Control,0,195.51183286100158,1,Desktop
1776,Control,0,121.76608899064269,1,Desktop
1777,Control,0,174.35147689304705,1,Desktop
1778,Control,0,225.95225191602213,4,Mobile
1779,Control,0,220.30709211940356,2,Desktop
1780,Control,0,170.1352817599861,3,Desktop
1781,Control,0,196.97450105979416,1,Desktop
1782,Control,1,139.6442312840122,3,Tablet
1783,Control,0,223.69206815237635,4,Desktop
1784,Control,0,180.71982101249398,2,Mobile
1785,Control,0,169.8226701567124,4,Desktop
1786,Control,0,165.10518901486373,9,Mobile
1787,Control,0,181.5408373205078,4,Desktop
1788,Control,0,160.3667295287423,4,Mobile
1789,Control,0,221.197866980141,4,Mobile
1790,Control,0,163.25940485911005,3,Desktop
1791,Control,0,272.613025281506,1,Desktop
1792,Control,0,265.58657769147595,4,Desktop
1793,Control,0,135.96510805800224,1,Mobile
1794,Control,0,188.83373481861042,3,Mobile
1795,Control,0,149.21388582650928,7,Mobile
1796,Control,0,167.03438402462638,3,Mobile
1797,Control,0,295.13351072046385,2,Desktop
1798,Control,0,168.08357205863103,4,Mobile
1799,Control,0,204.81243203925857,3,Desktop
1800,Control,0,214.7726711704553,2,Desktop
1801,Control,1,129.96538451342175,1,Desktop
1802,Control,0,137.96974890749374,7,Mobile
1803,Control,0,118.66876957255346,5,Mobile
1804,Control,0,136.27160963562227,5,Mobile
1805,Control,0,28.24834398755499,2,Desktop
1806,Control,0,214.95203204364955,8,Desktop
1807,Control,0,297.98066126908384,5,Desktop
1808,Control,0,193.13014064700897,5,Desktop
1809,Control,0,107.1052127362666,2,Mobile
1810,Control,0,149.64729894050288,5,Desktop
1811,Control,0,159.76177352362518,2,Desktop
1812,Control,0,129.03283725326435,4,Mobile
1813,Control,0,232.31004511173361,1,Desktop
1814,Control,0,229.56430244064336,2,Mobile
1815,Control,0,121.45015134002873,3,Mobile
1816,Control,1,224.87945744461294,7,Mobile
1817,Control,0,268.9746964967496,5,Desktop
1818,Control,0,289.6407012876258,5,Desktop
1819,Control,0,342.586661269728,4,Mobile
1820,Control,0,135.39040428062413,1,Desktop
1821,Control,0,340.33212345173615,3,Mobile
1822,Control,0,165.51864863201664,5,Desktop
1823,Control,0,152.4143999540717,2,Mobile
1824,Control,0,202.9889806182815,3,Desktop
1825,Control,0,152.9866266248843,2,Desktop
1826,Control,0,206.94742773555893,2,Mobile
1827,Control,0,112.39575467444841,3,Mobile
1828,Control,1,171.86860688651112,5,Mobile
1829,Control,0,255.70702288989236,4,Desktop
1830,Control,0,181.86162897128642,1,Tablet
1831,Control,1,192.78776827069356,3,Mobile
1832,Control,0,211.13922325945214,1,Desktop
1833,Control,0,249.3863896124713,3,Desktop
1834,Control,0,93.96264082958119,3,Desktop
1835,Control,0,217.14882285105892,4,Desktop
1836,Control,0,170.25234734170303,4,Tablet
1837,Control,0,194.16508424215112,5,Desktop
1838,Control,0,243.2972593369307,1,Desktop
1839,Control,1,119.31973417234857,1,Desktop
1840,Control,0,129.30455572063008,1,Desktop
1841,Control,0,78.55135221574065,3,Desktop
1842,Control,0,154.7962582029923,1,Desktop
1843,Control,0,258.1737789408349,1,Desktop
1844,Control,0,178.36770463395916,1,Mobile
1845,Control,1,111.29313073898679,4,Desktop
1846,Control,0,158.2876690483724,7,Tablet
1847,Control,0,103.16760630801573,3,Desktop
1848,Control,0,123.11476440478611,4,Desktop
1849,Control,0,206.38504006450424,2,Tablet
1850,Control,0,120.43696705316842,2,Desktop
1851,Control,0,246.1948867861816,3,Desktop
1852,Control,0,181.08838400433152,7,Desktop
1853,Control,0,189.7077087169489,3,Mobile
1854,Control,0,169.68948678156582,5,Desktop
1855,Control,1,227.50663111990477,4,Mobile
1856,Control,0,228.07379382773559,4,Desktop
1857,Control,0,203.42798935516942,4,Desktop
1858,Control,0,216.06340082492065,6,Mobile
1859,Control,0,173.3350681543766,3,Desktop
1860,Control,0,214.82116537999767,3,Desktop
1861,Control,0,166.41672234894062,4,Mobile
1862,Control,0,185.1227392189321,7,Tablet
1863,Control,0,169.89459378485364,2,Mobile
1864,Control,0,159.85298033744422,1,Desktop
1865,Control,1,147.09885112530154,2,Tablet
1866,Control,1,210.7229557122387,4,Desktop
1867,Control,0,257.0833252047405,3,Tablet
1868,Control,0,249.4106084418258,4,Desktop
1869,Control,0,115.88890652300105,2,Tablet
1870,Control,0,255.90616782737803,5,Desktop
1871,Control,0,167.5012824110139,1,Mobile
1872,Control,0,218.04031583300753,5,Mobile
1873,Control,0,135.1581567374034,4,Mobile
1874,Control,0,192.8088952630703,4,Mobile
1875,Control,0,202.2547750593299,4,Desktop
1876,Control,0,103.3467364444191,2,Desktop
1877,Control,0,218.4546941489304,1,Desktop
1878,Control,0,259.0264254311073,2,Mobile
1879,Control,0,175.39436298751048,5,Mobile
1880,Control,0,259.8092471955407,3,Desktop
1881,Control,0,174.56685786011758,5,Desktop
1882,Control,0,231.72714920756394,4,Desktop
1883,Control,0,62.978651872689525,1,Mobile
1884,Control,0,318.0327778622405,1,Mobile
1885,Control,0,267.2502034883626,4,Desktop
1886,Control,0,169.34559726604766,4,Tablet
1887,Control,0,76.53510353459001,2,Tablet
1888,Control,0,200.8415602568019,2,Desktop
1889,Control,0,105.58409491094338,2,Desktop
1890,Control,1,209.46694456566183,3,Mobile
1891,Control,0,207.63611455403552,2,Mobile
1892,Control,0,133.22282570488863,6,Mobile
1893,Control,0,246.65318629879079,2,Desktop
1894,Control,0,229.30660865433953,4,Desktop
1895,Control,0,238.67028355087098,3,Desktop
1896,Control,0,185.48717370178926,6,Desktop
1897,Control,0,107.14617631974613,2,Mobile
1898,Control,0,238.78297497161256,3,Desktop
1899,Control,0,170.1295730475315,4,Mobile
1900,Control,0,108.56209212440321,1,Desktop
1901,Control,0,259.36216512858795,1,Desktop
1902,Control,0,300.467413627638,1,Mobile
1903,Control,0,182.73135290614383,3,Desktop
1904,Control,0,303.751663503181,4,Desktop
1905,Control,0,190.02231007362423,1,Tablet
1906,Control,0,164.07492527085068,6,Desktop
1907,Control,1,150.32478501979875,2,Desktop
1908,Control,0,275.03953243960086,3,Desktop
1909,Control,0,142.09208652367255,7,Mobile
1910,Control,0,225.4398120486243,1,Mobile
1911,Control,0,154.24598907174354,2,Desktop
1912,Control,0,159.68312805841003,3,Mobile
1913,Control,1,241.6637331683262,3,Desktop
1914,Control,0,164.09797345408555,4,Tablet
1915,Control,0,162.73625413188387,3,Desktop
1916,Control,0,247.3042583446144,4,Desktop
1917,Control,0,272.85685112718926,1,Desktop
1918,Control,0,220.45793918063282,3,Desktop
1919,Control,0,148.9876623406828,5,Desktop
1920,Control,0,156.91653253863313,4,Desktop
1921,Control,0,189.39533950570205,3,Desktop
1922,Control,0,202.65115340591117,1,Desktop
1923,Control,0,130.66737494231256,4,Tablet
1924,Control,0,224.76708667689252,4,Desktop
1925,Control,0,189.70323313017795,5,Desktop
1926,Control,0,90.63604247490288,4,Mobile
1927,Control,0,133.90904346465982,2,Mobile
1928,Control,0,157.2729229491585,2,Mobile
1929,Control,0,180.99282711374198,5,Mobile
1930,Control,0,288.9103337527198,4,Tablet
1931,Control,0,198.09942183767956,1,Mobile
1932,Control,0,138.75754605557563,5,Mobile
1933,Control,0,197.13469423689398,3,Desktop
1934,Control,0,165.63517389003655,1,Mobile
1935,Control,0,202.8617031743448,3,Desktop
1936,Control,0,216.9312227869588,2,Desktop
1937,Control,0,251.5076855973166,3,Desktop
1938,Control,0,183.66424273814857,1,Desktop
1939,Control,0,275.14282901799083,1,Desktop
1940,Control,0,234.94124643949053,5,Desktop
1941,Control,0,146.09082503532966,2,Desktop
1942,Control,0,306.54206161616554,4,Desktop
1943,Control,0,202.98469822985538,3,Tablet
1944,Control,0,139.06815228152706,6,Desktop
1945,Control,0,275.9102178176732,3,Desktop
1946,Control,0,299.27776718591446,3,Desktop
1947,Control,0,183.18361049542418,4,Mobile
1948,Control,0,157.2992356793422,3,Tablet
1949,Control,0,175.5193773400486,4,Mobile
1950,Control,0,224.3102450134735,5,Desktop
1951,Control,0,255.28211602667827,1,Desktop
1952,Control,0,216.37680319749654,1,Tablet
1953,Control,0,190.59477646594735,4,Desktop
1954,Control,0,267.3906473667435,4,Desktop
1955,Control,1,167.79399398216628,3,Desktop
1956,Control,1,241.7005636101799,6,Tablet
1957,Control,0,169.15654609067968,6,Desktop
1958,Control,0,208.70626269059912,4,Tablet
1959,Control,0,178.75405893652515,4,Desktop
1960,Control,0,181.9281299540954,1,Mobile
1961,Control,0,164.24374153957845,4,Desktop
1962,Control,0,258.9669717149382,4,Desktop
1963,Control,0,144.68906790403057,1,Mobile
1964,Control,0,144.28722610982103,5,Desktop
1965,Control,0,301.654646121481,2,Mobile
1966,Control,0,238.78161605598822,2,Tablet
1967,Control,0,53.818746571883,3,Desktop
1968,Control,0,153.9107693434278,4,Desktop
1969,Control,0,85.34058643408702,4,Mobile
1970,Control,0,132.71201186216098,2,Mobile
1971,Control,0,12.381693357127801,1,Mobile
1972,Control,0,177.46557322683316,6,Desktop
1973,Control,0,122.19319994612786,3,Mobile
1974,Control,0,188.29478912380412,5,Desktop
1975,Control,0,95.61833076146114,3,Desktop
1976,Control,1,189.5601519244622,3,Mobile
1977,Control,0,162.179604703382,2,Mobile
1978,Control,0,267.60741308537274,3,Desktop
1979,Control,0,262.6246273960094,2,Mobile
1980,Control,0,228.19400816556555,1,Desktop
1981,Control,0,167.0362420636333,4,Desktop
1982,Control,0,294.19592173931613,2,Mobile
1983,Control,0,99.58305971880986,5,Desktop
1984,Control,0,107.80427537399855,5,Desktop
1985,Control,0,180.39192950610143,2,Mobile
1986,Control,0,308.97209599066156,4,Mobile
1987,Control,0,173.87136012214518,3,Mobile
1988,Control,0,174.9215116234895,3,Tablet
1989,Control,0,105.6949304138505,8,Desktop
1990,Control,0,237.0261271898708,3,Desktop
1991,Control,0,237.42469398811446,2,Mobile
1992,Control,0,228.39913607699503,6,Desktop
1993,Control,0,150.39286299339506,1,Mobile
1994,Control,0,146.13112773948467,3,Mobile
1995,Control,0,113.87827622772663,4,Mobile
1996,Control,0,189.61298759685135,7,Mobile
1997,Control,1,125.57759688968241,4,Desktop
1998,Control,0,120.24209221128912,2,Mobile
1999,Control,0,161.69701056991283,4,Mobile
2000,Control,0,158.09641036486812,5,Mobile
2001,Control,0,155.41118091479248,2,Desktop
2002,Control,0,210.65445282621437,2,Desktop
2003,Control,1,189.34762911826536,1,Desktop
2004,Control,0,169.15141832188854,1,Mobile
2005,Control,0,195.06571105713152,4,Desktop
2006,Control,0,130.46601273924523,3,Mobile
2007,Control,0,190.79032431503228,2,Desktop
2008,Control,0,193.28313710645486,1,Mobile
2009,Control,0,102.33242273533857,1,Desktop
2010,Control,0,239.7631564903699,6,Tablet
2011,Control,0,136.52114621251525,3,Mobile
2012,Control,0,189.96703895635392,2,Desktop
2013,Control,1,249.04264572943987,1,Mobile
2014,Control,0,235.9122216742628,5,Mobile
2015,Control,0,186.88833637128596,1,Mobile
2016,Control,0,165.06255484148622,3,Mobile
2017,Control,0,237.1131549716562,1,Tablet
2018,Control,0,222.1082237794741,4,Desktop
2019,Control,0,150.98992389757285,8,Desktop
2020,Control,0,141.28084941490704,4,Mobile
2021,Control,1,71.0204650067201,1,Mobile
2022,Control,0,193.4717512925973,3,Desktop
2023,Control,1,180.45162402398807,1,Desktop
2024,Control,0,247.49052560533983,3,Mobile
2025,Control,0,204.74803014142017,3,Mobile
2026,Control,0,258.38260567949794,7,Desktop
2027,Control,0,146.6449674646106,3,Mobile
2028,Control,1,247.59826820321902,2,Desktop
2029,Control,0,155.90959914924397,1,Desktop
2030,Control,0,227.76778339857498,5,Desktop
2031,Control,0,104.76828841081186,2,Mobile
2032,Control,0,197.93244146514036,2,Mobile
2033,Control,0,75.84216322047494,3,Desktop
2034,Control,1,170.3074382732035,2,Desktop
2035,Control,0,209.21946966328525,1,Mobile
2036,Control,0,156.34672968228972,5,Mobile
2037,Control,0,127.2259304184218,2,Tablet
2038,Control,0,231.53651581127636,2,Mobile
2039,Control,0,179.3095465584192,4,Desktop
2040,Control,0,158.07361441331307,1,Mobile
2041,Control,0,187.3042756634852,1,Desktop
2042,Control,0,330.01680280700737,4,Tablet
2043,Control,0,248.44265673798492,1,Desktop
2044,Control,0,248.9415517503312,3,Desktop
2045,Control,0,208.95504754458003,4,Desktop
2046,Control,0,194.1566899917431,3,Desktop
2047,Control,0,53.215474141827116,1,Desktop
2048,Control,0,147.65608094452773,1,Desktop
2049,Control,0,158.5684072738639,4,Desktop
2050,Control,0,81.88093647738569,5,Desktop
2051,Control,0,121.34213153815115,3,Mobile
2052,Control,0,76.05399409925512,6,Desktop
2053,Control,0,182.8921890366445,5,Tablet
2054,Control,1,230.03212839668487,5,Desktop
2055,Control,0,245.8725985243381,4,Desktop
2056,Control,0,207.81314541435827,1,Mobile
2057,Control,0,132.0132012340787,3,Desktop
2058,Control,0,78.73641628140223,6,Desktop
2059,Control,0,88.3722215329174,3,Tablet
2060,Control,0,115.20595825100258,2,Desktop
2061,Control,0,136.11271660803789,4,Desktop
2062,Control,0,176.21383261046273,3,Mobile
2063,Control,0,129.22096800301674,1,Desktop
2064,Control,0,203.6436741517544,2,Mobile
2065,Control,0,172.224957346029,2,Desktop
2066,Control,0,185.5800141457564,1,Desktop
2067,Control,0,247.71378039691626,4,Desktop
2068,Control,0,120.08725461897964,4,Tablet
2069,Control,0,208.02875180608027,4,Desktop
2070,Control,0,184.23147243381598,2,Desktop
2071,Control,0,166.65825454666677,2,Desktop
2072,Control,0,233.68909764762782,1,Desktop
2073,Control,0,233.3457785006354,5,Desktop
2074,Control,0,132.94300622063645,4,Desktop
2075,Control,0,174.98116788781417,4,Mobile
2076,Control,0,200.4666425421236,5,Tablet
2077,Control,0,169.98462885875784,2,Desktop
2078,Control,0,217.17617327582892,3,Desktop
2079,Control,1,200.46556098506514,1,Mobile
2080,Control,0,285.7908682195807,1,Tablet
2081,Control,0,100.83464752386168,4,Desktop
2082,Control,0,178.26602056389314,6,Desktop
2083,Control,0,135.0323618668295,4,Desktop
2084,Control,1,218.22591004914742,3,Desktop
2085,Control,0,96.05554604749506,2,Desktop
2086,Control,0,204.04719906236875,3,Tablet
2087,Control,0,150.34733627584123,6,Desktop
2088,Control,0,144.62109736334423,4,Desktop
2089,Control,0,105.44259880526221,3,Mobile
2090,Control,0,159.42082295894465,5,Desktop
2091,Control,0,244.6475291660009,1,Desktop
2092,Control,1,183.61462240587863,3,Tablet
2093,Control,0,219.5224229830961,5,Desktop
2094,Control,0,276.5553002081451,2,Tablet
2095,Control,0,199.50655716524167,2,Desktop
2096,Control,0,154.26602353657125,5,Desktop
2097,Control,0,210.69887183505344,3,Tablet
2098,Control,0,155.06371195271396,2,Desktop
2099,Control,0,157.25675241865568,2,Mobile
2100,Control,0,101.40589602095584,5,Desktop
2101,Control,1,235.94416200964156,4,Desktop
2102,Control,0,163.76985833928083,5,Mobile
2103,Control,0,195.01540351987242,4,Mobile
2104,Control,0,128.02209392663482,1,Tablet
2105,Control,0,208.97711963435097,2,Desktop
2106,Control,0,143.09323190257038,4,Mobile
2107,Control,0,177.20602030639967,4,Desktop
2108,Control,1,233.28043171815193,3,Mobile
2109,Control,0,228.4917621727891,1,Desktop
2110,Control,1,183.78834601156828,1,Desktop
2111,Control,0,87.75279320113049,7,Desktop
2112,Control,0,349.6045813533353,5,Desktop
2113,Control,0,281.02224336502246,3,Mobile
2114,Control,0,224.7471153688564,4,Desktop
2115,Control,0,143.5737920124966,2,Mobile
2116,Control,0,178.75243110639195,1,Desktop
2117,Control,0,155.11187636229158,3,Desktop
2118,Control,0,254.51207665030137,3,Desktop
2119,Control,0,199.43765899685087,5,Mobile
2120,Control,0,141.8709877902092,6,Tablet
2121,Control,0,159.10846954813698,2,Desktop
2122,Control,0,246.66534784134475,5,Desktop
2123,Control,1,273.0053815751263,2,Desktop
2124,Control,0,269.0582359917435,2,Mobile
2125,Control,1,226.63676357796876,6,Mobile
2126,Control,0,171.10563221585497,2,Desktop
2127,Control,0,6.716739606898386,2,Desktop
2128,Control,0,201.3438013094522,3,Mobile
2129,Control,0,184.8994182635745,5,Desktop
2130,Control,0,192.69901529767446,2,Mobile
2131,Control,0,187.96435408682635,4,Desktop
2132,Control,0,112.05558109279636,1,Mobile
2133,Control,0,215.6574706268152,4,Desktop
2134,Control,0,219.77189727175175,3,Desktop
2135,Control,0,222.52863301328125,7,Mobile
2136,Control,0,237.06173519653626,3,Desktop
2137,Control,0,218.22284047068928,1,Desktop
2138,Control,0,162.44838236535992,1,Desktop
2139,Control,0,181.10397336461503,3,Tablet
2140,Control,0,190.01186769893573,3,Tablet
2141,Control,0,190.92346970086402,6,Desktop
2142,Control,0,239.90197107844514,1,Desktop
2143,Control,0,220.401781416237,4,Desktop
2144,Control,0,299.25388917634746,5,Mobile
2145,Control,0,306.35579389365694,1,Tablet
2146,Control,0,189.3807270437659,5,Desktop
2147,Control,0,26.01605516526533,4,Mobile
2148,Control,0,253.02578563699967,4,Mobile
2149,Control,0,155.279301355712,5,Desktop
2150,Control,0,140.91838429929462,2,Desktop
2151,Control,0,163.08550987558482,2,Mobile
2152,Control,0,160.43463242519664,2,Desktop
2153,Control,0,218.6748395557966,2,Desktop
2154,Control,0,99.23103214805761,5,Desktop
2155,Control,0,125.72535898146191,4,Tablet
2156,Control,0,203.8737204808579,1,Mobile
2157,Control,0,219.26192167273194,2,Desktop
2158,Control,0,220.28479047148065,4,Mobile
2159,Control,0,141.71300465866855,6,Tablet
2160,Control,0,131.1953892903568,4,Desktop
2161,Control,0,157.13508414166444,4,Desktop
2162,Control,0,198.1930013756599,4,Desktop
2163,Control,0,266.70125530999024,4,Tablet
2164,Control,0,72.39095478260873,4,Desktop
2165,Control,0,172.85991836728985,1,Mobile
2166,Control,1,111.7026857436138,4,Desktop
2167,Control,0,94.12665274555806,1,Desktop
2168,Control,0,238.18261549396493,2,Desktop
2169,Control,0,214.9543515974636,6,Desktop
2170,Control,0,209.71884337709943,3,Desktop
2171,Control,0,235.65642118520464,2,Desktop
2172,Control,0,158.61546067786253,1,Mobile
2173,Control,0,161.20493660165596,1,Tablet
2174,Control,0,305.2151839197416,1,Desktop
2175,Control,0,171.4385920157234,1,Mobile
2176,Control,0,225.432266217975,2,Mobile
2177,Control,0,185.35098475298233,3,Desktop
2178,Control,0,83.34578084568717,5,Mobile
2179,Control,0,72.54540479093025,3,Mobile
2180,Control,0,153.15586790330525,4,Desktop
2181,Control,0,243.0855688418494,7,Desktop
2182,Control,0,228.3560411149802,6,Desktop
2183,Control,0,235.27424403232186,2,Mobile
2184,Control,0,130.71246015850267,6,Desktop
2185,Control,0,273.87298695672723,1,Desktop
2186,Control,1,131.93086848974886,3,Mobile
2187,Control,0,196.7053419268483,5,Desktop
2188,Control,0,184.43062405507447,4,Desktop
2189,Control,0,175.43693988269774,2,Desktop
2190,Control,0,258.6225676062584,5,Tablet
2191,Control,0,146.21892139087217,4,Desktop
2192,Control,1,110.77171093584396,3,Desktop
2193,Control,0,186.09975174135306,2,Desktop
2194,Control,0,163.00952961424105,2,Desktop
2195,Control,0,370.7560605495455,3,Mobile
2196,Control,0,222.20791120419864,1,Tablet
2197,Control,0,162.48626836297566,3,Mobile
2198,Control,0,126.91386369471024,6,Desktop
2199,Control,0,81.58413741871684,1,Desktop
2200,Control,0,128.61295028444118,4,Desktop
2201,Control,1,191.32179744675224,1,Desktop
2202,Control,0,263.50307583771234,2,Mobile
2203,Control,0,246.69290283133554,4,Desktop
2204,Control,0,197.60021574055088,2,Desktop
2205,Control,0,167.22577838636334,2,Desktop
2206,Control,1,199.7846796026685,6,Desktop
2207,Control,0,156.47491013834832,4,Mobile
2208,Control,0,279.51001976701315,1,Desktop
2209,Control,0,174.59454002987061,1,Mobile
2210,Control,1,180.25141779643002,3,Mobile
2211,Control,0,63.12976662386325,3,Desktop
2212,Control,0,174.251083441248,3,Tablet
2213,Control,0,231.00662758807175,4,Desktop
2214,Control,1,126.27525826288002,1,Desktop
2215,Control,0,143.7103816028953,3,Mobile
2216,Control,0,228.59910597535156,3,Desktop
2217,Control,0,103.78385270650708,2,Desktop
2218,Control,0,243.1790554148055,5,Mobile
2219,Control,0,155.73208604047937,2,Mobile
2220,Control,0,163.62874787298384,4,Desktop
2221,Control,0,123.18668771809232,4,Mobile
2222,Control,0,205.79254432353358,1,Mobile
2223,Control,0,320.2929591766159,1,Desktop
2224,Control,0,227.98234817033477,4,Mobile
2225,Control,0,137.46431059327054,2,Tablet
2226,Control,0,247.45913220203118,7,Tablet
2227,Control,0,167.58262497361628,4,Desktop
2228,Control,0,260.59667397851575,4,Desktop
2229,Control,0,229.36720211903997,2,Mobile
2230,Control,0,23.12721389905468,2,Desktop
2231,Control,0,129.7756201874735,2,Mobile
2232,Control,0,236.94118725594643,1,Desktop
2233,Control,1,193.34114996797598,3,Mobile
2234,Control,0,128.6934228760682,3,Desktop
2235,Control,0,150.1525766478403,2,Tablet
2236,Control,0,80.15698589508406,2,Desktop
2237,Control,0,180.13946918604822,1,Desktop
2238,Control,0,306.58793493086705,1,Mobile
2239,Control,0,229.27133649027792,3,Desktop
2240,Control,0,305.4729350653633,4,Desktop
2241,Control,0,233.5318399384489,3,Tablet
2242,Control,0,241.51136388439804,4,Mobile
2243,Control,0,293.5743278259763,3,Mobile
2244,Control,1,205.74947926382245,7,Desktop
2245,Control,0,174.70249731712158,1,Mobile
2246,Control,0,241.79616341421067,3,Desktop
2247,Control,0,264.9612130417037,1,Desktop
2248,Control,0,158.6019446508285,3,Mobile
2249,Control,0,145.31370047129838,4,Desktop
2250,Control,0,192.63708178369842,2,Tablet
2251,Control,0,230.7324376812414,1,Mobile
2252,Control,1,228.8950076763859,3,Mobile
2253,Control,0,106.67078198968204,5,Mobile
2254,Control,0,290.1383336884827,6,Desktop
2255,Control,0,149.73592888317322,4,Desktop
2256,Control,0,170.42142517112813,1,Desktop
2257,Control,0,135.3540102006699,5,Desktop
2258,Control,0,333.40808597653984,1,Tablet
2259,Control,0,198.3138868658382,2,Desktop
2260,Control,0,138.19637056251392,2,Mobile
2261,Control,0,232.51579524793453,3,Mobile
2262,Control,0,227.30246786205183,3,Mobile
2263,Control,0,174.67501370310637,4,Mobile
2264,Control,0,231.23336920308608,1,Desktop
2265,Control,0,139.60894215430244,2,Mobile
2266,Control,0,157.88949487779112,3,Tablet
2267,Control,0,74.43808399886655,4,Mobile
2268,Control,0,112.18269036792405,6,Mobile
2269,Control,0,284.4196943118877,3,Desktop
2270,Control,0,275.2785745247273,1,Desktop
2271,Control,0,188.61837567569293,5,Mobile
2272,Control,0,276.46122959544107,1,Mobile
2273,Control,0,176.19590323654324,2,Desktop
2274,Control,0,171.61243335876506,6,Desktop
2275,Control,1,188.1080856656056,4,Desktop
2276,Control,0,178.1293122572039,3,Tablet
2277,Control,0,173.16420220419008,10,Mobile
2278,Control,0,247.88689589322541,5,Desktop
2279,Control,0,193.25746096759116,3,Tablet
2280,Control,0,224.18649704385925,7,Desktop
2281,Control,0,241.72592889025321,5,Desktop
2282,Control,0,206.35021876101035,2,Desktop
2283,Control,0,131.63507707504687,7,Desktop
2284,Control,0,110.59237610697787,1,Desktop
2285,Control,0,193.18293491440178,6,Desktop
2286,Control,0,175.5809032346286,3,Tablet
2287,Control,1,189.8065285906067,6,Desktop
2288,Control,0,184.11702784132777,6,Desktop
2289,Control,0,327.0965513091612,3,Mobile
2290,Control,0,111.83755593972641,2,Mobile
2291,Control,0,75.55295515983813,5,Tablet
2292,Control,0,203.28072584357852,4,Desktop
2293,Control,0,164.29675949764925,3,Mobile
2294,Control,0,202.38373283514733,1,Desktop
2295,Control,0,217.11356622562005,2,Desktop
2296,Control,0,255.62575823483937,3,Desktop
2297,Control,0,102.10257987888339,2,Desktop
2298,Control,0,154.38051561785605,4,Desktop
2299,Control,0,208.581869238442,3,Mobile
2300,Control,0,227.37549776279747,3,Desktop
2301,Control,0,305.6397252658612,1,Tablet
2302,Control,0,237.5637184112627,1,Tablet
2303,Control,0,181.87662722625475,3,Desktop
2304,Control,0,136.0260335881536,1,Mobile
2305,Control,1,153.96405810045394,2,Desktop
2306,Control,0,152.40134473735912,4,Desktop
2307,Control,0,221.03784956825683,3,Tablet
2308,Control,0,199.13485950722068,3,Desktop
2309,Control,0,112.19927360368015,1,Desktop
2310,Control,0,161.0254192000262,2,Desktop
2311,Control,0,233.26511543982815,2,Mobile
2312,Control,0,204.34142952357325,1,Desktop
2313,Control,0,216.27545388070237,3,Mobile
2314,Control,0,206.06069405314946,3,Desktop
2315,Control,1,274.45369040348726,3,Tablet
2316,Control,0,197.98236851034036,3,Tablet
2317,Control,0,163.76874611711162,1,Mobile
2318,Control,0,134.6334727376542,3,Mobile
2319,Control,0,198.72852020153414,4,Desktop
2320,Control,0,50.76127918737038,4,Tablet
2321,Control,1,174.86410489920084,7,Mobile
2322,Control,0,173.6788077043261,2,Desktop
2323,Control,0,109.95410305104954,10,Desktop
2324,Control,0,133.94537887392022,1,Desktop
2325,Control,0,229.53116415815327,1,Mobile
2326,Control,1,197.68914619912294,3,Desktop
2327,Control,0,190.59835835390302,4,Mobile
2328,Control,0,201.84911436626123,4,Mobile
2329,Control,0,190.0945173371908,2,Desktop
2330,Control,0,253.3574409572073,3,Tablet
2331,Control,0,191.7886049937007,1,Mobile
2332,Control,0,104.79827873996872,3,Desktop
2333,Control,0,274.65714806809257,5,Tablet
2334,Control,0,205.3687147030865,2,Mobile
2335,Control,0,152.59104480627127,4,Mobile
2336,Control,0,116.06290549377398,1,Desktop
2337,Control,0,206.7752821526925,1,Desktop
2338,Control,0,178.55553972640934,2,Mobile
2339,Control,0,271.57807323178247,5,Mobile
2340,Control,0,165.97509956332448,3,Desktop
2341,Control,0,138.94405656746432,1,Tablet
2342,Control,0,234.26879200297606,1,Desktop
2343,Control,0,235.89050409942573,5,Desktop
2344,Control,0,194.27582521856075,2,Mobile
2345,Control,1,222.19963762211995,4,Desktop
2346,Control,0,182.92720835917692,5,Desktop
2347,Control,0,197.86258055550857,5,Tablet
2348,Control,0,249.07449854101577,4,Mobile
2349,Control,0,219.39250837118266,1,Mobile
2350,Control,0,175.68990589170565,2,Mobile
2351,Control,0,259.37994002593825,3,Desktop
2352,Control,1,54.932954496466834,4,Desktop
2353,Control,0,297.8640321282064,4,Mobile
2354,Control,0,91.17224978100955,3,Desktop
2355,Control,0,150.50989463752373,2,Mobile
2356,Control,0,182.7495355642712,1,Desktop
2357,Control,1,176.94356310995113,8,Desktop
2358,Control,0,240.3526072014605,4,Desktop
2359,Control,0,126.81898597643712,1,Desktop
2360,Control,0,199.34217496156847,3,Tablet
2361,Control,0,153.19833459791354,5,Desktop
2362,Control,0,201.23275386355792,1,Desktop
2363,Control,0,181.4375257111168,3,Desktop
2364,Control,0,190.11146089756377,5,Desktop
2365,Control,0,154.75413421446098,1,Desktop
2366,Control,0,156.94648274471547,4,Desktop
2367,Control,0,200.79998827150848,1,Mobile
2368,Control,0,236.90435281658245,6,Mobile
2369,Control,0,152.09463661911838,4,Mobile
2370,Control,0,137.21778504848996,3,Mobile
2371,Control,0,218.74030911195103,5,Desktop
2372,Control,0,183.21228588182709,1,Mobile
2373,Control,0,230.67739736922735,2,Mobile
2374,Control,0,135.1811532645869,4,Desktop
2375,Control,0,87.13085910171131,2,Desktop
2376,Control,0,155.68477549955162,2,Desktop
2377,Control,0,142.85060649042413,3,Desktop
2378,Control,0,180.6666379955835,4,Desktop
2379,Control,0,149.97351321512858,2,Tablet
2380,Control,0,225.7559323235047,4,Mobile
2381,Control,0,169.1517355667616,5,Desktop
2382,Control,0,193.27609743256454,2,Desktop
2383,Control,1,193.66990071425192,3,Desktop
2384,Control,0,195.7225300826703,4,Desktop
2385,Control,0,183.67289892497647,3,Mobile
2386,Control,0,213.08303797256724,2,Mobile
2387,Control,0,141.23896763958058,4,Desktop
2388,Control,0,261.9679859659636,5,Desktop
2389,Control,0,171.99044391473058,3,Tablet
2390,Control,0,112.86479741557251,3,Desktop
2391,Control,0,195.3440346345475,4,Desktop
2392,Control,0,138.1850734653883,7,Desktop
2393,Control,0,221.59339939798812,3,Desktop
2394,Control,0,306.52830668233076,4,Mobile
2395,Control,0,141.73853496431823,3,Mobile
2396,Control,0,203.28047832731917,5,Desktop
2397,Control,0,88.44719262124548,3,Desktop
2398,Control,0,209.9647876192741,2,Mobile
2399,Control,0,136.28574101101705,3,Desktop
2400,Control,0,150.63409598610346,3,Desktop
2401,Control,0,124.42924305880946,1,Tablet
2402,Control,0,225.26831743301045,1,Mobile
2403,Control,0,240.40173966102944,3,Mobile
2404,Control,0,186.28618680621793,1,Mobile
2405,Control,0,137.45653120653543,4,Desktop
2406,Control,0,272.4237669857124,2,Tablet
2407,Control,0,143.7274429734939,2,Desktop
2408,Control,0,66.08822350399086,3,Desktop
2409,Control,1,210.21139554763877,2,Desktop
2410,Control,0,124.23739294971658,1,Desktop
2411,Control,0,239.3734836424546,3,Desktop
2412,Control,0,164.03742668296195,2,Desktop
2413,Control,0,218.20422822993078,2,Desktop
2414,Control,0,262.08251906036867,2,Desktop
2415,Control,0,118.51276244586029,5,Desktop
2416,Control,1,153.8734578009177,2,Desktop
2417,Control,0,180.8380910038615,2,Desktop
2418,Control,0,269.56532254688886,3,Desktop
2419,Control,0,148.7889505132755,3,Desktop
2420,Control,0,152.3022967228046,4,Desktop
2421,Control,0,211.29773165556946,3,Mobile
2422,Control,0,153.2524200859186,4,Desktop
2423,Control,0,193.38892355936892,4,Desktop
2424,Control,0,99.66544184675303,1,Tablet
2425,Control,0,306.7881468406128,3,Desktop
2426,Control,1,110.87599233298282,3,Mobile
2427,Control,0,167.30360128053854,1,Mobile
2428,Control,1,183.2135430286848,3,Desktop
2429,Control,0,290.19784738962375,2,Mobile
2430,Control,0,112.13348204869929,1,Mobile
2431,Control,0,294.10372745133134,1,Desktop
2432,Control,0,226.64472516061124,2,Mobile
2433,Control,1,207.94024284327853,4,Mobile
2434,Control,0,130.84514721401246,2,Desktop
2435,Control,1,216.41276831209404,4,Desktop
2436,Control,0,145.208235766911,1,Desktop
2437,Control,0,254.66636892591268,3,Desktop
2438,Control,0,131.59158839907468,3,Desktop
2439,Control,0,178.77628280491538,1,Desktop
2440,Control,0,154.45998015927557,1,Desktop
2441,Control,0,130.6862370665153,4,Tablet
2442,Control,0,225.7725899299353,4,Mobile
2443,Control,0,214.45023110752985,1,Desktop
2444,Control,0,251.49556093955485,1,Desktop
2445,Control,0,87.10686904855079,4,Desktop
2446,Control,0,243.5293886287574,3,Mobile
2447,Control,0,322.79968979462916,6,Desktop
2448,Control,0,160.15974009526792,5,Desktop
2449,Control,0,289.2331736659933,4,Mobile
2450,Control,0,170.52613003670953,3,Desktop
2451,Control,0,109.51746443412812,2,Desktop
2452,Control,1,168.19021566762623,2,Tablet
2453,Control,0,242.6512182221402,1,Desktop
2454,Control,0,138.90029347176576,6,Mobile
2455,Control,0,151.98137375464322,1,Tablet
2456,Control,0,217.6446687761255,5,Desktop
2457,Control,0,185.16830642062152,3,Mobile
2458,Control,0,217.15426238677074,1,Desktop
2459,Control,0,198.08062474170848,5,Mobile
2460,Control,0,211.3793925753365,2,Desktop
2461,Control,1,161.22343478047523,4,Tablet
2462,Control,0,197.7452018116716,1,Mobile
2463,Control,0,133.99448468672364,4,Mobile
2464,Control,0,255.86384923768637,7,Mobile
2465,Control,0,150.11489057504775,4,Desktop
2466,Control,0,247.08661181521643,1,Desktop
2467,Control,0,172.1516171459424,4,Desktop
2468,Control,0,196.10994559165266,6,Desktop
2469,Control,0,157.77694970101146,2,Mobile
2470,Control,0,129.1202512857584,4,Mobile
2471,Control,0,89.03817868170842,1,Desktop
2472,Control,1,126.95717127741472,2,Desktop
2473,Control,1,167.1850130731243,2,Mobile
2474,Control,0,196.65335483558863,1,Desktop
2475,Control,0,240.5708622305795,4,Mobile
2476,Control,0,160.4833397111733,3,Desktop
2477,Control,0,136.4921579653054,1,Desktop
2478,Control,0,105.65068676985081,5,Mobile
2479,Control,0,211.40349898472573,6,Desktop
2480,Control,0,261.0756983431139,5,Desktop
2481,Control,0,254.6481647375959,4,Mobile
2482,Control,0,224.04630114809805,3,Desktop
2483,Control,1,220.11988244971795,4,Mobile
2484,Control,0,278.3693078840138,3,Tablet
2485,Control,0,203.26448037792457,1,Mobile
2486,Control,1,220.53713218132944,4,Mobile
2487,Control,0,167.35688759814005,3,Desktop
2488,Control,0,110.08761460298834,3,Mobile
2489,Control,0,147.3883104725233,3,Desktop
2490,Control,0,184.49625288059397,1,Mobile
2491,Control,0,188.34319548757165,1,Desktop
2492,Control,0,290.9457220170466,3,Desktop
2493,Control,0,189.47024421750876,6,Mobile
2494,Control,0,249.8363894214104,6,Mobile
2495,Control,0,161.07075171330263,3,Desktop
2496,Control,0,167.85782628291213,5,Desktop
2497,Control,0,111.90457995271035,3,Desktop
2498,Control,0,144.17195929178854,2,Mobile
2499,Control,1,213.98397652500643,2,Desktop
2500,Control,0,185.41580992167732,4,Desktop
2501,Control,0,236.86162409434786,3,Desktop
2502,Control,0,194.96896715897776,6,Desktop
2503,Control,0,165.61504475992422,5,Desktop
2504,Control,1,303.15632750828274,4,Desktop
2505,Control,0,179.8353037207824,4,Desktop
2506,Control,0,248.96505333379173,6,Tablet
2507,Control,0,162.93349364004274,4,Mobile
2508,Control,0,224.02797136609615,2,Mobile
2509,Control,0,236.04086125334277,3,Mobile
2510,Control,0,196.46705838165695,5,Mobile
2511,Control,0,55.50343925168687,2,Desktop
2512,Control,0,186.00388534708623,3,Desktop
2513,Control,0,252.67530262679867,2,Mobile
2514,Control,0,214.01144581652517,6,Mobile
2515,Control,0,209.52113813760857,1,Desktop
2516,Control,1,90.27586863233645,2,Desktop
2517,Control,0,145.37497111287178,3,Tablet
2518,Control,0,207.62466971332915,5,Desktop
2519,Control,0,207.57108022327907,2,Desktop
2520,Control,0,251.80667290730963,2,Desktop
2521,Control,0,177.0323284669648,3,Desktop
2522,Control,0,207.3203247670598,3,Mobile
2523,Control,0,185.90058330622117,3,Desktop
2524,Control,0,130.71814949241437,1,Desktop
2525,Control,0,60.93147678978889,5,Desktop
2526,Control,0,208.70553306715422,6,Mobile
2527,Control,0,194.56709646270463,3,Desktop
2528,Control,1,151.0003726844907,3,Desktop
2529,Control,0,95.94548189162744,4,Tablet
2530,Control,1,219.6356732924806,2,Desktop
2531,Control,0,170.37439591924465,1,Mobile
2532,Control,0,215.628109730248,2,Tablet
2533,Control,0,287.5226691726467,4,Desktop
2534,Control,0,67.22130158241623,3,Desktop
2535,Control,0,146.52195552137,3,Desktop
2536,Control,0,173.48434126784477,2,Desktop
2537,Control,0,265.01543957806575,3,Mobile
2538,Control,0,94.99783394364333,5,Desktop
2539,Control,0,291.47235641243327,4,Tablet
2540,Control,0,192.47207458614596,3,Mobile
2541,Control,0,179.7199636046378,1,Mobile
2542,Control,0,174.10671302296015,4,Desktop
2543,Control,0,161.00553323009842,5,Desktop
2544,Control,0,242.6464217598035,3,Desktop
2545,Control,0,126.23135852546586,5,Mobile
2546,Control,0,203.99777999041194,1,Desktop
2547,Control,0,163.87000838611635,4,Mobile
2548,Control,0,143.0826603317246,3,Desktop
2549,Control,0,327.22863466261424,1,Mobile
2550,Control,0,208.0477904114403,1,Desktop
2551,Control,0,218.72960495636292,3,Desktop
2552,Control,0,247.5777229367764,2,Desktop
2553,Control,0,106.8257530074799,2,Desktop
2554,Control,1,281.37605500171173,3,Desktop
2555,Control,0,47.00735518277082,2,Mobile
2556,Control,1,142.71784744788135,3,Desktop
2557,Control,0,159.75325797516047,3,Mobile
2558,Control,0,216.99478507337784,2,Mobile
2559,Control,0,197.02950463778183,4,Desktop
2560,Control,0,175.82518926158838,2,Mobile
2561,Control,0,184.3401460454752,3,Desktop
2562,Control,0,131.20873370625876,3,Desktop
2563,Control,0,102.65221830337047,2,Mobile
2564,Control,0,224.9581392284833,4,Tablet
2565,Control,0,223.1538361894902,4,Mobile
2566,Control,0,272.1471906336382,3,Tablet
2567,Control,0,141.54905967516356,2,Mobile
2568,Control,0,223.10483656655074,3,Mobile
2569,Control,0,169.39612993993975,3,Desktop
2570,Control,1,250.47612418564154,2,Desktop
2571,Control,0,241.2079527172978,5,Desktop
2572,Control,1,196.6165169573451,2,Desktop
2573,Control,0,166.32584138337074,4,Mobile
2574,Control,0,237.85126982345437,3,Desktop
2575,Control,0,220.57974877911113,2,Mobile
2576,Control,0,147.35577788525995,5,Desktop
2577,Control,1,111.9710729586313,5,Desktop
2578,Control,0,169.1306904625012,2,Desktop
2579,Control,0,268.3477598441515,2,Desktop
2580,Control,0,248.0567937303171,4,Tablet
2581,Control,0,123.82198916811805,2,Mobile
2582,Control,0,120.77334212550434,3,Desktop
2583,Control,0,255.10761173237177,5,Mobile
2584,Control,0,122.5400252383194,1,Desktop
2585,Control,0,213.01124280031044,4,Desktop
2586,Control,0,151.1160831565022,3,Tablet
2587,Control,0,273.93747084869256,5,Mobile
2588,Control,0,142.62663604741667,1,Mobile
2589,Control,0,247.88488416132054,3,Tablet
2590,Control,0,195.16722597332006,2,Desktop
2591,Control,0,198.87071698288577,2,Desktop
2592,Control,0,76.63302802567294,7,Desktop
2593,Control,0,63.83976557368548,4,Mobile
2594,Control,0,172.86887328529772,2,Mobile
2595,Control,0,198.57983348791365,1,Mobile
2596,Control,0,123.11411947442522,2,Desktop
2597,Control,0,125.12186242380119,3,Mobile
2598,Control,0,215.8809946404373,2,Mobile
2599,Control,0,215.9569964251422,2,Desktop
2600,Control,0,177.424241678664,2,Desktop
2601,Control,0,227.91109466523412,3,Mobile
2602,Control,0,120.41887373539194,4,Mobile
2603,Control,0,165.4235795602166,2,Mobile
2604,Control,0,275.633268318102,4,Desktop
2605,Control,0,188.75771714668997,4,Desktop
2606,Control,0,191.94718830228496,2,Mobile
2607,Control,0,311.8270622282257,4,Tablet
2608,Control,0,108.03618087831761,7,Tablet
2609,Control,0,228.80367016531608,5,Desktop
2610,Control,0,276.5192453894455,4,Mobile
2611,Control,0,167.13281404257995,1,Desktop
2612,Control,0,232.27969327701652,3,Mobile
2613,Control,0,130.98892765340025,1,Desktop
2614,Control,0,147.22971824379567,5,Mobile
2615,Control,0,206.1731528826199,5,Desktop
2616,Control,0,228.92116702108245,3,Mobile
2617,Control,0,246.65150818234352,2,Mobile
2618,Control,0,271.3295722816721,3,Desktop
2619,Control,0,181.29043927946498,4,Desktop
2620,Control,0,250.64864653449234,2,Desktop
2621,Control,0,166.17323361029682,3,Desktop
2622,Control,0,234.61502213735474,2,Desktop
2623,Control,0,196.41188388186998,2,Desktop
2624,Control,1,209.51228488950582,1,Mobile
2625,Control,0,208.29293307121205,1,Tablet
2626,Control,1,96.74122446112032,5,Desktop
2627,Control,0,123.17329776265747,2,Desktop
2628,Control,0,190.63977918996375,5,Desktop
2629,Control,0,92.19965061973573,2,Desktop
2630,Control,0,230.71661067598657,2,Mobile
2631,Control,0,232.9355781458478,4,Desktop
2632,Control,0,202.99438040827846,5,Mobile
2633,Control,0,123.33762929831428,3,Desktop
2634,Control,0,260.9076416377683,6,Mobile
2635,Control,0,297.0465851845097,1,Tablet
2636,Control,0,193.08922550952857,4,Desktop
2637,Control,1,213.079445814818,1,Tablet
2638,Control,0,196.0956260137824,1,Desktop
2639,Control,1,214.17030539493396,5,Desktop
2640,Control,0,178.4242683855482,2,Tablet
2641,Control,0,183.09896680859083,4,Mobile
2642,Control,0,234.8144680273551,5,Desktop
2643,Control,0,314.0093289043042,5,Desktop
2644,Control,0,107.99608210790437,5,Desktop
2645,Control,0,179.29031335783682,3,Mobile
2646,Control,0,120.07467331223549,5,Mobile
2647,Control,1,272.5613694216846,5,Desktop
2648,Control,0,152.67441168740558,1,Mobile
2649,Control,0,105.62395634178132,4,Desktop
2650,Control,0,220.10028493667153,1,Mobile
2651,Control,0,280.9371113108711,6,Desktop
2652,Control,0,221.49788277084195,3,Desktop
2653,Control,0,196.26388325050544,4,Desktop
2654,Control,0,207.50275075267967,1,Desktop
2655,Control,0,262.8162364554055,4,Desktop
2656,Control,0,136.91904014922176,7,Desktop
2657,Control,0,178.84840927525278,2,Desktop
2658,Control,0,160.10204183197567,5,Desktop
2659,Control,0,120.76740809895594,4,Mobile
2660,Control,0,166.93936073207587,6,Desktop
2661,Control,0,245.92466027903467,2,Desktop
2662,Control,0,216.1631181615999,5,Tablet
2663,Control,0,220.43707750595104,3,Desktop
2664,Control,0,193.0561586409325,3,Desktop
2665,Control,0,213.78280805007236,3,Mobile
2666,Control,0,140.96753117085422,2,Desktop
2667,Control,0,167.9769562740024,2,Mobile
2668,Control,0,195.56023303327723,5,Desktop
2669,Control,0,200.26337223850396,2,Desktop
2670,Control,0,202.61033202070303,5,Mobile
2671,Control,0,177.39155948909922,3,Desktop
2672,Control,0,164.24171293783186,3,Desktop
2673,Control,0,358.6774205674364,1,Desktop
2674,Control,0,234.8733000112819,4,Desktop
2675,Control,0,207.72311117739423,5,Desktop
2676,Control,0,172.17353259864834,1,Desktop
2677,Control,0,160.1829645180868,4,Mobile
2678,Control,0,177.80596734501745,5,Mobile
2679,Control,0,201.1055863972676,2,Desktop
2680,Control,0,81.57604507653053,1,Mobile
2681,Control,0,98.6835722543924,4,Mobile
2682,Control,0,149.97146860835733,3,Tablet
2683,Control,0,196.39266902282128,5,Desktop
2684,Control,0,171.83997690664816,2,Tablet
2685,Control,0,266.29666743547165,1,Desktop
2686,Control,0,103.46817671523272,2,Mobile
2687,Control,0,143.67599917181462,1,Mobile
2688,Control,0,268.60504575451057,7,Mobile
2689,Control,0,192.2115628571331,3,Desktop
2690,Control,0,233.6663420540637,7,Mobile
2691,Control,0,297.8185818798205,1,Desktop
2692,Control,0,146.84075701539976,2,Mobile
2693,Control,0,179.53771142143825,5,Tablet
2694,Control,0,170.01652044880205,6,Desktop
2695,Control,1,77.49738475341985,5,Desktop
2696,Control,0,167.9281757934217,3,Desktop
2697,Control,0,233.4584203059366,5,Desktop
2698,Control,0,214.73242479967325,3,Tablet
2699,Control,0,219.04957431634057,2,Desktop
2700,Control,0,164.34700606482753,3,Desktop
2701,Control,0,148.91465201968973,2,Mobile
2702,Control,1,254.80906195442412,5,Mobile
2703,Control,0,157.64755695032818,4,Desktop
2704,Control,0,201.17451213362676,4,Desktop
2705,Control,0,193.98340743726462,2,Mobile
2706,Control,0,265.3944358941415,3,Desktop
2707,Control,0,238.42767967197977,7,Desktop
2708,Control,0,113.76077586330835,5,Desktop
2709,Control,0,119.6845758273728,5,Mobile
2710,Control,0,216.84003999380238,4,Desktop
2711,Control,0,181.46142939414585,5,Mobile
2712,Control,0,159.965551882543,3,Mobile
2713,Control,0,240.8595336196959,3,Desktop
2714,Control,0,195.3102660148901,6,Mobile
2715,Control,0,187.88515627891942,4,Desktop
2716,Control,0,227.89057524152773,1,Mobile
2717,Control,0,164.36900527810394,7,Tablet
2718,Control,1,271.2685442009905,2,Desktop
2719,Control,0,141.65738072218454,2,Mobile
2720,Control,0,221.13109864881486,1,Desktop
2721,Control,0,263.86080612629144,5,Desktop
2722,Control,0,109.24874809003451,1,Desktop
2723,Control,0,166.11656532811529,5,Mobile
2724,Control,0,247.82140660870567,3,Desktop
2725,Control,0,248.64845012520638,3,Desktop
2726,Control,0,175.56774197864684,2,Mobile
2727,Control,0,144.59308984777272,3,Mobile
2728,Control,0,237.5764702281919,5,Mobile
2729,Control,0,250.09520064198824,5,Desktop
2730,Control,0,120.94351583181829,1,Mobile
2731,Control,0,118.7847493068491,4,Tablet
2732,Control,0,197.38911750909799,1,Desktop
2733,Control,0,219.61483483858905,4,Mobile
2734,Control,1,168.551200312347,3,Desktop
2735,Control,1,222.3611600990292,3,Mobile
2736,Control,0,145.94248662394398,3,Mobile
2737,Control,1,68.69185205094455,1,Tablet
2738,Control,0,161.68544102170722,3,Desktop
2739,Control,1,188.47776805822056,2,Mobile
2740,Control,0,169.8288022056949,3,Desktop
2741,Control,0,121.27682049872831,3,Desktop
2742,Control,0,85.13930632666504,1,Desktop
2743,Control,0,156.72511575976563,4,Desktop
2744,Control,0,234.37106744073589,4,Desktop
2745,Control,0,254.0908591677525,4,Tablet
2746,Control,0,250.32423612761502,3,Desktop
2747,Control,0,140.1249755668296,5,Desktop
2748,Control,0,121.54615220032998,2,Tablet
2749,Control,0,212.31490382389424,1,Desktop
2750,Control,0,219.9305006378859,2,Mobile
2751,Control,0,207.00932828602737,4,Desktop
2752,Control,0,74.22651991692302,3,Desktop
2753,Control,0,137.32134783140933,2,Desktop
2754,Control,0,183.3671165342712,6,Desktop
2755,Control,1,211.7970007046735,1,Mobile
2756,Control,0,227.20190494313678,2,Mobile
2757,Control,0,192.9339437255122,6,Mobile
2758,Control,0,203.19310935960297,1,Desktop
2759,Control,0,189.66760020986072,3,Desktop
2760,Control,0,222.70906558201656,5,Mobile
2761,Control,0,202.2076108320001,4,Desktop
2762,Control,0,188.6155713026008,7,Mobile
2763,Control,0,170.23971604744406,1,Desktop
2764,Control,0,189.47102837733647,2,Tablet
2765,Control,0,211.65252583616012,1,Desktop
2766,Control,1,199.71114638939338,2,Desktop
2767,Control,0,205.94545300898895,2,Desktop
2768,Control,0,258.8497023743152,4,Desktop
2769,Control,0,199.5840157510623,2,Mobile
2770,Control,0,149.30508137397632,8,Tablet
2771,Control,0,233.59837322967928,7,Desktop
2772,Control,0,109.85909142820954,6,Desktop
2773,Control,0,125.52226405933921,1,Desktop
2774,Control,0,203.4715995596038,3,Desktop
2775,Control,0,213.40181672826182,6,Desktop
2776,Control,0,116.52218270728028,2,Mobile
2777,Control,0,163.94503854572875,5,Mobile
2778,Control,0,151.66538922791878,2,Mobile
2779,Control,0,158.2328022415122,2,Mobile
2780,Control,0,236.89787769501203,3,Mobile
2781,Control,0,223.8578004950989,2,Desktop
2782,Control,0,183.94828010804608,3,Desktop
2783,Control,1,154.97209400867897,3,Desktop
2784,Control,0,110.76926813789227,3,Desktop
2785,Control,0,263.1101716330072,3,Desktop
2786,Control,0,217.56626451567053,2,Desktop
2787,Control,1,146.1331992759773,1,Desktop
2788,Control,0,224.57797236936904,1,Mobile
2789,Control,1,181.1377008683956,4,Mobile
2790,Control,1,169.20897723257113,2,Desktop
2791,Control,0,208.93663405592812,1,Mobile
2792,Control,1,144.21759625480013,2,Mobile
2793,Control,0,166.09339142694395,4,Desktop
2794,Control,0,191.680358530975,1,Tablet
2795,Control,0,157.53018439131327,4,Desktop
2796,Control,0,221.79968656471382,3,Mobile
2797,Control,0,287.79865770230435,3,Tablet
2798,Control,0,143.51360270660714,3,Mobile
2799,Control,1,93.41810870327755,1,Mobile
2800,Control,0,74.90429078880561,2,Tablet
2801,Control,0,176.72425221777598,1,Desktop
2802,Control,1,148.52594754305994,2,Desktop
2803,Control,1,196.43232755868942,4,Mobile
2804,Control,1,192.29287196143557,1,Mobile
2805,Control,0,96.82307343622472,1,Mobile
2806,Control,1,85.18138937852267,5,Tablet
2807,Control,0,201.27632821903524,1,Desktop
2808,Control,0,192.44858590959763,3,Mobile
2809,Control,0,161.58001008983967,4,Tablet
2810,Control,0,93.85710281772324,1,Desktop
2811,Control,0,210.9265194520745,3,Tablet
2812,Control,0,254.9544749983169,2,Desktop
2813,Control,0,200.28903421204072,3,Tablet
2814,Control,0,138.38893601892144,2,Tablet
2815,Control,0,187.45036910641332,2,Desktop
2816,Control,0,109.86372554864732,3,Desktop
2817,Control,0,243.1878392611336,4,Desktop
2818,Control,0,189.50143839912462,5,Desktop
2819,Control,0,87.75136985357224,2,Desktop
2820,Control,0,168.46291017559747,3,Desktop
2821,Control,1,210.4815830628827,4,Desktop
2822,Control,0,166.68238084634626,5,Desktop
2823,Control,0,169.82573532079044,3,Tablet
2824,Control,0,117.65787861240005,4,Desktop
2825,Control,0,216.15975428949108,1,Mobile
2826,Control,0,149.33419399894746,1,Desktop
2827,Control,0,66.3955042647232,5,Mobile
2828,Control,0,164.58084461312833,4,Tablet
2829,Control,0,238.9632343563694,4,Desktop
2830,Control,0,163.7188804370029,2,Desktop
2831,Control,0,280.5891741817936,1,Mobile
2832,Control,0,208.59323717016844,3,Desktop
2833,Control,0,203.63169892542012,1,Desktop
2834,Control,0,177.9380953745315,2,Desktop
2835,Control,0,181.24425857296401,4,Desktop
2836,Control,1,170.51170006842727,6,Mobile
2837,Control,1,168.37518343546105,3,Tablet
2838,Control,0,214.19769391369317,2,Mobile
2839,Control,0,133.52928236151888,1,Desktop
2840,Control,0,125.82583942016572,2,Desktop
2841,Control,0,123.22427220185423,5,Tablet
2842,Control,0,297.51100012224344,3,Tablet
2843,Control,1,214.1688595918819,1,Desktop
2844,Control,1,201.74707109240796,5,Tablet
2845,Control,0,126.83669313386127,4,Tablet
2846,Control,0,219.28382653711557,2,Desktop
2847,Control,0,178.58857594506694,2,Mobile
2848,Control,0,196.77929176224623,2,Mobile
2849,Control,0,131.2858826275044,4,Desktop
2850,Control,0,193.81478715796672,3,Desktop
2851,Control,0,161.68915539864344,6,Desktop
2852,Control,0,142.89138636333968,1,Tablet
2853,Control,0,225.37584846939868,3,Mobile
2854,Control,1,100.42607053084987,5,Desktop
2855,Control,0,216.06269453727828,2,Desktop
2856,Control,0,222.64673734541478,1,Desktop
2857,Control,0,136.61959784468178,2,Desktop
2858,Control,0,139.8819346377143,2,Mobile
2859,Control,0,172.73358753034788,1,Desktop
2860,Control,0,200.51199157542214,5,Desktop
2861,Control,0,176.5929754502176,2,Desktop
2862,Control,0,208.84593531055336,2,Mobile
2863,Control,1,281.96388088955695,2,Mobile
2864,Control,0,157.07557769676575,5,Desktop
2865,Control,0,90.66510161131187,2,Mobile
2866,Control,0,230.42579706668593,2,Mobile
2867,Control,0,277.58230167601414,4,Desktop
2868,Control,0,206.60225996781185,6,Tablet
2869,Control,0,125.17382285554825,7,Desktop
2870,Control,0,178.18592002206395,5,Tablet
2871,Control,0,123.48120836836023,6,Desktop
2872,Control,1,220.3570521679621,5,Desktop
2873,Control,0,110.6790278515861,4,Desktop
2874,Control,0,168.492916724449,2,Desktop
2875,Control,0,129.76141955383514,3,Tablet
2876,Control,0,191.9753576824229,3,Desktop
2877,Control,0,164.85120775742334,4,Mobile
2878,Control,0,194.7219156787645,5,Mobile
2879,Control,0,186.22928052315012,2,Desktop
2880,Control,0,130.73375347517393,1,Tablet
2881,Control,0,219.47823849409622,7,Desktop
2882,Control,0,182.31788914862867,4,Tablet
2883,Control,0,130.63090456737547,2,Mobile
2884,Control,0,308.2509605913186,3,Mobile
2885,Control,0,211.20365916944186,5,Desktop
2886,Control,1,176.5706695630382,2,Mobile
2887,Control,0,262.8362489686003,2,Desktop
2888,Control,0,286.2998585162634,3,Mobile
2889,Control,0,177.00578177273633,6,Desktop
2890,Control,0,204.10686175391191,2,Desktop
2891,Control,0,130.65984500983825,4,Desktop
2892,Control,0,176.90439870775936,2,Tablet
2893,Control,0,174.05155954320716,3,Mobile
2894,Control,0,195.16548684919098,7,Mobile
2895,Control,0,203.30182632503556,2,Mobile
2896,Control,0,215.7905646855433,4,Mobile
2897,Control,0,198.07034609649776,1,Desktop
2898,Control,0,118.40915553539595,4,Mobile
2899,Control,0,133.38430918424032,1,Tablet
2900,Control,0,154.94758092949797,1,Desktop
2901,Control,0,169.47676744422242,4,Mobile
2902,Control,0,242.79258597596623,4,Mobile
2903,Control,0,121.03835572308978,6,Desktop
2904,Control,0,165.34217235061152,3,Tablet
2905,Control,0,237.41552240177273,3,Desktop
2906,Control,0,168.50673890268632,4,Desktop
2907,Control,1,210.32286074135533,8,Tablet
2908,Control,0,177.3251876389653,5,Mobile
2909,Control,0,199.12307915285976,6,Desktop
2910,Control,0,172.43401009047528,3,Desktop
2911,Control,0,221.68860100005946,4,Tablet
2912,Control,0,100.02189759264606,3,Desktop
2913,Control,0,165.01783953863003,2,Desktop
2914,Control,1,201.31149721818696,3,Desktop
2915,Control,0,214.3532386403406,1,Tablet
2916,Control,0,267.1123942514605,3,Mobile
2917,Control,0,163.4936433223933,3,Mobile
2918,Control,0,266.371496902348,8,Mobile
2919,Control,0,148.75368953371813,2,Tablet
2920,Control,0,258.0755526349554,1,Tablet
2921,Control,0,229.9606919684105,5,Mobile
2922,Control,0,134.75977812022774,1,Mobile
2923,Control,0,201.8871580488502,8,Desktop
2924,Control,0,182.18202904572948,1,Desktop
2925,Control,0,219.40715265212503,1,Mobile
2926,Control,1,172.72006263616797,5,Mobile
2927,Control,0,168.10145758860477,3,Tablet
2928,Control,1,260.30020205195683,1,Desktop
2929,Control,0,179.570350804938,6,Mobile
2930,Control,0,230.45322783054715,6,Mobile
2931,Control,0,172.60566832256902,3,Mobile
2932,Control,0,276.66647925751374,4,Desktop
2933,Control,0,147.69159538654787,3,Mobile
2934,Control,0,151.22210578140485,4,Desktop
2935,Control,0,268.84844496137464,2,Mobile
2936,Control,0,160.52794850076108,3,Mobile
2937,Control,0,273.0590868390416,1,Desktop
2938,Control,0,234.0512318777147,3,Mobile
2939,Control,1,176.49426613915415,3,Tablet
2940,Control,0,85.26885903905628,2,Desktop
2941,Control,0,183.93749326504903,4,Mobile
2942,Control,0,190.58965294433835,3,Desktop
2943,Control,0,249.19697533174053,2,Mobile
2944,Control,0,272.36459469320613,1,Desktop
2945,Control,0,147.32570514709388,2,Desktop
2946,Control,0,229.06499701935005,2,Mobile
2947,Control,0,227.09711858073422,1,Desktop
2948,Control,0,244.0376986325745,3,Desktop
2949,Control,0,212.42794516745494,4,Tablet
2950,Control,1,78.16262699710265,2,Mobile
2951,Control,0,176.4517662109732,3,Mobile
2952,Control,0,121.43608337956965,5,Mobile
2953,Control,0,173.85668248950594,5,Mobile
2954,Control,0,238.90023298736418,3,Desktop
2955,Control,1,201.7832959731235,4,Desktop
2956,Control,0,248.1449976518588,3,Desktop
2957,Control,0,203.79646563924467,6,Mobile
2958,Control,0,113.59207331821035,2,Desktop
2959,Control,0,46.3534146384996,2,Mobile
2960,Control,0,193.18448189237748,5,Desktop
2961,Control,0,173.2340443506859,3,Mobile
2962,Control,0,131.26798433399648,4,Mobile
2963,Control,0,91.46550126917421,7,Desktop
2964,Control,1,144.58912325900098,4,Desktop
2965,Control,0,174.30296833243733,5,Mobile
2966,Control,0,221.62328030385146,1,Mobile
2967,Control,0,195.3747094862389,2,Mobile
2968,Control,0,273.4436985945001,5,Desktop
2969,Control,1,128.0417769175033,3,Tablet
2970,Control,0,233.45823906315883,1,Mobile
2971,Control,0,187.60143087208004,2,Desktop
2972,Control,0,223.20680182652217,2,Desktop
2973,Control,0,160.9916825203951,3,Mobile
2974,Control,0,243.94242056398244,3,Desktop
2975,Control,0,201.23736170898835,3,Tablet
2976,Control,0,147.63052582952378,3,Mobile
2977,Control,0,184.33867840977464,2,Desktop
2978,Control,0,171.82442775845954,4,Tablet
2979,Control,0,211.90480928507864,1,Desktop
2980,Control,1,120.11227878440202,2,Desktop
2981,Control,0,183.3856563836368,3,Mobile
2982,Control,0,206.7418988957132,5,Mobile
2983,Control,0,186.81628189561684,6,Desktop
2984,Control,0,259.08176844139473,1,Desktop
2985,Control,0,227.57125257390788,2,Desktop
2986,Control,1,184.58855617925894,6,Mobile
2987,Control,0,196.91790036237202,3,Mobile
2988,Control,0,201.26160533150997,4,Mobile
2989,Control,0,207.18147822917533,2,Mobile
2990,Control,0,84.58881023844656,1,Desktop
2991,Control,0,168.4160537326859,1,Mobile
2992,Control,0,103.35585124936155,3,Desktop
2993,Control,0,255.30545211027174,4,Desktop
2994,Control,0,181.65327639983897,3,Mobile
2995,Control,0,174.36624776762073,2,Desktop
2996,Control,0,234.32385326182794,3,Desktop
2997,Control,0,208.2278638597431,2,Desktop
2998,Control,0,122.9251017091436,1,Desktop
2999,Control,0,181.1002050609947,3,Desktop
3000,Control,0,166.56581647254885,3,Desktop
3001,Control,0,89.05069112666703,3,Desktop
3002,Control,0,147.03480717195373,6,Desktop
3003,Control,0,174.9052822890944,6,Desktop
3004,Control,0,178.67769876794867,4,Desktop
3005,Control,0,103.47727169774802,3,Mobile
3006,Control,0,248.34160706761116,1,Desktop
3007,Control,1,179.38433176097087,2,Mobile
3008,Control,0,187.06541921633095,2,Desktop
3009,Control,0,207.03529010869102,1,Desktop
3010,Control,0,141.6558060352981,2,Desktop
3011,Control,0,210.0995785222983,1,Desktop
3012,Control,0,164.81089446899995,1,Desktop
3013,Control,0,135.68779526440446,2,Desktop
3014,Control,0,216.53961213454693,3,Desktop
3015,Control,0,267.04206223409943,3,Mobile
3016,Control,0,224.86561554172076,1,Desktop
3017,Control,0,235.7637660827237,7,Desktop
3018,Control,0,156.36531663907357,5,Mobile
3019,Control,0,97.1309148957349,2,Desktop
3020,Control,0,266.95756371549123,1,Desktop
3021,Control,0,297.99831891726177,3,Desktop
3022,Control,0,269.8543725573325,3,Desktop
3023,Control,0,166.53177335611377,1,Desktop
3024,Control,0,121.49511136991356,5,Tablet
3025,Control,0,126.38745161992384,6,Mobile
3026,Control,0,92.39470878122732,2,Desktop
3027,Control,1,179.0941759874475,3,Desktop
3028,Control,0,273.31228769453503,2,Desktop
3029,Control,0,177.20855524702662,2,Desktop
3030,Control,0,201.62775951915512,4,Mobile
3031,Control,0,260.65783303673146,9,Desktop
3032,Control,0,162.77475784921802,3,Desktop
3033,Control,0,296.9542301195777,5,Desktop
3034,Control,0,294.5651924123599,3,Tablet
3035,Control,0,177.78887637257344,1,Desktop
3036,Control,0,153.2356154789433,3,Mobile
3037,Control,0,223.3480925514672,2,Mobile
3038,Control,1,165.8861281614628,4,Desktop
3039,Control,0,121.38946306129651,5,Desktop
3040,Control,0,255.4681259437639,2,Desktop
3041,Control,0,251.9046063002394,2,Desktop
3042,Control,1,193.55313820699584,6,Mobile
3043,Control,0,115.54243854495022,2,Mobile
3044,Control,0,117.37605618304376,6,Desktop
3045,Control,0,190.8976108630534,3,Desktop
3046,Control,0,157.50709310222322,2,Mobile
3047,Control,0,166.23988873221154,3,Tablet
3048,Control,0,241.2079735283002,2,Tablet
3049,Control,0,225.32486245824066,5,Mobile
3050,Control,0,260.7978474273687,1,Desktop
3051,Control,0,130.51572271425084,4,Desktop
3052,Control,0,166.12446372223084,4,Desktop
3053,Control,0,226.7439932503062,5,Mobile
3054,Control,0,209.64430875570903,4,Desktop
3055,Control,0,269.2809210423192,3,Mobile
3056,Control,1,208.12951882472382,3,Mobile
3057,Control,0,286.6460007258054,2,Desktop
3058,Control,0,214.70097909477275,1,Tablet
3059,Control,0,243.4192096173763,3,Desktop
3060,Control,1,167.20667792685487,4,Desktop
3061,Control,0,185.7857966536194,4,Mobile
3062,Control,0,235.10194221117115,2,Tablet
3063,Control,0,273.713799382618,3,Mobile
3064,Control,0,225.10803221209142,2,Mobile
3065,Control,0,180.42555254359593,6,Mobile
3066,Control,0,260.75342662405876,4,Desktop
3067,Control,0,64.44117390460656,6,Mobile
3068,Control,1,106.77710241712195,3,Desktop
3069,Control,0,222.48988230176138,1,Desktop
3070,Control,0,185.77595959392187,2,Mobile
3071,Control,0,218.3032508118291,5,Mobile
3072,Control,0,188.5424137337568,4,Desktop
3073,Control,0,216.402013203213,3,Desktop
3074,Control,0,140.20784484537452,4,Tablet
3075,Control,0,216.37673473438298,2,Desktop
3076,Control,0,239.69279905141715,9,Tablet
3077,Control,1,252.13028321621778,3,Mobile
3078,Control,0,295.7454862056785,2,Mobile
3079,Control,0,198.42541439263127,2,Desktop
3080,Control,1,200.06510977659485,2,Desktop
3081,Control,0,101.22551447043837,2,Desktop
3082,Control,0,155.77237293738662,4,Mobile
3083,Control,0,174.3804859296363,2,Desktop
3084,Control,0,242.76757537519953,6,Mobile
3085,Control,0,151.3949381750704,2,Mobile
3086,Control,0,228.7987010861858,1,Desktop
3087,Control,0,184.91080556701408,4,Mobile
3088,Control,0,175.2557536686881,3,Desktop
3089,Control,0,198.6891683023291,4,Desktop
3090,Control,0,163.48639952609366,2,Desktop
3091,Control,0,161.4029513549034,4,Desktop
3092,Control,1,91.2367751815437,5,Mobile
3093,Control,0,171.36251859696608,4,Mobile
3094,Control,0,158.60175196182004,1,Mobile
3095,Control,0,156.62104558580063,4,Mobile
3096,Control,0,207.9280184424522,4,Mobile
3097,Control,1,221.22475740347804,2,Mobile
3098,Control,0,197.77069775532803,6,Mobile
3099,Control,0,239.7478354747211,1,Desktop
3100,Control,0,216.65590592067008,5,Mobile
3101,Control,0,168.7719095606897,5,Mobile
3102,Control,0,159.5429042857091,3,Desktop
3103,Control,1,202.20522302217654,3,Desktop
3104,Control,0,216.55719104460454,2,Mobile
3105,Control,0,261.8814368867324,4,Mobile
3106,Control,0,250.51451747170526,1,Desktop
3107,Control,0,155.2189846421057,1,Desktop
3108,Control,0,179.3896545930006,4,Desktop
3109,Control,0,221.90597927047736,2,Desktop
3110,Control,0,243.73987779324347,5,Desktop
3111,Control,0,236.64332077876355,3,Desktop
3112,Control,0,181.48671919427593,6,Desktop
3113,Control,0,116.02875411643159,3,Desktop
3114,Control,0,130.05849930649248,3,Mobile
3115,Control,0,199.9948432875678,4,Desktop
3116,Control,0,203.82240686833902,2,Mobile
3117,Control,0,124.57263446110883,4,Mobile
3118,Control,0,187.45132859890995,5,Mobile
3119,Control,0,219.71733963344806,2,Desktop
3120,Control,0,121.68253383710707,1,Desktop
3121,Control,0,245.7748460992428,9,Mobile
3122,Control,0,164.23578682920962,3,Mobile
3123,Control,0,254.1687211917158,6,Mobile
3124,Control,0,155.66011548232547,1,Desktop
3125,Control,0,128.53559844137015,3,Desktop
3126,Control,0,159.80246555870542,4,Desktop
3127,Control,0,179.7668532307474,5,Desktop
3128,Control,0,163.63360512756856,2,Desktop
3129,Control,1,173.11992181347875,2,Desktop
3130,Control,0,203.36808323219046,4,Desktop
3131,Control,0,175.58513466119803,5,Mobile
3132,Control,0,181.36381833263962,5,Mobile
3133,Control,1,90.99254804385723,2,Desktop
3134,Control,0,206.543390880576,4,Tablet
3135,Control,0,180.09381862695827,2,Mobile
3136,Control,0,273.56611392655793,2,Desktop
3137,Control,0,133.32391580103229,2,Desktop
3138,Control,0,85.5437569325267,3,Desktop
3139,Control,0,218.9937671661523,6,Mobile
3140,Control,0,204.05898600721503,2,Desktop
3141,Control,0,129.53618387078697,2,Desktop
3142,Control,1,100.86380747477497,4,Desktop
3143,Control,0,269.55682018763594,3,Mobile
3144,Control,0,262.776071483373,6,Desktop
3145,Control,0,48.18987827116288,3,Desktop
3146,Control,0,159.79773339089246,4,Desktop
3147,Control,0,276.5305630131145,2,Desktop
3148,Control,0,158.81655932221733,5,Desktop
3149,Control,0,158.0163271285341,4,Desktop
3150,Control,0,169.44823698038473,4,Desktop
3151,Control,0,123.35066644275123,4,Desktop
3152,Control,0,91.23733406745757,5,Desktop
3153,Control,0,242.89010209041118,1,Desktop
3154,Control,0,83.63847015637783,2,Desktop
3155,Control,0,198.59992986598158,6,Desktop
3156,Control,0,233.76187210167072,4,Desktop
3157,Control,1,105.18255356043629,3,Desktop
3158,Control,0,134.16523785727105,2,Desktop
3159,Control,0,251.72485536153744,5,Mobile
3160,Control,0,214.30904461248718,2,Mobile
3161,Control,0,151.0492861216612,1,Desktop
3162,Control,0,251.1236951848644,1,Desktop
3163,Control,0,251.35946478998665,4,Tablet
3164,Control,0,199.7978981158639,3,Desktop
3165,Control,0,135.49118746694853,3,Mobile
3166,Control,0,162.26032130905125,3,Mobile
3167,Control,1,200.75127091754646,2,Tablet
3168,Control,0,174.62728439688814,2,Desktop
3169,Control,0,236.64264480291683,4,Desktop
3170,Control,0,100.8624255939865,1,Desktop
3171,Control,0,102.81550590135687,4,Mobile
3172,Control,0,194.94791113153377,2,Desktop
3173,Control,0,157.96505724062024,3,Desktop
3174,Control,0,150.51232619162425,1,Desktop
3175,Control,0,87.75688044540816,4,Mobile
3176,Control,0,186.0750214639,2,Desktop
3177,Control,0,182.0984690599579,4,Mobile
3178,Control,0,220.94134400734575,3,Mobile
3179,Control,0,188.78983732165347,4,Desktop
3180,Control,0,177.70677569677267,5,Desktop
3181,Control,0,249.73503502346853,5,Mobile
3182,Control,0,112.81429831032976,3,Desktop
3183,Control,0,214.50140703661668,2,Mobile
3184,Control,0,93.08690593625582,2,Mobile
3185,Control,0,138.89009659995557,1,Mobile
3186,Control,0,118.30385770571775,3,Mobile
3187,Control,0,228.0068394498555,3,Desktop
3188,Control,0,181.40243715225333,1,Mobile
3189,Control,0,184.25732154738628,1,Desktop
3190,Control,0,124.12968567488019,3,Mobile
3191,Control,0,168.5168577236911,2,Desktop
3192,Control,1,143.00940831799886,5,Tablet
3193,Control,1,206.0900258169819,6,Tablet
3194,Control,0,130.48998755676126,7,Mobile
3195,Control,0,258.13869008627915,4,Desktop
3196,Control,0,92.8430752706748,3,Desktop
3197,Control,1,140.64140921488914,6,Desktop
3198,Control,0,277.2460280481353,5,Mobile
3199,Control,0,161.0673688620881,2,Mobile
3200,Control,0,112.68167345775734,6,Desktop
3201,Control,0,197.04893593957178,6,Mobile
3202,Control,0,158.85342667820018,1,Desktop
3203,Control,0,139.02713594099316,2,Mobile
3204,Control,0,124.72710540607054,4,Desktop
3205,Control,0,337.2605483094269,4,Desktop
3206,Control,0,171.1646454898725,1,Mobile
3207,Control,0,79.09379518169176,1,Mobile
3208,Control,0,267.1540367453044,3,Desktop
3209,Control,0,218.6088997810814,2,Desktop
3210,Control,0,142.84434629391168,6,Mobile
3211,Control,0,133.6784501222622,2,Mobile
3212,Control,0,222.04100378870268,2,Tablet
3213,Control,0,171.41949198807998,3,Desktop
3214,Control,0,79.07121998551943,4,Mobile
3215,Control,0,283.2981980532568,4,Mobile
3216,Control,0,161.13052457812236,1,Desktop
3217,Control,0,267.25644550653345,2,Desktop
3218,Control,0,255.31392268811433,8,Mobile
3219,Control,0,129.94447505344522,3,Desktop
3220,Control,0,241.82544253997312,3,Desktop
3221,Control,0,149.17065975749753,3,Desktop
3222,Control,0,82.3314677257832,2,Mobile
3223,Control,0,161.64710086878216,3,Desktop
3224,Control,0,206.87006259769535,3,Mobile
3225,Control,0,159.5494843602014,5,Desktop
3226,Control,0,168.11234124911942,7,Desktop
3227,Control,0,247.8961324710737,5,Tablet
3228,Control,0,190.85716891595504,3,Mobile
3229,Control,0,138.61859287932762,2,Desktop
3230,Control,0,223.61166780170296,3,Mobile
3231,Control,0,195.87215618248348,4,Mobile
3232,Control,0,46.31173591958765,3,Mobile
3233,Control,0,208.55941025742968,5,Mobile
3234,Control,0,206.5505789243856,4,Desktop
3235,Control,0,186.1066621269473,3,Desktop
3236,Control,0,234.04353195882663,6,Mobile
3237,Control,0,148.01835286204238,4,Desktop
3238,Control,1,203.50748838514954,4,Tablet
3239,Control,0,98.81723458579559,2,Desktop
3240,Control,0,207.38997108693576,3,Desktop
3241,Control,0,292.4182832546943,7,Desktop
3242,Control,0,130.28290061428524,5,Mobile
3243,Control,0,143.21088274067236,2,Desktop
3244,Control,0,145.94915064096463,6,Desktop
3245,Control,0,192.14990241908774,3,Tablet
3246,Control,0,126.5330049930455,4,Mobile
3247,Control,0,208.1686058280039,7,Desktop
3248,Control,0,231.5761970008041,4,Desktop
3249,Control,0,214.38909673995815,3,Desktop
3250,Control,0,87.73715158990602,1,Mobile
3251,Control,0,239.73422158372333,3,Mobile
3252,Control,0,236.5552077839524,1,Mobile
3253,Control,0,230.65887547904674,5,Tablet
3254,Control,0,205.50632367607037,2,Mobile
3255,Control,0,197.1104122812823,3,Desktop
3256,Control,0,241.7814168969518,3,Desktop
3257,Control,0,290.79324181819,3,Mobile
3258,Control,0,132.58277451493325,3,Mobile
3259,Control,0,244.29689676871246,6,Mobile
3260,Control,0,180.2580596095901,1,Mobile
3261,Control,0,177.86798213842695,7,Desktop
3262,Control,0,100.49081202898789,6,Desktop
3263,Control,0,169.33658247665326,2,Mobile
3264,Control,0,130.15042731173716,3,Desktop
3265,Control,0,159.48800637717298,1,Desktop
3266,Control,0,124.59974889220176,2,Desktop
3267,Control,0,160.31003869778465,2,Mobile
3268,Control,0,162.66393036371284,3,Tablet
3269,Control,0,190.32152051413402,4,Desktop
3270,Control,0,96.1887575739768,3,Mobile
3271,Control,0,105.49650187400721,1,Mobile
3272,Control,0,204.90528489017896,1,Mobile
3273,Control,0,141.14090356114457,3,Mobile
3274,Control,0,244.0991384626462,4,Desktop
3275,Control,0,197.38983471082756,1,Desktop
3276,Control,0,218.3719182613524,2,Desktop
3277,Control,0,262.5880776231492,2,Tablet
3278,Control,0,167.9659053506385,3,Desktop
3279,Control,0,153.40323120210485,4,Tablet
3280,Control,0,232.94364220793474,4,Desktop
3281,Control,0,213.02324601613273,3,Mobile
3282,Control,0,174.69683295982844,8,Mobile
3283,Control,0,261.5301881825768,5,Mobile
3284,Control,0,173.32656295880383,5,Desktop
3285,Control,0,186.80255006556797,1,Desktop
3286,Control,0,186.1672457958842,1,Desktop
3287,Control,0,133.5973357805841,1,Mobile
3288,Control,0,189.2671964217515,5,Mobile
3289,Control,1,261.821809756917,6,Desktop
3290,Control,0,209.47325734568966,4,Desktop
3291,Control,0,186.70848845194124,1,Desktop
3292,Control,0,176.1027995358882,2,Desktop
3293,Control,0,203.1976865623493,3,Desktop
3294,Control,0,226.23716456690516,4,Tablet
3295,Control,1,218.50813569893643,2,Mobile
3296,Control,0,166.74743259979115,3,Desktop
3297,Control,0,202.8629876760563,2,Desktop
3298,Control,0,211.39668576315532,3,Desktop
3299,Control,0,129.6042756860162,5,Desktop
3300,Control,0,194.25267976510318,4,Mobile
3301,Control,0,66.12828625337009,4,Desktop
3302,Control,1,211.53935404016516,5,Desktop
3303,Control,0,221.31886800094748,3,Desktop
3304,Control,0,226.11503691825527,1,Desktop
3305,Control,0,163.2724231306738,2,Desktop
3306,Control,0,201.99757592632193,5,Mobile
3307,Control,0,263.3174615047642,7,Mobile
3308,Control,0,262.75733065601923,5,Desktop
3309,Control,0,183.39550154253917,3,Mobile
3310,Control,0,192.6625796901258,4,Mobile
3311,Control,0,246.10011296039383,2,Mobile
3312,Control,0,102.45588916058038,3,Mobile
3313,Control,0,167.23083415276363,4,Mobile
3314,Control,0,258.4563750545216,1,Desktop
3315,Control,0,238.63602979266213,4,Desktop
3316,Control,0,205.30950777074474,4,Mobile
3317,Control,0,102.17921770681588,1,Mobile
3318,Control,0,182.25493718273609,1,Desktop
3319,Control,0,152.55465320625368,2,Mobile
3320,Control,0,203.20713965494673,3,Desktop
3321,Control,0,140.4859323362816,4,Mobile
3322,Control,0,128.5852132763966,4,Mobile
3323,Control,0,71.43240972739972,5,Desktop
3324,Control,0,252.1992576737186,3,Mobile
3325,Control,0,163.01262187063185,7,Desktop
3326,Control,0,193.6430181036394,5,Desktop
3327,Control,0,184.87690359392005,3,Mobile
3328,Control,0,126.29113368717253,6,Desktop
3329,Control,0,115.75142987034937,3,Desktop
3330,Control,0,129.70766807015204,3,Mobile
3331,Control,0,145.22573586438338,3,Mobile
3332,Control,0,205.16334358575926,2,Desktop
3333,Control,0,141.23552850636636,2,Mobile
3334,Control,0,281.05698473770417,5,Desktop
3335,Control,0,241.4933069741233,4,Mobile
3336,Control,0,229.45977523161395,1,Desktop
3337,Control,1,178.41876036397673,3,Mobile
3338,Control,0,268.2854404646266,3,Mobile
3339,Control,0,173.00969028833816,5,Desktop
3340,Control,0,183.28062222151647,2,Desktop
3341,Control,0,194.3485996862098,2,Desktop
3342,Control,0,223.6002672298839,4,Mobile
3343,Control,0,220.0299443451642,4,Desktop
3344,Control,0,158.8681096855468,4,Tablet
3345,Control,0,155.68534543157256,1,Desktop
3346,Control,0,220.19466264336464,4,Desktop
3347,Control,0,224.3380121140178,2,Tablet
3348,Control,0,163.365688134742,1,Mobile
3349,Control,0,97.70465616768503,3,Mobile
3350,Control,0,173.59761471954656,6,Tablet
3351,Control,0,219.29391893542223,7,Tablet
3352,Control,0,284.2979265530879,3,Desktop
3353,Control,1,119.11231207126359,10,Desktop
3354,Control,0,161.53858109431846,3,Desktop
3355,Control,0,163.58280411610428,1,Mobile
3356,Control,0,259.5692936687326,5,Desktop
3357,Control,0,183.0782174747752,3,Mobile
3358,Control,0,135.0970392345254,2,Mobile
3359,Control,0,215.72824056070004,3,Mobile
3360,Control,0,162.74488139774795,6,Desktop
3361,Control,0,117.65869996531251,3,Desktop
3362,Control,0,135.8974680998117,6,Desktop
3363,Control,0,280.3723074932441,4,Desktop
3364,Control,0,206.1315071907204,1,Desktop
3365,Control,1,190.92680304988986,3,Desktop
3366,Control,0,171.25584453033747,3,Mobile
3367,Control,0,201.06818631653394,3,Tablet
3368,Control,0,200.4129770301372,1,Tablet
3369,Control,0,201.06928555140294,1,Desktop
3370,Control,0,191.31647996527641,4,Mobile
3371,Control,0,232.7839086068052,4,Mobile
3372,Control,0,186.2707390300402,2,Mobile
3373,Control,0,131.21336404460487,5,Mobile
3374,Control,0,151.31674100045225,2,Tablet
3375,Control,0,76.15397185806583,1,Desktop
3376,Control,0,296.47494138233156,3,Mobile
3377,Control,0,232.45150255739776,3,Mobile
3378,Control,0,139.34612276789198,2,Desktop
3379,Control,0,169.4985332831595,2,Desktop
3380,Control,0,149.97179391864617,2,Desktop
3381,Control,0,269.84009662557645,1,Tablet
3382,Control,0,106.90675596509891,2,Mobile
3383,Control,0,191.29618323503286,3,Mobile
3384,Control,0,179.03096865893338,1,Desktop
3385,Control,0,230.4761246890013,3,Desktop
3386,Control,0,179.27949247514178,1,Mobile
3387,Control,0,88.29851178395107,1,Desktop
3388,Control,0,171.18851909466576,3,Desktop
3389,Control,0,131.5310780131171,4,Mobile
3390,Control,0,189.37687506061084,7,Mobile
3391,Control,0,263.87973700861795,2,Mobile
3392,Control,0,89.3316115672247,3,Desktop
3393,Control,0,140.9877495530053,4,Desktop
3394,Control,0,154.60188754190767,2,Mobile
3395,Control,1,164.01028975227337,1,Desktop
3396,Control,1,225.70691152578843,3,Desktop
3397,Control,0,175.45505703412368,6,Desktop
3398,Control,0,207.86914991462447,1,Desktop
3399,Control,0,150.5824825947523,5,Desktop
3400,Control,0,197.64583899798657,3,Desktop
3401,Control,0,227.77886969827432,5,Desktop
3402,Control,0,144.72352476446014,3,Desktop
3403,Control,1,227.9746965893583,4,Desktop
3404,Control,0,187.88050228001626,1,Mobile
3405,Control,0,242.5003132265239,3,Desktop
3406,Control,0,173.92190549576645,4,Desktop
3407,Control,0,205.96845603391543,5,Desktop
3408,Control,1,182.76665725768086,2,Desktop
3409,Control,0,179.70832558776814,2,Desktop
3410,Control,0,199.24117355241293,4,Desktop
3411,Control,0,214.5244108073697,6,Desktop
3412,Control,0,116.27392984417972,3,Desktop
3413,Control,0,263.8498484849833,7,Desktop
3414,Control,0,82.71853276976108,4,Desktop
3415,Control,0,147.33533396436073,1,Desktop
3416,Control,0,179.81520110793048,2,Desktop
3417,Control,0,207.67957829972715,5,Mobile
3418,Control,0,271.6894890257758,4,Desktop
3419,Control,0,82.7939681476191,2,Tablet
3420,Control,0,157.07682293856593,3,Tablet
3421,Control,0,68.0241581710404,2,Desktop
3422,Control,0,186.73920856506362,3,Mobile
3423,Control,0,199.9425971475017,4,Tablet
3424,Control,0,272.4937658194189,1,Desktop
3425,Control,0,191.63491184913997,4,Desktop
3426,Control,0,242.42138211933087,1,Desktop
3427,Control,0,217.11103948464824,2,Mobile
3428,Control,0,161.06134916471575,6,Desktop
3429,Control,0,107.50715892643784,3,Tablet
3430,Control,0,200.1251264060496,3,Desktop
3431,Control,0,102.93438905700499,5,Tablet
3432,Control,1,256.23638899683044,1,Desktop
3433,Control,0,176.08658438797468,2,Mobile
3434,Control,0,250.7347576331279,1,Mobile
3435,Control,0,158.58820612271802,2,Desktop
3436,Control,0,199.78679325205457,2,Mobile
3437,Control,0,196.51418715340787,4,Desktop
3438,Control,0,182.5225735093992,2,Desktop
3439,Control,1,161.20372676318743,9,Tablet
3440,Control,1,206.58508101587861,2,Desktop
3441,Control,0,134.06102050842355,4,Desktop
3442,Control,0,118.48105690725177,3,Desktop
3443,Control,0,253.35547913297552,4,Mobile
3444,Control,1,224.9942393890655,9,Desktop
3445,Control,1,188.6240384731232,2,Mobile
3446,Control,0,276.582831039908,3,Mobile
3447,Control,0,170.27289647013353,3,Desktop
3448,Control,0,257.7486770993939,8,Desktop
3449,Control,0,194.6565746709202,4,Mobile
3450,Control,0,128.63870874579854,4,Mobile
3451,Control,0,286.64221054739676,1,Desktop
3452,Control,0,239.48909656432468,1,Desktop
3453,Control,0,178.34384329447397,4,Tablet
3454,Control,0,224.9944192743672,3,Mobile
3455,Control,1,162.79631113011513,1,Mobile
3456,Control,0,230.6031969282748,6,Desktop
3457,Control,0,53.49067890938224,1,Mobile
3458,Control,0,128.91092664679735,1,Desktop
3459,Control,0,238.85928593578296,2,Mobile
3460,Control,0,171.26894539795944,1,Mobile
3461,Control,0,196.41482621888082,7,Desktop
3462,Control,0,110.9267885836511,3,Desktop
3463,Control,0,286.63268476361566,2,Mobile
3464,Control,0,250.47913040447222,7,Mobile
3465,Control,0,173.96231298935686,3,Mobile
3466,Control,0,162.74172787251706,1,Mobile
3467,Control,0,241.62823987808312,2,Desktop
3468,Control,0,294.035874759291,3,Mobile
3469,Control,0,237.45681406962444,1,Mobile
3470,Control,0,304.4491467068131,1,Desktop
3471,Control,0,134.27067690159453,2,Mobile
3472,Control,0,139.93372432256652,3,Mobile
3473,Control,0,119.60823850706582,3,Mobile
3474,Control,0,209.29683573072137,6,Desktop
3475,Control,0,194.65819523924037,9,Desktop
3476,Control,0,176.64268820904078,1,Tablet
3477,Control,1,229.5092245467814,3,Desktop
3478,Control,0,252.77807328680652,1,Desktop
3479,Control,0,101.08856748922369,1,Mobile
3480,Control,0,152.16653846543863,3,Desktop
3481,Control,0,230.1078976767683,1,Desktop
3482,Control,0,159.274372387778,4,Desktop
3483,Control,0,141.09866580030152,4,Tablet
3484,Control,1,241.0195585207717,4,Desktop
3485,Control,0,114.0774961651811,2,Mobile
3486,Control,0,168.41311057148923,1,Mobile
3487,Control,0,203.07542141926447,2,Desktop
3488,Control,0,153.43990473494347,2,Desktop
3489,Control,0,228.07356108072463,5,Desktop
3490,Control,0,153.7117663641447,3,Tablet
3491,Control,0,262.47407213952556,2,Mobile
3492,Control,0,178.08395363773252,6,Mobile
3493,Control,0,221.91985751879446,4,Desktop
3494,Control,0,226.0313174140549,5,Desktop
3495,Control,0,150.485299849076,2,Desktop
3496,Control,0,72.05823982392613,1,Mobile
3497,Control,0,204.84156650651093,4,Mobile
3498,Control,0,188.97585909186782,4,Mobile
3499,Control,0,215.570431516632,4,Mobile
3500,Control,0,172.54098901894392,2,Desktop
3501,Control,0,161.32647656596063,4,Mobile
3502,Control,0,295.46601560399347,1,Mobile
3503,Control,1,104.02052661690722,5,Desktop
3504,Control,0,225.3672763100331,3,Mobile
3505,Control,0,153.3968977999135,1,Mobile
3506,Control,0,166.5321760242768,4,Desktop
3507,Control,1,167.5593442084319,4,Desktop
3508,Control,0,140.81111492058085,2,Desktop
3509,Control,0,216.41733156299318,3,Tablet
3510,Control,0,261.4853977772476,3,Mobile
3511,Control,0,210.85075136856636,2,Desktop
3512,Control,0,190.68600979166524,2,Mobile
3513,Control,1,130.74577254954144,4,Desktop
3514,Control,0,213.4253896203448,2,Desktop
3515,Control,0,303.5992297451114,4,Desktop
3516,Control,1,164.0617956912699,1,Desktop
3517,Control,0,164.32090313564737,3,Desktop
3518,Control,0,154.14009779604515,3,Mobile
3519,Control,0,158.08221710280688,2,Mobile
3520,Control,0,34.00852454801884,2,Desktop
3521,Control,0,207.2769462220642,4,Desktop
3522,Control,0,138.49463030049623,4,Desktop
3523,Control,0,96.43552846645099,1,Desktop
3524,Control,0,226.4254472352902,2,Desktop
3525,Control,0,125.48902182269352,3,Mobile
3526,Control,0,166.37320203639334,1,Desktop
3527,Control,1,265.6543315153719,1,Desktop
3528,Control,0,107.49313110865175,7,Desktop
3529,Control,1,100.7070970971231,3,Tablet
3530,Control,0,199.8118404259286,2,Desktop
3531,Control,0,248.22180502057026,8,Desktop
3532,Control,0,98.41120552474203,3,Desktop
3533,Control,0,207.42293552604474,1,Desktop
3534,Control,0,216.95497469789308,4,Tablet
3535,Control,0,71.74617339692239,3,Desktop
3536,Control,0,228.91757358489713,2,Mobile
3537,Control,0,233.21332339131988,10,Desktop
3538,Control,0,167.85179347091864,5,Desktop
3539,Control,0,253.87904992639045,1,Mobile
3540,Control,0,247.50505658786648,5,Mobile
3541,Control,0,190.67148591444627,3,Desktop
3542,Control,0,160.17050353212863,4,Mobile
3543,Control,0,131.49446590793735,2,Desktop
3544,Control,0,182.93400698485948,2,Tablet
3545,Control,0,216.33674058372983,7,Mobile
3546,Control,0,167.17027264276473,4,Desktop
3547,Control,0,64.13744471058835,5,Desktop
3548,Control,0,254.77926420171138,3,Desktop
3549,Control,0,195.46227720146916,4,Mobile
3550,Control,0,164.12065268277414,1,Desktop
3551,Control,0,232.14371136328086,3,Desktop
3552,Control,0,268.8551228065516,4,Tablet
3553,Control,0,30.89486367816596,7,Desktop
3554,Control,0,208.88450074571392,5,Desktop
3555,Control,0,106.5342934054309,7,Desktop
3556,Control,0,212.45107787394176,3,Desktop
3557,Control,0,192.03599613060186,5,Mobile
3558,Control,0,219.96495895423024,1,Mobile
3559,Control,0,157.54138120279396,4,Desktop
3560,Control,0,81.97179384994664,3,Desktop
3561,Control,0,160.22974948088324,3,Desktop
3562,Control,0,207.37661993268807,1,Desktop
3563,Control,0,240.84657807713728,3,Desktop
3564,Control,0,120.54927847401112,1,Desktop
3565,Control,0,241.48832347801596,2,Desktop
3566,Control,0,149.36702406944133,3,Mobile
3567,Control,0,204.93474348769897,1,Desktop
3568,Control,0,156.9558325923902,4,Mobile
3569,Control,0,195.0193845241656,4,Desktop
3570,Control,0,234.0532699013651,3,Mobile
3571,Control,0,117.51422574913053,3,Mobile
3572,Control,0,147.60517567892427,4,Mobile
3573,Control,0,195.17294230381475,2,Desktop
3574,Control,1,317.08710135666934,1,Desktop
3575,Control,0,137.52456583082446,1,Mobile
3576,Control,0,297.20736372983055,2,Desktop
3577,Control,0,295.24328170213437,2,Desktop
3578,Control,0,179.6478867114125,4,Tablet
3579,Control,0,168.60161105900548,6,Mobile
3580,Control,0,146.93641407344194,2,Mobile
3581,Control,0,181.2488608317032,5,Desktop
3582,Control,0,107.63043120922431,1,Desktop
3583,Control,0,180.80685404736712,2,Desktop
3584,Control,0,267.3284150617971,5,Mobile
3585,Control,0,151.39032156378053,4,Desktop
3586,Control,0,171.7601632806022,2,Desktop
3587,Control,0,91.4372739153017,2,Mobile
3588,Control,0,205.5734148472074,4,Desktop
3589,Control,0,199.54649267232557,1,Mobile
3590,Control,0,188.5036297871174,3,Desktop
3591,Control,1,173.0745122377821,6,Desktop
3592,Control,0,168.89831446751498,2,Desktop
3593,Control,0,212.60451285353696,3,Mobile
3594,Control,0,183.41508691262572,1,Desktop
3595,Control,0,202.32345293554326,1,Mobile
3596,Control,0,196.82405496000013,3,Mobile
3597,Control,0,246.78850079026688,3,Mobile
3598,Control,0,222.23467535562799,5,Tablet
3599,Control,0,195.60740137326047,3,Desktop
3600,Control,0,268.5132116858699,4,Desktop
3601,Control,0,208.11476909811088,3,Desktop
3602,Control,0,256.772947883473,4,Tablet
3603,Control,0,218.38184346126508,4,Mobile
3604,Control,0,83.69445065876513,4,Mobile
3605,Control,0,256.7659119825631,4,Desktop
3606,Control,0,192.4346932738468,2,Desktop
3607,Control,0,182.1424876004572,2,Desktop
3608,Control,0,200.47415911192672,4,Mobile
3609,Control,1,166.0259260923613,1,Desktop
3610,Control,1,197.486587321392,6,Desktop
3611,Control,0,152.4468163511299,5,Mobile
3612,Control,0,255.08497423039034,3,Mobile
3613,Control,0,178.75265375084223,2,Desktop
3614,Control,0,163.95788865026617,4,Tablet
3615,Control,0,134.12908013543995,3,Desktop
3616,Control,0,199.78266840317528,5,Desktop
3617,Control,0,195.29089050688006,2,Mobile
3618,Control,0,206.36335375226287,3,Desktop
3619,Control,0,128.5011461872179,5,Tablet
3620,Control,0,96.93503406536348,3,Desktop
3621,Control,0,219.40752163786078,6,Tablet
3622,Control,0,266.6553024032079,2,Desktop
3623,Control,0,128.5505507685557,4,Mobile
3624,Control,0,272.4192705958934,3,Tablet
3625,Control,0,200.61510823050094,5,Desktop
3626,Control,0,184.61154024970438,2,Desktop
3627,Control,0,163.1348216899822,1,Desktop
3628,Control,0,108.85150893162519,2,Mobile
3629,Control,0,239.325068375853,2,Desktop
3630,Control,0,142.34165012093183,5,Desktop
3631,Control,0,142.11063283443198,1,Mobile
3632,Control,0,239.5559470437825,6,Mobile
3633,Control,0,81.43591043305504,3,Desktop
3634,Control,0,101.20212041325084,4,Mobile
3635,Control,0,184.0026166070555,7,Desktop
3636,Control,0,201.13064359526686,4,Mobile
3637,Control,1,211.6604056382908,2,Desktop
3638,Control,0,168.40108286320608,4,Desktop
3639,Control,0,324.1703317752929,4,Mobile
3640,Control,0,172.4659092678791,8,Desktop
3641,Control,0,172.3067616343503,5,Desktop
3642,Control,1,141.16573321523674,2,Mobile
3643,Control,0,191.8148749086589,1,Mobile
3644,Control,0,218.8228677625726,6,Desktop
3645,Control,0,251.1967929993403,3,Mobile
3646,Control,0,103.08936545578801,1,Mobile
3647,Control,0,171.47025639043645,3,Mobile
3648,Control,0,209.56869859450293,1,Desktop
3649,Control,0,217.28816440269946,4,Desktop
3650,Control,1,185.36017617924966,3,Desktop
3651,Control,0,214.8333183242656,2,Desktop
3652,Control,0,140.50698588908097,4,Desktop
3653,Control,0,270.6847987775096,5,Desktop
3654,Control,0,239.59454566386862,3,Tablet
3655,Control,0,111.02897171141552,2,Mobile
3656,Control,0,125.86933235357844,6,Desktop
3657,Control,0,127.41930374412016,1,Desktop
3658,Control,0,222.28834839930906,2,Desktop
3659,Control,0,114.3399728470393,6,Desktop
3660,Control,1,166.79366161855557,3,Tablet
3661,Control,0,210.0087418029226,4,Desktop
3662,Control,0,181.3608735999461,1,Mobile
3663,Control,0,199.23881336419882,5,Desktop
3664,Control,0,126.3808508758183,1,Mobile
3665,Control,0,217.71699053684847,2,Mobile
3666,Control,0,151.2733459138202,5,Desktop
3667,Control,0,167.14591790811323,3,Desktop
3668,Control,0,198.07524503482924,4,Mobile
3669,Control,0,190.66930218419665,5,Desktop
3670,Control,0,186.31890104585761,3,Desktop
3671,Control,0,143.71552479127843,5,Desktop
3672,Control,0,168.52478238404444,1,Desktop
3673,Control,0,185.12009749603698,1,Desktop
3674,Control,0,109.37031217581033,2,Desktop
3675,Control,0,159.56068685276415,4,Tablet
3676,Control,0,206.32239334680656,5,Desktop
3677,Control,0,114.74098678850615,8,Desktop
3678,Control,0,248.61199083768318,4,Desktop
3679,Control,0,254.82872944299135,4,Desktop
3680,Control,0,116.51671832219529,5,Mobile
3681,Control,0,259.6690798177577,2,Tablet
3682,Control,0,177.1030126208326,11,Mobile
3683,Control,0,208.01830075363802,3,Desktop
3684,Control,0,157.68419213294644,4,Desktop
3685,Control,0,235.7674654974719,1,Desktop
3686,Control,0,207.33517103667668,5,Desktop
3687,Control,1,140.2215708871318,2,Desktop
3688,Control,0,120.91389000190914,3,Mobile
3689,Control,0,104.68336606349276,2,Desktop
3690,Control,0,195.3367977038016,3,Desktop
3691,Control,0,216.48592764788546,4,Mobile
3692,Control,0,220.8031123328693,2,Tablet
3693,Control,0,178.51103979659422,6,Desktop
3694,Control,0,121.36519493845998,3,Desktop
3695,Control,0,147.48588610869194,3,Mobile
3696,Control,0,248.37917514290592,5,Desktop
3697,Control,1,158.34542894699553,6,Tablet
3698,Control,0,192.8879696874812,1,Desktop
3699,Control,1,125.8392234033812,3,Desktop
3700,Control,0,203.51206750024693,5,Desktop
3701,Control,0,159.82734910765072,3,Mobile
3702,Control,0,242.569199257667,3,Mobile
3703,Control,0,227.54567384137474,3,Mobile
3704,Control,0,157.73617293838052,5,Tablet
3705,Control,1,178.0334784958785,3,Desktop
3706,Control,0,154.68860679776543,2,Mobile
3707,Control,0,106.93117419002446,2,Mobile
3708,Control,0,137.8406663749031,4,Mobile
3709,Control,0,195.9019530246451,1,Desktop
3710,Control,1,202.889272402627,6,Mobile
3711,Control,0,193.17013469759513,1,Mobile
3712,Control,0,168.40468203227505,1,Mobile
3713,Control,0,236.3186633146542,4,Desktop
3714,Control,0,188.49480475085156,2,Mobile
3715,Control,1,223.6789605452771,3,Mobile
3716,Control,0,87.44236772886148,1,Desktop
3717,Control,0,30.73201383900883,3,Desktop
3718,Control,0,200.6083415310944,3,Desktop
3719,Control,0,106.63788904531808,3,Mobile
3720,Control,0,173.31515635078193,3,Mobile
3721,Control,0,168.3846627436467,6,Desktop
3722,Control,0,272.30703313285454,1,Mobile
3723,Control,1,206.99981041189835,3,Desktop
3724,Control,0,194.122246473927,6,Desktop
3725,Control,0,231.03451350485204,1,Desktop
3726,Control,1,205.26736727614713,3,Desktop
3727,Control,0,159.82776538563618,1,Mobile
3728,Control,0,243.9311761640008,3,Tablet
3729,Control,0,123.96374296614492,4,Desktop
3730,Control,0,202.77859531434592,4,Tablet
3731,Control,0,99.88366132250289,3,Mobile
3732,Control,1,196.21691216337973,3,Desktop
3733,Control,0,195.61443029751112,3,Desktop
3734,Control,0,277.20502290530646,1,Mobile
3735,Control,0,98.92643586070213,2,Mobile
3736,Control,0,151.95120532804032,5,Desktop
3737,Control,0,230.24753346157792,2,Desktop
3738,Control,0,203.44244910185193,4,Mobile
3739,Control,0,194.91677782356265,1,Desktop
3740,Control,0,132.41253633728036,3,Mobile
3741,Control,1,152.5049908549714,2,Desktop
3742,Control,0,253.4772554522791,5,Desktop
3743,Control,0,182.16699434353396,6,Desktop
3744,Control,0,205.64478328794604,4,Desktop
3745,Control,0,178.66464191729366,1,Desktop
3746,Control,0,119.93029666126291,5,Desktop
3747,Control,0,236.35957343412483,2,Mobile
3748,Control,0,212.67778114928728,4,Desktop
3749,Control,0,311.8100260551954,4,Mobile
3750,Control,0,129.14302411922003,1,Mobile
3751,Control,0,230.24151066602644,5,Mobile
3752,Control,1,112.86508186796493,2,Desktop
3753,Control,0,193.65406122201927,6,Mobile
3754,Control,0,238.70786239847405,4,Mobile
3755,Control,0,71.03256861469322,3,Desktop
3756,Control,0,173.72871391671157,1,Desktop
3757,Control,0,154.02346462765587,8,Desktop
3758,Control,0,146.3923485937683,3,Desktop
3759,Control,0,206.18669587426447,3,Mobile
3760,Control,0,246.63771385324273,6,Mobile
3761,Control,0,177.66967066239644,1,Mobile
3762,Control,0,196.30175351580112,3,Desktop
3763,Control,0,191.28698141825862,5,Tablet
3764,Control,0,185.0991928496028,3,Mobile
3765,Control,0,125.08615492583417,3,Desktop
3766,Control,0,245.9644530947591,1,Mobile
3767,Control,0,201.23574524873598,4,Desktop
3768,Control,0,206.71848195014178,4,Desktop
3769,Control,0,140.64197040359298,5,Mobile
3770,Control,0,159.74287811059176,2,Mobile
3771,Control,0,175.3126191259072,2,Desktop
3772,Control,1,100.62314186031317,2,Mobile
3773,Control,0,92.1581121141277,3,Desktop
3774,Control,0,151.95886381487878,3,Mobile
3775,Control,0,213.73864215433144,2,Desktop
3776,Control,1,149.07744355385324,3,Tablet
3777,Control,0,128.96571413251075,1,Mobile
3778,Control,0,140.19228907192814,5,Desktop
3779,Control,0,159.9561667270078,2,Mobile
3780,Control,0,165.5377570448943,4,Mobile
3781,Control,0,304.1036798713606,5,Desktop
3782,Control,0,243.00413456680252,1,Tablet
3783,Control,0,241.36257617549504,3,Tablet
3784,Control,0,249.27192003503598,4,Desktop
3785,Control,0,130.06485218662726,3,Desktop
3786,Control,0,117.76994617570185,3,Desktop
3787,Control,0,124.12213396562689,3,Desktop
3788,Control,0,258.3978373335811,3,Desktop
3789,Control,0,154.904451611463,6,Desktop
3790,Control,1,116.17540997683922,1,Tablet
3791,Control,0,161.29520898791029,5,Mobile
3792,Control,0,171.8766957556955,5,Mobile
3793,Control,0,199.76273005320093,5,Tablet
3794,Control,0,198.80230613916237,7,Desktop
3795,Control,0,139.45006898695704,3,Mobile
3796,Control,0,222.7111015882541,6,Desktop
3797,Control,0,149.8443556437413,2,Mobile
3798,Control,0,176.40480148122262,2,Desktop
3799,Control,0,222.77257387768452,1,Desktop
3800,Control,0,149.69982278306122,4,Desktop
3801,Control,0,153.68567170303743,1,Mobile
3802,Control,1,217.5417427331222,5,Tablet
3803,Control,0,137.82467528672393,1,Desktop
3804,Control,1,163.8364387017761,3,Desktop
3805,Control,0,215.5658197923591,2,Mobile
3806,Control,1,297.9750842789786,1,Desktop
3807,Control,0,218.29724776195107,2,Tablet
3808,Control,0,210.99518696445062,3,Desktop
3809,Control,0,214.19408710200014,1,Desktop
3810,Control,0,125.97453492631229,2,Desktop
3811,Control,0,191.35782062739494,3,Mobile
3812,Control,0,183.3628431414979,1,Desktop
3813,Control,0,202.6871497205016,6,Desktop
3814,Control,0,191.4079428861729,3,Mobile
3815,Control,0,205.88348225794118,1,Desktop
3816,Control,0,167.86930428054393,3,Desktop
3817,Control,0,188.2234904554486,4,Tablet
3818,Control,0,117.46942886686543,6,Mobile
3819,Control,0,167.40509970983973,5,Desktop
3820,Control,0,261.49584514971536,1,Desktop
3821,Control,0,202.53445867955406,3,Desktop
3822,Control,0,183.84934294393076,1,Mobile
3823,Control,0,289.2867801939891,4,Mobile
3824,Control,0,110.15407619344064,2,Mobile
3825,Control,0,123.97994445045791,3,Mobile
3826,Control,0,279.199127620195,4,Desktop
3827,Control,0,187.52785148269135,7,Desktop
3828,Control,0,171.65793300406133,3,Mobile
3829,Control,0,119.04376211973963,3,Desktop
3830,Control,0,209.62329465172564,3,Mobile
3831,Control,0,214.94529282401044,3,Desktop
3832,Control,0,124.8028101540807,5,Desktop
3833,Control,0,177.28484279472644,2,Mobile
3834,Control,0,166.54662923818137,1,Mobile
3835,Control,0,199.0787430530324,3,Mobile
3836,Treatment,0,136.4412366778646,5,Mobile
3837,Treatment,1,266.8571099982237,4,Desktop
3838,Treatment,0,248.37030798786822,5,Tablet
3839,Treatment,1,178.0253442696951,3,Mobile
3840,Treatment,0,186.09697085988958,2,Desktop
3841,Treatment,0,190.49678173473112,3,Mobile
3842,Treatment,0,155.19302958464232,2,Mobile
3843,Treatment,0,173.61138199707304,1,Mobile
3844,Treatment,0,183.1351297778965,4,Mobile
3845,Treatment,0,286.70776038889204,2,Mobile
3846,Treatment,0,250.06400695817402,3,Desktop
3847,Treatment,1,249.4060089035143,6,Desktop
3848,Treatment,0,218.34590871524148,3,Mobile
3849,Treatment,0,136.5470145087821,6,Mobile
3850,Treatment,0,195.71798924824415,6,Desktop
3851,Treatment,0,251.3768652787359,5,Desktop
3852,Treatment,0,128.79544538479917,4,Desktop
3853,Treatment,0,233.01042637802954,2,Mobile
3854,Treatment,1,325.74350738945213,4,Desktop
3855,Treatment,0,256.39991552943525,7,Mobile
3856,Treatment,0,275.7716024559093,4,Desktop
3857,Treatment,0,210.00863127431884,1,Mobile
3858,Treatment,0,251.23625718207444,3,Tablet
3859,Treatment,0,158.51807321052806,6,Mobile
3860,Treatment,0,241.77250967876745,4,Desktop
3861,Treatment,0,233.99134737334197,2,Mobile
3862,Treatment,0,213.94511457207147,3,Desktop
3863,Treatment,0,270.3804080845174,1,Desktop
3864,Treatment,0,168.36683391839364,2,Desktop
3865,Treatment,0,187.71183659394856,1,Desktop
3866,Treatment,0,203.25041227470632,5,Desktop
3867,Treatment,0,141.37139659008295,1,Mobile
3868,Treatment,0,210.48125690901364,3,Desktop
3869,Treatment,0,103.45882728753841,5,Mobile
3870,Treatment,0,255.5824993935515,3,Desktop
3871,Treatment,0,200.56505516112813,5,Tablet
3872,Treatment,0,169.35089028529302,3,Desktop
3873,Treatment,0,152.10945132376833,2,Desktop
3874,Treatment,0,185.0981533709447,3,Desktop
3875,Treatment,0,235.85428409248274,3,Mobile
3876,Treatment,0,228.12564383056582,1,Tablet
3877,Treatment,0,159.19541289968464,5,Mobile
3878,Treatment,0,151.4678180054801,2,Desktop
3879,Treatment,0,234.1294288475806,4,Desktop
3880,Treatment,0,158.2708927461734,2,Desktop
3881,Treatment,0,201.29503757437269,1,Desktop
3882,Treatment,0,204.80650533883525,4,Mobile
3883,Treatment,1,215.16341724497062,2,Desktop
3884,Treatment,0,245.20487366000293,4,Desktop
3885,Treatment,1,128.53703847229724,8,Desktop
3886,Treatment,1,92.88623711067318,6,Desktop
3887,Treatment,1,166.79039953244066,1,Tablet
3888,Treatment,0,297.08406243077025,3,Desktop
3889,Treatment,0,309.2195755048058,3,Desktop
3890,Treatment,0,298.7147424561238,1,Mobile
3891,Treatment,0,187.38602477316206,1,Desktop
3892,Treatment,0,99.98367049083441,3,Desktop
3893,Treatment,0,69.13284940914875,4,Mobile
3894,Treatment,0,164.22790111478238,5,Tablet
3895,Treatment,0,187.1059503417852,2,Mobile
3896,Treatment,0,269.53439705807773,4,Tablet
3897,Treatment,0,245.72930027483451,4,Mobile
3898,Treatment,0,210.50727934453914,1,Desktop
3899,Treatment,0,149.0585375982372,3,Desktop
3900,Treatment,0,145.15712429653104,3,Mobile
3901,Treatment,0,211.97702278892893,2,Desktop
3902,Treatment,0,236.33780383618495,3,Desktop
3903,Treatment,1,219.55346942350715,1,Tablet
3904,Treatment,0,141.09711222163398,3,Desktop
3905,Treatment,0,233.78671958356475,4,Desktop
3906,Treatment,0,221.42510319057763,6,Mobile
3907,Treatment,0,139.11334765954018,3,Mobile
3908,Treatment,0,154.86234663348594,7,Desktop
3909,Treatment,0,235.86727860088615,2,Desktop
3910,Treatment,0,185.102085566976,6,Desktop
3911,Treatment,0,285.4031015900051,8,Desktop
3912,Treatment,0,225.5621101835517,2,Mobile
3913,Treatment,0,171.2352846495902,4,Mobile
3914,Treatment,1,197.4386919784987,5,Desktop
3915,Treatment,1,201.4860865950745,3,Mobile
3916,Treatment,0,157.93853277170595,5,Mobile
3917,Treatment,0,147.80764910023055,3,Mobile
3918,Treatment,0,236.57644415952245,2,Desktop
3919,Treatment,0,244.49003133731526,5,Desktop
3920,Treatment,0,231.20798082541273,3,Mobile
3921,Treatment,1,281.3424951878091,1,Tablet
3922,Treatment,0,168.2024720193619,3,Desktop
3923,Treatment,0,290.08489213391215,3,Tablet
3924,Treatment,0,148.4493384795216,4,Mobile
3925,Treatment,1,142.3022940147329,3,Mobile
3926,Treatment,0,101.20226148179124,7,Desktop
3927,Treatment,0,173.48125773952506,8,Mobile
3928,Treatment,0,170.29527147438006,2,Mobile
3929,Treatment,0,226.92655041400576,2,Mobile
3930,Treatment,0,211.4140017891248,8,Mobile
3931,Treatment,1,132.3864645939475,3,Desktop
3932,Treatment,0,176.40005688658005,5,Desktop
3933,Treatment,0,177.5695888401773,1,Desktop
3934,Treatment,0,100.3209764170959,2,Desktop
3935,Treatment,0,144.0479300142647,2,Desktop
3936,Treatment,0,155.60525031622507,8,Desktop
3937,Treatment,0,276.8493760901521,8,Mobile
3938,Treatment,0,208.5297893776544,5,Mobile
3939,Treatment,0,234.41928146711248,4,Desktop
3940,Treatment,0,115.57504765679334,6,Mobile
3941,Treatment,0,263.68179656576956,3,Desktop
3942,Treatment,1,269.5606134663251,7,Desktop
3943,Treatment,0,88.09102680704557,3,Mobile
3944,Treatment,0,159.20758018462834,7,Desktop
3945,Treatment,0,225.26710651585307,4,Mobile
3946,Treatment,0,233.44136494460002,8,Desktop
3947,Treatment,0,160.6827898232028,4,Mobile
3948,Treatment,0,181.1975295320491,4,Desktop
3949,Treatment,0,165.14404164251715,4,Desktop
3950,Treatment,0,204.0729925820366,3,Desktop
3951,Treatment,0,263.8448192304052,4,Mobile
3952,Treatment,0,155.59268135723374,1,Desktop
3953,Treatment,1,253.04512737726276,2,Desktop
3954,Treatment,0,155.00803602092117,2,Desktop
3955,Treatment,0,151.38050331267135,6,Desktop
3956,Treatment,0,243.02270400887673,2,Desktop
3957,Treatment,1,248.70650079041891,3,Desktop
3958,Treatment,0,244.82754652194598,5,Tablet
3959,Treatment,0,125.63114254800223,4,Desktop
3960,Treatment,0,172.3726962060372,3,Desktop
3961,Treatment,0,243.26437256018266,3,Tablet
3962,Treatment,0,200.2848012310142,2,Desktop
3963,Treatment,0,138.94689345913946,6,Mobile
3964,Treatment,0,223.2074866518993,4,Desktop
3965,Treatment,0,158.68560075546912,4,Tablet
3966,Treatment,0,296.6988666615716,2,Tablet
3967,Treatment,0,282.9662804330042,6,Desktop
3968,Treatment,0,231.2253584495562,1,Desktop
3969,Treatment,0,272.85536876233755,1,Desktop
3970,Treatment,0,201.56352425678597,5,Tablet
3971,Treatment,1,240.0990621906259,5,Desktop
3972,Treatment,0,279.2746162416141,5,Tablet
3973,Treatment,0,211.5024274986872,5,Mobile
3974,Treatment,0,183.9647055667144,3,Desktop
3975,Treatment,0,104.24579230025863,2,Mobile
3976,Treatment,1,193.42765608531784,2,Desktop
3977,Treatment,0,243.28827515092712,6,Desktop
3978,Treatment,0,250.00983851621965,2,Desktop
3979,Treatment,0,225.74007861451253,4,Desktop
3980,Treatment,0,168.2285497770768,1,Desktop
3981,Treatment,0,89.27481370788252,2,Desktop
3982,Treatment,0,170.76316960973958,2,Mobile
3983,Treatment,0,181.26103209203268,2,Mobile
3984,Treatment,0,180.7889068045492,4,Tablet
3985,Treatment,0,232.02059963378585,4,Mobile
3986,Treatment,1,307.2122026058162,3,Mobile
3987,Treatment,0,204.79410610126013,2,Desktop
3988,Treatment,0,186.0797515963946,6,Desktop
3989,Treatment,0,183.74280028477492,6,Desktop
3990,Treatment,0,204.84116217992428,2,Desktop
3991,Treatment,0,152.44384318083806,3,Mobile
3992,Treatment,0,204.61092073103302,2,Mobile
3993,Treatment,0,222.794678498249,1,Tablet
3994,Treatment,0,209.53273349659685,4,Desktop
3995,Treatment,0,223.16480637026297,3,Mobile
3996,Treatment,0,221.85611851416945,7,Mobile
3997,Treatment,0,100.54568247644559,3,Desktop
3998,Treatment,0,233.02785871174717,4,Desktop
3999,Treatment,0,161.09418348856505,1,Tablet
4000,Treatment,0,137.72884603478232,4,Mobile
4001,Treatment,0,137.2551494679752,3,Mobile
4002,Treatment,0,221.84478857598913,3,Tablet
4003,Treatment,0,185.7583790026331,6,Mobile
4004,Treatment,0,105.49171688080241,1,Desktop
4005,Treatment,0,224.29207983557558,4,Mobile
4006,Treatment,0,118.8215528060645,5,Mobile
4007,Treatment,0,205.6901747185016,1,Desktop
4008,Treatment,0,211.11744091201797,2,Desktop
4009,Treatment,0,246.70673949322747,2,Desktop
4010,Treatment,0,295.9926632556768,3,Mobile
4011,Treatment,0,122.94280207547021,2,Desktop
4012,Treatment,0,195.11393791653228,4,Desktop
4013,Treatment,0,182.80155877256806,5,Mobile
4014,Treatment,0,221.85623272785293,1,Desktop
4015,Treatment,0,209.86178240134902,1,Tablet
4016,Treatment,0,178.6099566494859,3,Tablet
4017,Treatment,1,173.75037962640295,2,Desktop
4018,Treatment,1,136.5952029648774,4,Desktop
4019,Treatment,0,252.332387032358,4,Desktop
4020,Treatment,0,223.2562299879741,4,Desktop
4021,Treatment,0,248.47725087873255,4,Mobile
4022,Treatment,0,180.92821249384676,3,Desktop
4023,Treatment,0,161.87404922180633,4,Desktop
4024,Treatment,0,138.69267133539248,1,Desktop
4025,Treatment,0,217.7404671057363,7,Desktop
4026,Treatment,0,140.81137265094708,3,Desktop
4027,Treatment,0,299.67646879316027,1,Mobile
4028,Treatment,0,126.07965803986077,4,Desktop
4029,Treatment,0,213.0513065566876,3,Desktop
4030,Treatment,0,284.17700889675825,6,Mobile
4031,Treatment,0,230.9499367595095,4,Mobile
4032,Treatment,0,207.66205418704786,2,Desktop
4033,Treatment,0,144.73339941709574,2,Desktop
4034,Treatment,1,122.00269462877628,4,Desktop
4035,Treatment,0,240.35275599046722,3,Desktop
4036,Treatment,1,280.8380982426221,2,Mobile
4037,Treatment,1,173.86325052370057,5,Desktop
4038,Treatment,0,135.3516170811007,5,Mobile
4039,Treatment,0,62.80068131980397,5,Tablet
4040,Treatment,0,144.05793359856042,7,Mobile
4041,Treatment,0,191.7488736625528,5,Desktop
4042,Treatment,0,285.95177824602035,3,Desktop
4043,Treatment,0,235.02235307281327,3,Desktop
4044,Treatment,0,214.7796972588714,2,Mobile
4045,Treatment,0,175.9934186284378,6,Desktop
4046,Treatment,0,165.9258855509224,4,Desktop
4047,Treatment,0,275.310617862938,1,Desktop
4048,Treatment,0,209.04061974171142,3,Desktop
4049,Treatment,0,82.35696194434378,2,Mobile
4050,Treatment,0,160.95531936565163,8,Mobile
4051,Treatment,1,150.79811825256053,5,Tablet
4052,Treatment,0,167.95547949523944,6,Mobile
4053,Treatment,0,228.9600863156797,3,Desktop
4054,Treatment,0,192.0905315013163,2,Desktop
4055,Treatment,0,193.77240261479858,2,Desktop
4056,Treatment,0,270.24102387288804,1,Desktop
4057,Treatment,0,159.69464006173214,10,Mobile
4058,Treatment,0,300.53097392380425,2,Tablet
4059,Treatment,1,161.07808247459027,6,Mobile
4060,Treatment,1,202.90590081369143,5,Mobile
4061,Treatment,0,182.5338022528478,7,Desktop
4062,Treatment,0,204.78805234255285,3,Desktop
4063,Treatment,0,222.45255972902208,1,Tablet
4064,Treatment,0,221.8609382048882,6,Mobile
4065,Treatment,0,156.5785468158681,8,Desktop
4066,Treatment,0,136.23969274038362,2,Desktop
4067,Treatment,0,335.6744484998141,2,Desktop
4068,Treatment,1,171.38086132196958,7,Mobile
4069,Treatment,0,236.45668412695926,2,Desktop
4070,Treatment,0,109.57972792122418,5,Desktop
4071,Treatment,0,182.62130040524278,2,Mobile
4072,Treatment,0,191.00403388096564,4,Mobile
4073,Treatment,0,224.0048288460308,1,Desktop
4074,Treatment,0,48.26502224544336,2,Desktop
4075,Treatment,0,207.1377337193082,2,Mobile
4076,Treatment,0,134.7642199547659,2,Desktop
4077,Treatment,0,215.8390141157208,2,Desktop
4078,Treatment,0,141.00189417390104,3,Tablet
4079,Treatment,0,150.94845172409302,3,Mobile
4080,Treatment,0,182.95048142837024,3,Mobile
4081,Treatment,0,140.12187917182428,2,Mobile
4082,Treatment,0,171.8456054295555,5,Desktop
4083,Treatment,0,132.36433273011767,1,Tablet
4084,Treatment,0,97.17562515656999,4,Tablet
4085,Treatment,0,253.98763788361478,3,Mobile
4086,Treatment,0,126.71732189468395,4,Mobile
4087,Treatment,0,188.1725511815609,2,Mobile
4088,Treatment,0,239.40900948215818,4,Mobile
4089,Treatment,0,164.17807436161763,3,Desktop
4090,Treatment,0,152.61587551399543,5,Desktop
4091,Treatment,0,210.4430948767082,5,Desktop
4092,Treatment,0,259.48636024999337,7,Desktop
4093,Treatment,0,133.6876604202442,2,Desktop
4094,Treatment,1,189.74186923904085,2,Desktop
4095,Treatment,0,102.71279727679699,3,Mobile
4096,Treatment,0,176.37394479747954,3,Desktop
4097,Treatment,0,199.88125764959415,5,Mobile
4098,Treatment,0,150.99564470347138,2,Desktop
4099,Treatment,0,172.86544913961228,3,Desktop
4100,Treatment,0,120.54752774309024,2,Mobile
4101,Treatment,0,202.23932362598214,2,Desktop
4102,Treatment,0,256.06318368857325,1,Mobile
4103,Treatment,0,137.6570871626245,3,Mobile
4104,Treatment,0,163.75305283961893,3,Desktop
4105,Treatment,0,225.64004355498,5,Desktop
4106,Treatment,0,264.6649895627505,5,Desktop
4107,Treatment,1,115.87456032850878,4,Mobile
4108,Treatment,0,188.7168394421228,3,Mobile
4109,Treatment,1,213.57219522757387,9,Mobile
4110,Treatment,0,192.38689851541335,6,Desktop
4111,Treatment,0,61.7764363217602,5,Desktop
4112,Treatment,0,225.55995051198246,3,Desktop
4113,Treatment,0,281.56349930998545,3,Desktop
4114,Treatment,0,204.4163963143227,7,Desktop
4115,Treatment,0,141.28916706881552,2,Desktop
4116,Treatment,0,169.77800144996442,3,Mobile
4117,Treatment,1,295.3452187210576,5,Tablet
4118,Treatment,0,248.04793974733073,2,Desktop
4119,Treatment,0,233.2014640111381,8,Mobile
4120,Treatment,0,217.60269209439068,4,Mobile
4121,Treatment,0,161.63745882949652,1,Mobile
4122,Treatment,0,186.96858506393272,6,Desktop
4123,Treatment,0,193.71424953768164,4,Tablet
4124,Treatment,1,228.22658738354443,3,Tablet
4125,Treatment,0,280.9905391846797,6,Tablet
4126,Treatment,0,259.50859752362203,4,Mobile
4127,Treatment,0,119.93386043121777,4,Desktop
4128,Treatment,1,210.3197232895577,6,Desktop
4129,Treatment,0,238.52198398423434,8,Tablet
4130,Treatment,0,232.03731815795493,4,Desktop
4131,Treatment,0,163.39214301369194,1,Desktop
4132,Treatment,0,358.27600686725987,4,Desktop
4133,Treatment,0,127.76034907178845,3,Mobile
4134,Treatment,0,138.42463543336726,11,Mobile
4135,Treatment,0,210.8477294693867,7,Tablet
4136,Treatment,0,314.42416802301193,3,Mobile
4137,Treatment,0,152.0092832112706,3,Desktop
4138,Treatment,0,183.37943988941544,3,Mobile
4139,Treatment,0,257.2511520158631,3,Desktop
4140,Treatment,0,197.01758148117466,4,Desktop
4141,Treatment,0,179.59678800083373,3,Mobile
4142,Treatment,0,229.1098096037696,5,Desktop
4143,Treatment,0,212.98848946262763,4,Desktop
4144,Treatment,0,254.6741332100235,4,Desktop
4145,Treatment,1,269.030788898595,2,Mobile
4146,Treatment,0,214.88516830029488,2,Desktop
4147,Treatment,0,214.045299895807,5,Desktop
4148,Treatment,0,209.77610402573734,2,Mobile
4149,Treatment,0,224.90218061571082,5,Desktop
4150,Treatment,0,201.03438508293053,3,Desktop
4151,Treatment,0,197.96653347227408,1,Mobile
4152,Treatment,0,263.8144916454983,4,Mobile
4153,Treatment,0,281.38638991952735,2,Mobile
4154,Treatment,0,115.08458804516185,3,Mobile
4155,Treatment,0,198.5511633457313,4,Desktop
4156,Treatment,0,160.12180616051208,4,Tablet
4157,Treatment,0,180.89656934326604,4,Desktop
4158,Treatment,0,220.13839153544268,1,Desktop
4159,Treatment,1,234.81911043483575,3,Desktop
4160,Treatment,0,191.83304560137603,5,Tablet
4161,Treatment,0,92.76628159024584,3,Desktop
4162,Treatment,0,144.92249306831013,6,Desktop
4163,Treatment,0,247.30748186100914,2,Desktop
4164,Treatment,0,47.276546788078775,7,Desktop
4165,Treatment,0,263.30849334251,2,Mobile
4166,Treatment,0,226.66764948544977,2,Desktop
4167,Treatment,0,270.3896844841512,3,Mobile
4168,Treatment,0,187.07869472154718,4,Mobile
4169,Treatment,0,84.62270167874023,4,Mobile
4170,Treatment,0,221.66994528285738,7,Mobile
4171,Treatment,0,268.10592182210877,1,Desktop
4172,Treatment,1,248.85969930323816,1,Desktop
4173,Treatment,0,161.55196840815805,3,Mobile
4174,Treatment,0,202.77185915044558,4,Mobile
4175,Treatment,0,168.69400521710418,7,Desktop
4176,Treatment,1,152.94034446958455,8,Mobile
4177,Treatment,0,250.5463714148918,3,Desktop
4178,Treatment,0,132.1357228804161,2,Desktop
4179,Treatment,0,148.84009631801132,4,Desktop
4180,Treatment,0,137.2785901590188,5,Desktop
4181,Treatment,0,116.03638621855244,3,Desktop
4182,Treatment,0,206.0527860513432,4,Desktop
4183,Treatment,0,261.88266766650867,2,Desktop
4184,Treatment,0,187.83177840651038,6,Mobile
4185,Treatment,0,115.18387096897085,1,Desktop
4186,Treatment,0,244.19694968581152,4,Desktop
4187,Treatment,0,290.71359647192344,2,Tablet
4188,Treatment,0,162.4566721719373,6,Mobile
4189,Treatment,0,171.6795153305255,7,Mobile
4190,Treatment,0,226.3613346545867,3,Mobile
4191,Treatment,0,287.2030561281778,1,Desktop
4192,Treatment,0,169.40912198511256,3,Desktop
4193,Treatment,0,124.71526204509873,5,Desktop
4194,Treatment,0,232.72802334498235,3,Mobile
4195,Treatment,0,241.94874402282647,2,Mobile
4196,Treatment,0,198.33722977393748,1,Desktop
4197,Treatment,0,167.3026707188402,1,Desktop
4198,Treatment,0,252.69083020456253,2,Desktop
4199,Treatment,0,227.04198025013804,4,Mobile
4200,Treatment,0,155.7360465703079,4,Desktop
4201,Treatment,0,200.70021022181194,3,Mobile
4202,Treatment,0,123.65608573864444,2,Tablet
4203,Treatment,0,235.7239751040856,3,Mobile
4204,Treatment,1,183.57715368394292,6,Tablet
4205,Treatment,0,174.03590421883945,1,Desktop
4206,Treatment,0,196.19190331661613,1,Mobile
4207,Treatment,0,200.21692346316362,4,Mobile
4208,Treatment,0,247.22115338610584,4,Desktop
4209,Treatment,0,230.50997922288718,7,Desktop
4210,Treatment,0,189.39748966639584,2,Desktop
4211,Treatment,0,240.00174823454472,3,Mobile
4212,Treatment,0,220.04054895303872,1,Mobile
4213,Treatment,0,174.53702000426796,1,Mobile
4214,Treatment,0,191.14050129699328,1,Mobile
4215,Treatment,0,189.84774111362836,4,Desktop
4216,Treatment,0,225.7893738745811,4,Mobile
4217,Treatment,0,177.8137561903097,1,Mobile
4218,Treatment,0,176.52749474681016,5,Desktop
4219,Treatment,0,306.2816520188677,2,Tablet
4220,Treatment,0,249.68545149609074,1,Desktop
4221,Treatment,0,156.16696345661734,1,Mobile
4222,Treatment,0,229.40175466682092,3,Desktop
4223,Treatment,1,204.50925361103475,2,Tablet
4224,Treatment,0,219.53531463930517,5,Desktop
4225,Treatment,0,205.55377285108074,4,Desktop
4226,Treatment,0,263.43034550168795,3,Desktop
4227,Treatment,0,217.00911895582954,1,Desktop
4228,Treatment,0,194.5851215982142,5,Desktop
4229,Treatment,0,255.32048173406594,7,Desktop
4230,Treatment,0,210.83067725983295,3,Mobile
4231,Treatment,0,204.6813218630982,6,Desktop
4232,Treatment,0,215.2712431367363,3,Mobile
4233,Treatment,0,192.85150371484985,2,Tablet
4234,Treatment,1,198.50748461475078,2,Mobile
4235,Treatment,0,165.731797618097,5,Desktop
4236,Treatment,0,156.68580292068668,3,Desktop
4237,Treatment,0,143.07862874346583,2,Desktop
4238,Treatment,0,121.44091922616082,5,Desktop
4239,Treatment,0,149.6155451238494,5,Desktop
4240,Treatment,0,188.4153131043191,4,Mobile
4241,Treatment,0,203.67146703451004,3,Desktop
4242,Treatment,0,183.07868902687977,9,Desktop
4243,Treatment,0,68.43630804299531,5,Desktop
4244,Treatment,0,284.6022496769288,3,Mobile
4245,Treatment,0,257.756406758971,3,Mobile
4246,Treatment,1,222.5167918169421,6,Tablet
4247,Treatment,0,302.91198699042974,3,Mobile
4248,Treatment,0,144.24497353839593,3,Desktop
4249,Treatment,0,301.8193816344303,3,Mobile
4250,Treatment,1,144.91322577871986,5,Mobile
4251,Treatment,0,211.13058589102462,2,Desktop
4252,Treatment,0,127.93894711761877,3,Mobile
4253,Treatment,0,198.80817525494018,4,Desktop
4254,Treatment,0,219.23915738991138,2,Tablet
4255,Treatment,0,189.4920317875995,3,Desktop
4256,Treatment,0,237.26325942495757,2,Desktop
4257,Treatment,1,203.44579472179916,1,Desktop
4258,Treatment,0,169.267189939237,7,Mobile
4259,Treatment,0,166.82526752087134,4,Desktop
4260,Treatment,0,242.6002574938633,5,Desktop
4261,Treatment,0,162.04418836061677,3,Mobile
4262,Treatment,1,248.34716337667152,3,Mobile
4263,Treatment,0,265.2491486057562,1,Desktop
4264,Treatment,0,106.22073757096285,2,Desktop
4265,Treatment,0,260.3109513015569,6,Mobile
4266,Treatment,0,311.3232484144585,4,Mobile
4267,Treatment,0,211.86020686610607,2,Mobile
4268,Treatment,0,230.94963019121522,3,Mobile
4269,Treatment,0,255.03529284030373,4,Desktop
4270,Treatment,1,182.84847266515376,4,Mobile
4271,Treatment,0,208.02541229458282,2,Desktop
4272,Treatment,1,125.71902587072898,4,Desktop
4273,Treatment,0,205.62492656917482,3,Desktop
4274,Treatment,0,225.3961597604498,6,Mobile
4275,Treatment,0,226.3889662609558,2,Desktop
4276,Treatment,0,256.5983597978669,4,Mobile
4277,Treatment,0,155.3858802025459,5,Desktop
4278,Treatment,0,168.7066283829577,2,Tablet
4279,Treatment,0,302.25290402952453,3,Desktop
4280,Treatment,0,189.73193944299595,2,Mobile
4281,Treatment,0,209.00185830217805,4,Mobile
4282,Treatment,0,194.31444770511285,3,Desktop
4283,Treatment,0,152.80755455322378,2,Tablet
4284,Treatment,0,287.2941065990493,5,Mobile
4285,Treatment,0,168.97642234436668,3,Desktop
4286,Treatment,0,135.99929619611885,1,Desktop
4287,Treatment,0,173.20928474834867,6,Mobile
4288,Treatment,0,87.90616990509565,3,Desktop
4289,Treatment,0,162.17918942592502,4,Desktop
4290,Treatment,0,144.75292711812205,4,Mobile
4291,Treatment,0,231.95857470100285,3,Desktop
4292,Treatment,0,160.96221682420702,2,Mobile
4293,Treatment,0,246.82921645683666,4,Desktop
4294,Treatment,1,274.91661961881266,4,Desktop
4295,Treatment,0,240.96464349581794,2,Mobile
4296,Treatment,0,186.1536441126958,3,Mobile
4297,Treatment,0,205.7612973188076,4,Desktop
4298,Treatment,0,114.12582829207672,4,Desktop
4299,Treatment,0,190.64213451133182,2,Desktop
4300,Treatment,0,150.6758842563242,5,Tablet
4301,Treatment,0,236.18795096321145,2,Desktop
4302,Treatment,1,339.50138140844604,4,Desktop
4303,Treatment,0,225.4901899785595,1,Tablet
4304,Treatment,0,88.48729180749334,3,Mobile
4305,Treatment,0,178.1323393897095,4,Mobile
4306,Treatment,0,204.737000895595,3,Desktop
4307,Treatment,0,202.8046583893145,3,Desktop
4308,Treatment,0,157.80527809151857,5,Desktop
4309,Treatment,0,211.49104584503144,3,Mobile
4310,Treatment,0,129.6624539694337,5,Desktop
4311,Treatment,0,146.03002025232132,3,Desktop
4312,Treatment,1,233.51887028820414,5,Desktop
4313,Treatment,0,142.13852230160958,5,Mobile
4314,Treatment,0,227.60163830207415,3,Mobile
4315,Treatment,1,122.6794923939168,3,Mobile
4316,Treatment,0,295.0654236085455,4,Desktop
4317,Treatment,0,155.41515426777698,3,Mobile
4318,Treatment,0,185.69833855081058,5,Desktop
4319,Treatment,0,216.18372935997232,1,Desktop
4320,Treatment,0,166.9057526124398,4,Tablet
4321,Treatment,0,205.88732785892174,3,Desktop
4322,Treatment,1,229.6446198486069,6,Mobile
4323,Treatment,0,250.83372778769169,3,Mobile
4324,Treatment,0,241.53235897851266,2,Desktop
4325,Treatment,0,188.55042449085292,2,Desktop
4326,Treatment,1,189.93525242760188,6,Tablet
4327,Treatment,0,327.2009706913768,4,Desktop
4328,Treatment,1,250.24389875371105,2,Desktop
4329,Treatment,0,147.29969890238826,2,Mobile
4330,Treatment,0,203.49934900710534,3,Desktop
4331,Treatment,0,179.56712736719942,4,Desktop
4332,Treatment,0,190.55661713422896,2,Desktop
4333,Treatment,0,130.37776632605517,1,Desktop
4334,Treatment,0,175.34422210877258,5,Mobile
4335,Treatment,0,297.63556752566524,10,Mobile
4336,Treatment,0,229.84919654815266,1,Desktop
4337,Treatment,0,60.986122551669695,4,Desktop
4338,Treatment,1,264.91979208738707,6,Desktop
4339,Treatment,0,257.9296237600039,6,Desktop
4340,Treatment,0,178.23930826314708,6,Mobile
4341,Treatment,0,237.44949490807682,1,Desktop
4342,Treatment,0,150.73304340505396,3,Mobile
4343,Treatment,0,172.13593560535034,2,Desktop
4344,Treatment,0,280.42004983684194,4,Mobile
4345,Treatment,0,183.05484780716603,1,Desktop
4346,Treatment,0,95.1647585924755,1,Mobile
4347,Treatment,0,194.51832274702647,1,Mobile
4348,Treatment,0,193.67763838971038,4,Desktop
4349,Treatment,0,263.9102713155403,4,Mobile
4350,Treatment,0,198.7885032196668,2,Mobile
4351,Treatment,0,174.8129728707839,2,Desktop
4352,Treatment,0,255.47808798771632,1,Desktop
4353,Treatment,0,204.64346278756108,1,Desktop
4354,Treatment,1,156.74875251388556,3,Desktop
4355,Treatment,0,261.52486582978895,2,Desktop
4356,Treatment,0,208.65139704842395,5,Desktop
4357,Treatment,0,198.16092816736906,3,Tablet
4358,Treatment,0,207.784961527641,3,Mobile
4359,Treatment,0,139.11323957208717,2,Desktop
4360,Treatment,0,168.97904231019146,4,Desktop
4361,Treatment,0,198.19704310080309,4,Mobile
4362,Treatment,0,187.2934967736426,1,Desktop
4363,Treatment,0,267.98356105491274,2,Mobile
4364,Treatment,0,209.95732189998517,4,Desktop
4365,Treatment,0,245.01971574500215,4,Mobile
4366,Treatment,0,198.51674450167172,1,Desktop
4367,Treatment,0,256.0958666060368,7,Mobile
4368,Treatment,0,219.86402661152346,8,Desktop
4369,Treatment,0,198.7381266963653,1,Desktop
4370,Treatment,0,197.26943010725392,5,Desktop
4371,Treatment,0,145.50587555399702,6,Desktop
4372,Treatment,0,225.88036460749709,5,Desktop
4373,Treatment,0,195.78873960049916,4,Desktop
4374,Treatment,0,170.39044219003375,2,Desktop
4375,Treatment,0,258.85539739466395,5,Mobile
4376,Treatment,0,129.23811857578593,2,Mobile
4377,Treatment,0,174.76272575121612,4,Tablet
4378,Treatment,0,254.52453118287434,5,Desktop
4379,Treatment,0,215.35376175061393,2,Desktop
4380,Treatment,0,195.36775897909834,1,Mobile
4381,Treatment,0,211.80519487325807,7,Desktop
4382,Treatment,0,207.86777940768627,6,Mobile
4383,Treatment,0,114.58355995427432,5,Tablet
4384,Treatment,0,178.79059630586212,4,Desktop
4385,Treatment,0,286.9086909982562,3,Desktop
4386,Treatment,0,161.73717258725577,4,Mobile
4387,Treatment,1,180.49344422426162,1,Mobile
4388,Treatment,0,168.2108580179947,2,Desktop
4389,Treatment,0,193.21416271750243,5,Desktop
4390,Treatment,0,165.9282442771636,1,Tablet
4391,Treatment,0,224.7707826186933,5,Desktop
4392,Treatment,0,208.85223767596466,6,Desktop
4393,Treatment,0,240.545118830886,5,Tablet
4394,Treatment,0,140.19823585960717,3,Mobile
4395,Treatment,1,179.2812734414403,3,Desktop
4396,Treatment,0,185.58525526133258,4,Desktop
4397,Treatment,0,223.0605800548727,2,Mobile
4398,Treatment,0,154.3728341536131,4,Desktop
4399,Treatment,0,248.36095923420893,5,Desktop
4400,Treatment,0,263.2528574784685,2,Tablet
4401,Treatment,0,143.6120208800429,3,Mobile
4402,Treatment,0,171.00199078085387,4,Mobile
4403,Treatment,0,168.74376704393492,4,Mobile
4404,Treatment,0,342.7812412572624,6,Mobile
4405,Treatment,1,174.35549421356623,2,Tablet
4406,Treatment,0,290.2693993185874,3,Desktop
4407,Treatment,1,128.33524026913648,5,Mobile
4408,Treatment,0,143.56919686096,9,Mobile
4409,Treatment,0,160.23675074834895,5,Tablet
4410,Treatment,0,151.48708787044126,1,Mobile
4411,Treatment,0,183.26556962128257,2,Mobile
4412,Treatment,0,159.01719885031758,5,Desktop
4413,Treatment,0,152.93621239959845,4,Desktop
4414,Treatment,0,261.715959806033,2,Desktop
4415,Treatment,0,265.30864923822406,6,Desktop
4416,Treatment,0,250.21130741064235,3,Desktop
4417,Treatment,0,226.81994255713803,5,Desktop
4418,Treatment,0,203.10086861787536,3,Tablet
4419,Treatment,0,170.66331201337502,3,Desktop
4420,Treatment,0,145.57633723846993,5,Desktop
4421,Treatment,0,217.9647636887978,5,Mobile
4422,Treatment,1,133.4503284099261,9,Desktop
4423,Treatment,0,143.33434889535337,5,Desktop
4424,Treatment,0,261.4102290912645,5,Desktop
4425,Treatment,0,302.5356972947148,5,Desktop
4426,Treatment,0,219.63123259915645,4,Tablet
4427,Treatment,0,258.85514337620543,2,Mobile
4428,Treatment,0,184.4783425405809,2,Mobile
4429,Treatment,0,124.42791976517736,3,Mobile
4430,Treatment,0,231.66943902402213,3,Desktop
4431,Treatment,0,229.3109127798535,3,Mobile
4432,Treatment,0,201.94177046341343,4,Mobile
4433,Treatment,0,184.66934980421888,2,Tablet
4434,Treatment,1,250.9215818219604,5,Desktop
4435,Treatment,0,143.7846831614889,2,Desktop
4436,Treatment,0,155.44206816101382,4,Desktop
4437,Treatment,0,142.55414212817647,5,Desktop
4438,Treatment,0,202.6735129449705,5,Mobile
4439,Treatment,1,138.1658843339908,1,Desktop
4440,Treatment,0,160.36668007166162,4,Desktop
4441,Treatment,0,159.1834440775041,1,Mobile
4442,Treatment,0,183.6665417216323,2,Desktop
4443,Treatment,0,116.19440544778128,3,Desktop
4444,Treatment,0,202.7962745620497,3,Tablet
4445,Treatment,0,266.6017007865573,4,Mobile
4446,Treatment,1,205.4520254774219,4,Mobile
4447,Treatment,0,282.77266296407265,4,Mobile
4448,Treatment,0,271.3699002232309,1,Desktop
4449,Treatment,0,240.775427598632,7,Desktop
4450,Treatment,0,202.10772134502872,4,Desktop
4451,Treatment,0,199.23752135349918,2,Desktop
4452,Treatment,0,240.00898747997928,3,Mobile
4453,Treatment,0,176.45811647727822,6,Desktop
4454,Treatment,0,94.4613586692895,3,Desktop
4455,Treatment,0,225.06022297566278,1,Mobile
4456,Treatment,0,135.79122535357658,3,Desktop
4457,Treatment,0,145.08223244952885,4,Tablet
4458,Treatment,0,198.01231713976836,3,Desktop
4459,Treatment,0,192.76813173455915,2,Mobile
4460,Treatment,0,120.33584165264033,4,Mobile
4461,Treatment,0,207.10203602732273,1,Mobile
4462,Treatment,0,251.13768134735767,2,Desktop
4463,Treatment,1,135.94121363538193,8,Desktop
4464,Treatment,0,267.98658319668175,1,Desktop
4465,Treatment,0,112.19060461785308,1,Mobile
4466,Treatment,0,314.45282794040247,5,Desktop
4467,Treatment,0,175.3806763234084,4,Mobile
4468,Treatment,0,206.00893482547903,5,Desktop
4469,Treatment,1,93.93815351328814,2,Desktop
4470,Treatment,0,194.58251634418804,1,Desktop
4471,Treatment,1,210.56651977450053,2,Mobile
4472,Treatment,1,193.2610842745278,4,Mobile
4473,Treatment,0,167.03054076211944,5,Desktop
4474,Treatment,0,145.9389514809702,5,Mobile
4475,Treatment,0,260.1789640745521,3,Desktop
4476,Treatment,0,199.69439242488727,2,Mobile
4477,Treatment,0,282.74138070842247,5,Desktop
4478,Treatment,0,169.04347048627923,5,Mobile
4479,Treatment,0,174.08629186452808,1,Mobile
4480,Treatment,0,242.85768345278896,3,Desktop
4481,Treatment,0,108.73637708980398,3,Desktop
4482,Treatment,0,131.25951519158923,5,Desktop
4483,Treatment,0,258.361673424424,2,Desktop
4484,Treatment,0,133.5436338927243,4,Tablet
4485,Treatment,0,97.95219415835987,2,Desktop
4486,Treatment,0,300.76899534402,2,Desktop
4487,Treatment,0,121.3400293669187,5,Mobile
4488,Treatment,0,208.12656690804934,1,Desktop
4489,Treatment,0,201.7996855998349,3,Desktop
4490,Treatment,0,43.41544258600541,6,Desktop
4491,Treatment,0,183.29756372577052,5,Mobile
4492,Treatment,0,222.66272872135102,2,Mobile
4493,Treatment,0,217.48701598353733,3,Tablet
4494,Treatment,0,247.6936376091926,1,Desktop
4495,Treatment,0,176.68797768020113,7,Desktop
4496,Treatment,0,237.18774431506884,3,Mobile
4497,Treatment,0,160.08690125559605,6,Mobile
4498,Treatment,0,120.42429209729737,4,Tablet
4499,Treatment,0,126.62493933753221,4,Desktop
4500,Treatment,0,117.58392496425219,5,Desktop
4501,Treatment,0,253.52722823401567,4,Desktop
4502,Treatment,0,114.69845700177939,3,Desktop
4503,Treatment,0,213.07213623571167,2,Desktop
4504,Treatment,0,183.3741693260162,6,Desktop
4505,Treatment,0,192.35432846021527,4,Desktop
4506,Treatment,0,272.99840123598347,4,Mobile
4507,Treatment,0,173.88649480315996,6,Desktop
4508,Treatment,0,231.63808588523258,5,Desktop
4509,Treatment,0,200.06598432596115,1,Tablet
4510,Treatment,1,189.63896019020163,1,Desktop
4511,Treatment,0,324.498301841256,1,Desktop
4512,Treatment,0,118.72620398565466,6,Mobile
4513,Treatment,0,268.90225094905946,2,Desktop
4514,Treatment,0,234.10236110194847,4,Mobile
4515,Treatment,0,171.62612529525188,4,Mobile
4516,Treatment,0,287.61251845928865,2,Desktop
4517,Treatment,0,96.35394381863048,3,Mobile
4518,Treatment,1,169.30283384855105,4,Mobile
4519,Treatment,0,131.5334787652008,3,Mobile
4520,Treatment,0,220.6645905679303,4,Desktop
4521,Treatment,0,136.78147443470522,4,Desktop
4522,Treatment,0,221.81851707077254,2,Desktop
4523,Treatment,1,187.74599712981453,1,Desktop
4524,Treatment,0,171.63553315391536,4,Desktop
4525,Treatment,0,219.37559853183208,2,Desktop
4526,Treatment,0,183.22581068340648,4,Desktop
4527,Treatment,0,138.1250836317529,5,Desktop
4528,Treatment,1,352.0755144299238,4,Desktop
4529,Treatment,0,171.20580493339705,2,Mobile
4530,Treatment,0,76.03150059163919,5,Desktop
4531,Treatment,0,151.68457206532364,2,Desktop
4532,Treatment,0,128.29978213949983,5,Desktop
4533,Treatment,0,243.43800888222836,3,Mobile
4534,Treatment,0,215.69089627753723,4,Mobile
4535,Treatment,0,219.92920409846892,3,Tablet
4536,Treatment,0,177.64876437895157,2,Mobile
4537,Treatment,0,182.63573641186932,2,Desktop
4538,Treatment,0,177.59878930157825,1,Desktop
4539,Treatment,0,193.53437487254917,2,Mobile
4540,Treatment,0,243.94333894506593,2,Desktop
4541,Treatment,0,216.48414768779406,7,Desktop
4542,Treatment,0,225.50620562914767,2,Mobile
4543,Treatment,0,225.47573995370615,3,Desktop
4544,Treatment,0,246.64433405599559,5,Tablet
4545,Treatment,0,213.848252284714,1,Desktop
4546,Treatment,0,217.73664399734054,5,Mobile
4547,Treatment,0,263.3843432656236,1,Tablet
4548,Treatment,0,161.42247450982885,4,Mobile
4549,Treatment,0,150.9341581026671,3,Desktop
4550,Treatment,0,132.77431204472293,5,Mobile
4551,Treatment,1,208.06030099911408,2,Mobile
4552,Treatment,0,96.04472673294822,2,Desktop
4553,Treatment,0,223.41847528328225,3,Mobile
4554,Treatment,1,191.9943798024696,3,Desktop
4555,Treatment,0,260.40518349015815,2,Desktop
4556,Treatment,0,161.0445479244255,9,Desktop
4557,Treatment,0,186.81749430203712,1,Mobile
4558,Treatment,0,259.7211833311353,2,Desktop
4559,Treatment,1,274.0724605727984,6,Mobile
4560,Treatment,1,160.5916198836499,4,Desktop
4561,Treatment,0,207.99796779229382,3,Desktop
4562,Treatment,0,214.19304377262264,3,Tablet
4563,Treatment,0,218.55093730916315,4,Desktop
4564,Treatment,0,183.55833873764078,1,Desktop
4565,Treatment,0,268.4760868967999,2,Desktop
4566,Treatment,1,94.066308400815,2,Mobile
4567,Treatment,0,174.83783708594038,6,Mobile
4568,Treatment,0,222.6361903025121,3,Mobile
4569,Treatment,0,223.1473646572139,2,Desktop
4570,Treatment,0,272.40174668381195,7,Desktop
4571,Treatment,0,263.90239662607075,6,Mobile
4572,Treatment,0,182.2952106081027,5,Mobile
4573,Treatment,0,269.4929183941832,2,Mobile
4574,Treatment,0,158.72770409223997,6,Mobile
4575,Treatment,0,249.19880605355107,3,Desktop
4576,Treatment,0,297.57873631315465,6,Desktop
4577,Treatment,0,264.8219258770233,5,Mobile
4578,Treatment,0,203.81737109382678,1,Desktop
4579,Treatment,1,179.75216755253328,2,Desktop
4580,Treatment,0,113.92747870573926,5,Desktop
4581,Treatment,1,215.0796800852812,3,Desktop
4582,Treatment,0,136.66305246159945,4,Mobile
4583,Treatment,0,154.3775935012335,7,Desktop
4584,Treatment,0,132.50898095948307,6,Mobile
4585,Treatment,0,172.67842170388397,4,Desktop
4586,Treatment,1,196.461682203216,5,Mobile
4587,Treatment,0,213.04880196411378,4,Mobile
4588,Treatment,0,164.97213505223203,2,Mobile
4589,Treatment,0,256.8106038517351,3,Desktop
4590,Treatment,0,186.54871081055188,4,Desktop
4591,Treatment,0,154.67526617039644,5,Desktop
4592,Treatment,0,210.446074698389,3,Desktop
4593,Treatment,0,305.9954058449099,7,Desktop
4594,Treatment,0,216.4338311594315,3,Mobile
4595,Treatment,0,178.0429404944516,2,Tablet
4596,Treatment,0,113.98962541347127,7,Desktop
4597,Treatment,0,185.93232234653613,7,Desktop
4598,Treatment,0,210.92104687984636,2,Mobile
4599,Treatment,0,176.68305098094365,4,Mobile
4600,Treatment,0,106.40384489674503,4,Desktop
4601,Treatment,0,151.21890357731115,7,Tablet
4602,Treatment,0,277.99961534882664,1,Mobile
4603,Treatment,1,276.87005520517533,2,Mobile
4604,Treatment,0,149.2348456937471,4,Mobile
4605,Treatment,0,235.00162329596822,4,Desktop
4606,Treatment,1,133.17849683764047,4,Desktop
4607,Treatment,0,275.2373955097224,1,Desktop
4608,Treatment,0,211.487971634183,1,Desktop
4609,Treatment,1,250.23028242390936,5,Desktop
4610,Treatment,0,103.66986590496036,4,Desktop
4611,Treatment,0,235.27004060586884,3,Desktop
4612,Treatment,0,197.5779264973523,5,Desktop
4613,Treatment,0,244.85609889349635,3,Desktop
4614,Treatment,0,248.31772889538172,2,Mobile
4615,Treatment,0,201.61815792111122,6,Desktop
4616,Treatment,0,164.95436984972469,7,Mobile
4617,Treatment,0,240.8832900198722,2,Mobile
4618,Treatment,0,194.69150253271798,4,Desktop
4619,Treatment,0,149.99682755597968,8,Desktop
4620,Treatment,0,147.39162726982727,6,Mobile
4621,Treatment,0,116.75595710281901,1,Desktop
4622,Treatment,0,169.93398622403151,4,Mobile
4623,Treatment,0,258.6480625340908,4,Mobile
4624,Treatment,0,207.7806389837989,5,Mobile
4625,Treatment,1,168.86277617423275,4,Mobile
4626,Treatment,0,242.26707659990439,2,Desktop
4627,Treatment,0,152.2137858052136,3,Mobile
4628,Treatment,0,203.24426508830283,2,Desktop
4629,Treatment,0,188.12032950009666,2,Desktop
4630,Treatment,0,240.85218440735937,2,Desktop
4631,Treatment,0,111.25243959942746,4,Mobile
4632,Treatment,0,151.23912398019394,7,Mobile
4633,Treatment,0,107.89648874980065,6,Desktop
4634,Treatment,0,183.72218030049015,3,Mobile
4635,Treatment,0,264.62851269978364,5,Desktop
4636,Treatment,1,170.200403469056,8,Desktop
4637,Treatment,0,169.91238339923922,5,Tablet
4638,Treatment,0,245.9448433301275,6,Desktop
4639,Treatment,0,256.7702257150415,7,Desktop
4640,Treatment,0,193.12859130021656,5,Desktop
4641,Treatment,1,235.65931697274408,2,Desktop
4642,Treatment,0,138.76750025171293,2,Desktop
4643,Treatment,0,273.78858836589774,1,Desktop
4644,Treatment,0,316.1788461665378,4,Desktop
4645,Treatment,0,226.66686851537986,1,Desktop
4646,Treatment,0,83.36176082614597,6,Mobile
4647,Treatment,0,167.29733556812187,5,Mobile
4648,Treatment,0,231.70539269181268,1,Desktop
4649,Treatment,0,174.81843515585004,5,Desktop
4650,Treatment,0,267.9709204837554,5,Desktop
4651,Treatment,0,230.34864954397258,3,Desktop
4652,Treatment,0,159.14384745788118,7,Mobile
4653,Treatment,0,199.7745645924189,2,Mobile
4654,Treatment,0,148.83917286485004,9,Desktop
4655,Treatment,0,187.9578316873157,6,Desktop
4656,Treatment,0,167.49737177620966,1,Desktop
4657,Treatment,0,262.6118990128171,2,Mobile
4658,Treatment,0,314.3806631257047,9,Mobile
4659,Treatment,0,119.28464167203364,6,Desktop
4660,Treatment,0,92.22310425846364,1,Desktop
4661,Treatment,0,184.5155167981738,4,Desktop
4662,Treatment,0,114.48713656442246,1,Mobile
4663,Treatment,0,200.54163820190044,4,Desktop
4664,Treatment,0,239.19148625932598,5,Desktop
4665,Treatment,0,280.1778043496754,3,Desktop
4666,Treatment,0,209.07670072934047,5,Desktop
4667,Treatment,0,187.37646263327315,5,Desktop
4668,Treatment,0,89.18882958848036,5,Mobile
4669,Treatment,0,199.44018320521891,2,Desktop
4670,Treatment,0,201.9207993302204,2,Mobile
4671,Treatment,0,233.142624781701,4,Mobile
4672,Treatment,0,159.0331544159,5,Desktop
4673,Treatment,0,174.07210698702772,6,Mobile
4674,Treatment,0,116.70987595826986,1,Desktop
4675,Treatment,0,71.97889562137641,3,Desktop
4676,Treatment,1,137.0326600061769,3,Tablet
4677,Treatment,0,111.63208021608409,2,Mobile
4678,Treatment,1,216.51917624813362,4,Desktop
4679,Treatment,0,169.50262688332285,2,Desktop
4680,Treatment,0,168.3969578458866,5,Desktop
4681,Treatment,0,143.85728246036334,8,Desktop
4682,Treatment,0,20.20890121181614,5,Desktop
4683,Treatment,1,280.9570911811153,1,Desktop
4684,Treatment,0,142.98512124727665,8,Mobile
4685,Treatment,0,175.3168961582551,7,Mobile
4686,Treatment,0,117.98093090908792,4,Desktop
4687,Treatment,0,251.45616888923487,5,Desktop
4688,Treatment,0,205.88859153705283,3,Desktop
4689,Treatment,0,152.54990931037722,5,Desktop
4690,Treatment,1,176.4273713760787,3,Mobile
4691,Treatment,0,290.29989571686787,6,Mobile
4692,Treatment,0,193.98668124652968,4,Desktop
4693,Treatment,0,188.00465543112517,3,Desktop
4694,Treatment,0,146.22401826234042,2,Tablet
4695,Treatment,0,93.79803672402333,1,Mobile
4696,Treatment,0,189.19787295313606,2,Desktop
4697,Treatment,0,215.90168117785396,2,Desktop
4698,Treatment,0,258.47714553802183,5,Tablet
4699,Treatment,0,74.33269060251895,2,Desktop
4700,Treatment,1,136.11970201373342,6,Desktop
4701,Treatment,0,166.05924001939525,3,Desktop
4702,Treatment,0,197.8085533284739,1,Desktop
4703,Treatment,0,190.02314696593677,3,Desktop
4704,Treatment,0,191.30712228720017,10,Mobile
4705,Treatment,0,220.44528322134695,4,Desktop
4706,Treatment,0,148.31887890714899,5,Mobile
4707,Treatment,0,249.3777793228532,2,Desktop
4708,Treatment,0,221.83988429347144,5,Desktop
4709,Treatment,0,180.40922547295563,5,Mobile
4710,Treatment,0,286.04993955389034,5,Tablet
4711,Treatment,0,283.60288195644716,4,Mobile
4712,Treatment,0,249.30924453565947,3,Desktop
4713,Treatment,0,31.979377618771423,5,Desktop
4714,Treatment,0,284.84198009948864,6,Mobile
4715,Treatment,0,241.71171873595637,3,Mobile
4716,Treatment,0,308.3524750742115,3,Mobile
4717,Treatment,0,266.06055254534465,4,Tablet
4718,Treatment,1,284.8088472623507,4,Desktop
4719,Treatment,0,246.32601675992083,4,Mobile
4720,Treatment,1,272.1781259255032,1,Desktop
4721,Treatment,0,307.6768057403942,1,Mobile
4722,Treatment,0,209.9105106108013,4,Mobile
4723,Treatment,0,111.52732007570287,7,Desktop
4724,Treatment,0,181.0896504991672,3,Mobile
4725,Treatment,0,219.44700796608902,4,Mobile
4726,Treatment,0,202.11881714043568,8,Mobile
4727,Treatment,1,129.43909186123153,4,Tablet
4728,Treatment,0,108.29128061427616,8,Desktop
4729,Treatment,0,157.2360532250844,1,Tablet
4730,Treatment,0,242.42567557912832,8,Desktop
4731,Treatment,0,284.9186873952633,3,Desktop
4732,Treatment,0,248.41121875777355,3,Desktop
4733,Treatment,0,256.1585007912775,1,Desktop
4734,Treatment,1,193.55514347600433,3,Mobile
4735,Treatment,0,102.18546482617198,1,Desktop
4736,Treatment,0,172.9628680514512,6,Tablet
4737,Treatment,0,183.76795734701918,4,Desktop
4738,Treatment,0,170.66211322403748,5,Desktop
4739,Treatment,0,201.00821759560444,5,Mobile
4740,Treatment,0,222.27808679411228,2,Mobile
4741,Treatment,0,244.91583535339237,3,Mobile
4742,Treatment,0,182.70340745985163,4,Desktop
4743,Treatment,0,93.29323268954737,2,Mobile
4744,Treatment,1,171.4417254389876,3,Desktop
4745,Treatment,0,200.40407183455912,2,Tablet
4746,Treatment,0,265.25443571733746,3,Mobile
4747,Treatment,0,166.7705686798742,5,Mobile
4748,Treatment,0,226.1898995619671,3,Mobile
4749,Treatment,0,213.95483447994877,1,Mobile
4750,Treatment,0,200.41452932178638,4,Mobile
4751,Treatment,0,249.17933256285252,5,Mobile
4752,Treatment,0,161.65373417860806,2,Desktop
4753,Treatment,0,166.3647452696066,4,Desktop
4754,Treatment,0,197.34545472981745,4,Desktop
4755,Treatment,0,162.7919422198465,6,Mobile
4756,Treatment,0,225.94067600800298,2,Mobile
4757,Treatment,0,158.7744232598627,3,Mobile
4758,Treatment,0,210.4467314259824,3,Mobile
4759,Treatment,0,192.49049771672838,3,Desktop
4760,Treatment,1,209.82092806271882,3,Desktop
4761,Treatment,0,172.71422327153283,3,Desktop
4762,Treatment,1,179.3501438010245,4,Desktop
4763,Treatment,0,203.28050973983775,5,Desktop
4764,Treatment,0,209.1140978388722,4,Desktop
4765,Treatment,0,197.76889465348643,4,Mobile
4766,Treatment,1,291.7949296082196,2,Desktop
4767,Treatment,0,143.50946946922937,8,Desktop
4768,Treatment,0,194.46879127760076,2,Tablet
4769,Treatment,0,111.45040378356585,4,Tablet
4770,Treatment,0,218.46448132670625,2,Mobile
4771,Treatment,0,136.66144049927522,2,Desktop
4772,Treatment,0,182.6929359267883,3,Mobile
4773,Treatment,0,177.53646210677707,3,Desktop
4774,Treatment,0,213.44901196306444,2,Desktop
4775,Treatment,0,167.59649953501508,4,Mobile
4776,Treatment,0,165.25818662683096,3,Desktop
4777,Treatment,0,276.9721055247244,3,Tablet
4778,Treatment,0,213.65117347609893,6,Mobile
4779,Treatment,0,167.14220313877524,2,Desktop
4780,Treatment,0,184.20414805038232,5,Desktop
4781,Treatment,0,288.49452237489095,7,Desktop
4782,Treatment,0,185.06593169618966,3,Mobile
4783,Treatment,0,160.0897857266187,1,Desktop
4784,Treatment,0,160.32521174304838,4,Desktop
4785,Treatment,0,167.79804354557325,4,Desktop
4786,Treatment,0,165.30262526653027,1,Desktop
4787,Treatment,0,127.61936834079164,1,Tablet
4788,Treatment,1,136.1689946679162,1,Tablet
4789,Treatment,0,152.38737941012465,3,Desktop
4790,Treatment,0,230.53640601492037,4,Desktop
4791,Treatment,0,177.03194919999197,5,Desktop
4792,Treatment,1,186.6061070998278,8,Mobile
4793,Treatment,0,267.8548413890193,3,Desktop
4794,Treatment,0,269.225393246613,1,Desktop
4795,Treatment,0,182.48312812742458,2,Desktop
4796,Treatment,0,163.3025069124125,2,Desktop
4797,Treatment,0,150.45633274795543,4,Mobile
4798,Treatment,0,236.1026673339531,4,Desktop
4799,Treatment,0,186.74110215627417,4,Desktop
4800,Treatment,0,176.74278103224654,5,Mobile
4801,Treatment,0,153.2484483674346,4,Mobile
4802,Treatment,0,155.66834750437363,4,Desktop
4803,Treatment,1,215.60320053212845,4,Desktop
4804,Treatment,0,125.65089537620058,4,Mobile
4805,Treatment,0,252.7177781583366,4,Desktop
4806,Treatment,0,168.6385445901795,3,Mobile
4807,Treatment,0,189.77002306615142,6,Desktop
4808,Treatment,1,124.46621230226951,3,Desktop
4809,Treatment,0,197.31987339666995,2,Desktop
4810,Treatment,0,179.9423481520192,1,Desktop
4811,Treatment,0,195.24556706289434,5,Desktop
4812,Treatment,0,278.94398940990396,2,Mobile
4813,Treatment,0,207.7733925184632,4,Desktop
4814,Treatment,0,154.29374487198078,2,Mobile
4815,Treatment,0,158.87740491993875,3,Mobile
4816,Treatment,1,230.73221522525728,6,Desktop
4817,Treatment,1,269.4281310046383,8,Mobile
4818,Treatment,0,213.50549114130774,6,Mobile
4819,Treatment,1,235.8792009505123,2,Desktop
4820,Treatment,0,231.53557478351877,3,Desktop
4821,Treatment,0,276.04854273466367,3,Tablet
4822,Treatment,0,90.7725405000682,5,Mobile
4823,Treatment,0,234.69704166174904,2,Mobile
4824,Treatment,0,252.105482414696,2,Mobile
4825,Treatment,0,124.37019616254346,2,Mobile
4826,Treatment,0,149.2882498796471,7,Desktop
4827,Treatment,0,151.20694882545155,5,Tablet
4828,Treatment,0,157.9165391992439,6,Mobile
4829,Treatment,0,171.50556219854607,2,Mobile
4830,Treatment,0,211.3431547180218,2,Desktop
4831,Treatment,0,245.61210581420534,6,Tablet
4832,Treatment,0,257.4724326772695,5,Mobile
4833,Treatment,0,151.919731635772,2,Mobile
4834,Treatment,0,151.54133507133594,2,Desktop
4835,Treatment,0,270.37020120089227,5,Mobile
4836,Treatment,0,233.57091644802546,1,Desktop
4837,Treatment,0,202.55756630279478,4,Mobile
4838,Treatment,0,224.03351715552319,4,Mobile
4839,Treatment,0,196.36079199817075,4,Desktop
4840,Treatment,0,226.8521575676188,5,Desktop
4841,Treatment,1,179.51633169218428,2,Desktop
4842,Treatment,1,212.78427139415768,7,Mobile
4843,Treatment,0,114.91996722967771,2,Desktop
4844,Treatment,0,160.1718637846013,5,Desktop
4845,Treatment,0,160.7643852765311,6,Mobile
4846,Treatment,0,177.40854817361972,1,Mobile
4847,Treatment,1,147.04177098711386,3,Tablet
4848,Treatment,0,168.65510057973052,1,Desktop
4849,Treatment,0,114.70722656810337,3,Mobile
4850,Treatment,0,228.1785262017195,3,Desktop
4851,Treatment,1,193.4617564598733,7,Mobile
4852,Treatment,0,104.21358157231907,7,Mobile
4853,Treatment,0,152.084354919933,2,Mobile
4854,Treatment,0,216.51307851591918,7,Desktop
4855,Treatment,0,168.13379294878158,2,Tablet
4856,Treatment,0,159.66821969240468,3,Tablet
4857,Treatment,0,193.8974027645558,2,Desktop
4858,Treatment,1,216.89786443480187,3,Mobile
4859,Treatment,1,119.00061486284616,3,Mobile
4860,Treatment,1,228.25706646698336,5,Desktop
4861,Treatment,0,153.9838695115943,5,Mobile
4862,Treatment,0,197.01396174626106,6,Mobile
4863,Treatment,0,196.05189226196697,2,Mobile
4864,Treatment,0,169.01136349681244,1,Mobile
4865,Treatment,0,141.6987139628107,1,Desktop
4866,Treatment,0,182.2872398549255,1,Desktop
4867,Treatment,0,287.3931669991357,6,Mobile
4868,Treatment,0,123.1078733245003,9,Mobile
4869,Treatment,0,291.07721605076813,4,Mobile
4870,Treatment,0,183.71533559079072,5,Desktop
4871,Treatment,0,199.94542793987515,2,Mobile
4872,Treatment,0,138.23090537384002,2,Desktop
4873,Treatment,0,155.58018208273856,2,Mobile
4874,Treatment,0,170.33996924790895,2,Mobile
4875,Treatment,0,140.48677660171484,1,Desktop
4876,Treatment,0,186.50951234460206,3,Desktop
4877,Treatment,0,175.6141259506276,4,Mobile
4878,Treatment,0,299.79296283396536,2,Tablet
4879,Treatment,0,133.87141978757464,3,Desktop
4880,Treatment,0,203.6479784211723,2,Desktop
4881,Treatment,0,211.63154550460035,4,Desktop
4882,Treatment,0,139.13236982414895,1,Desktop
4883,Treatment,0,235.77551224990611,2,Tablet
4884,Treatment,0,176.09201429151045,1,Desktop
4885,Treatment,0,60.918569162931306,1,Mobile
4886,Treatment,1,234.29172866575107,1,Mobile
4887,Treatment,0,136.56825137437,1,Desktop
4888,Treatment,0,140.37237796234956,3,Mobile
4889,Treatment,0,235.8346145590819,5,Mobile
4890,Treatment,0,178.90611846698528,4,Mobile
4891,Treatment,0,248.47746828033252,2,Desktop
4892,Treatment,0,264.55913524509253,4,Desktop
4893,Treatment,0,162.52893468227361,3,Mobile
4894,Treatment,0,241.62943727752668,1,Desktop
4895,Treatment,0,156.4496559233915,5,Tablet
4896,Treatment,0,320.8213754422697,7,Desktop
4897,Treatment,0,159.88736475078318,3,Desktop
4898,Treatment,0,254.43480925280022,4,Mobile
4899,Treatment,0,244.40845142348667,3,Desktop
4900,Treatment,1,215.38483021599137,4,Desktop
4901,Treatment,0,161.1201261220824,6,Desktop
4902,Treatment,0,189.67313794322249,7,Desktop
4903,Treatment,0,79.55265378804964,5,Desktop
4904,Treatment,0,210.34310211102377,2,Mobile
4905,Treatment,1,217.22884320656118,8,Mobile
4906,Treatment,0,205.34246804837542,7,Desktop
4907,Treatment,1,34.468160578909334,2,Mobile
4908,Treatment,0,128.38999552006038,6,Mobile
4909,Treatment,0,156.85499594332356,3,Mobile
4910,Treatment,0,214.04124132539755,3,Mobile
4911,Treatment,1,213.91363981036415,2,Desktop
4912,Treatment,0,188.63769144158513,3,Desktop
4913,Treatment,0,232.93850451321762,5,Desktop
4914,Treatment,0,141.5566693583405,2,Mobile
4915,Treatment,0,231.56292531316979,4,Mobile
4916,Treatment,1,224.110815766194,2,Tablet
4917,Treatment,0,218.76551030608508,2,Mobile
4918,Treatment,0,187.98777629028893,5,Desktop
4919,Treatment,0,298.6909103657194,1,Mobile
4920,Treatment,0,225.12576286694332,2,Desktop
4921,Treatment,1,144.74152752105425,1,Mobile
4922,Treatment,0,211.65680116547912,3,Desktop
4923,Treatment,0,239.38658573908202,5,Desktop
4924,Treatment,1,165.65402705916298,1,Desktop
4925,Treatment,0,257.90997358121047,2,Tablet
4926,Treatment,0,219.0118538143806,1,Mobile
4927,Treatment,0,69.16369142840591,2,Desktop
4928,Treatment,0,214.48195875358596,3,Desktop
4929,Treatment,0,175.66839650730066,4,Desktop
4930,Treatment,1,227.54488979979547,3,Desktop
4931,Treatment,0,249.9318162138498,1,Desktop
4932,Treatment,0,208.73391259279998,1,Mobile
4933,Treatment,1,289.58887286695824,2,Mobile
4934,Treatment,0,188.17112134900773,6,Tablet
4935,Treatment,0,232.36498026796315,6,Desktop
4936,Treatment,0,242.2718415500541,1,Mobile
4937,Treatment,1,192.6459717108997,2,Desktop
4938,Treatment,0,240.83258693877804,3,Desktop
4939,Treatment,0,165.2929857060807,3,Desktop
4940,Treatment,0,174.758736953833,2,Tablet
4941,Treatment,0,125.81312203150281,5,Tablet
4942,Treatment,0,211.27750140035258,4,Mobile
4943,Treatment,0,215.88884217198893,1,Desktop
4944,Treatment,0,262.8594737218576,3,Mobile
4945,Treatment,0,241.5127002395736,6,Mobile
4946,Treatment,1,182.33624438439116,7,Desktop
4947,Treatment,0,133.20011719661477,6,Desktop
4948,Treatment,0,221.80677213859857,2,Mobile
4949,Treatment,0,259.09142448280534,5,Mobile
4950,Treatment,0,239.5351735592169,3,Mobile
4951,Treatment,0,257.6462638671508,1,Desktop
4952,Treatment,0,186.34607578409666,7,Desktop
4953,Treatment,0,172.3359567503395,3,Mobile
4954,Treatment,0,157.47042562725105,4,Mobile
4955,Treatment,0,194.92569433625223,2,Desktop
4956,Treatment,0,193.67750622171494,4,Mobile
4957,Treatment,0,209.3672695696514,4,Desktop
4958,Treatment,0,190.88863986304705,3,Desktop
4959,Treatment,0,190.65047486502758,5,Desktop
4960,Treatment,0,155.28182708653208,4,Mobile
4961,Treatment,0,249.789045745332,3,Desktop
4962,Treatment,0,202.20849342340412,1,Tablet
4963,Treatment,0,188.40558361430948,5,Mobile
4964,Treatment,0,156.89139107129375,4,Tablet
4965,Treatment,0,124.74477892849028,2,Desktop
4966,Treatment,0,269.9380305902139,5,Mobile
4967,Treatment,1,228.5051289472494,6,Tablet
4968,Treatment,0,108.68451865865181,5,Desktop
4969,Treatment,1,239.97282653903113,4,Desktop
4970,Treatment,0,248.736464362821,4,Mobile
4971,Treatment,0,204.84068672655113,3,Desktop
4972,Treatment,1,285.8960992663467,4,Desktop
4973,Treatment,0,209.91958031675856,3,Tablet
4974,Treatment,0,120.07470596279455,4,Mobile
4975,Treatment,0,218.08429505765764,4,Desktop
4976,Treatment,0,211.4693515942001,9,Desktop
4977,Treatment,0,164.81867331720147,3,Desktop
4978,Treatment,0,229.54573602825837,5,Desktop
4979,Treatment,0,106.27841035950259,6,Desktop
4980,Treatment,0,252.48117550935342,1,Desktop
4981,Treatment,1,149.7033063017001,4,Desktop
4982,Treatment,0,143.82796311856322,4,Tablet
4983,Treatment,0,191.73963752308876,6,Desktop
4984,Treatment,0,221.81351104239994,3,Desktop
4985,Treatment,0,207.01582349763862,2,Mobile
4986,Treatment,0,157.1537458825192,3,Desktop
4987,Treatment,0,170.16508898444613,5,Mobile
4988,Treatment,0,135.6826708942396,1,Mobile
4989,Treatment,0,185.64260541035713,1,Tablet
4990,Treatment,0,257.12616679810003,5,Desktop
4991,Treatment,1,197.7655384295868,5,Desktop
4992,Treatment,0,245.26778401176992,1,Desktop
4993,Treatment,0,278.04707357494055,2,Desktop
4994,Treatment,0,165.65898145296683,4,Mobile
4995,Treatment,0,187.73847108195494,1,Mobile
4996,Treatment,1,317.4156073584372,5,Tablet
4997,Treatment,0,277.438887658897,4,Desktop
4998,Treatment,0,106.01775108032061,3,Mobile
4999,Treatment,0,219.29315738334986,7,Desktop
5000,Treatment,0,198.03079957868326,3,Tablet
5001,Treatment,0,243.45492109723193,2,Desktop
5002,Treatment,0,157.02616778832197,4,Mobile
5003,Treatment,0,151.82153953776304,4,Desktop
5004,Treatment,0,160.81611065885147,3,Desktop
5005,Treatment,0,166.5439299590862,3,Mobile
5006,Treatment,0,242.8428291744958,5,Mobile
5007,Treatment,0,133.0339354768116,6,Mobile
5008,Treatment,0,163.75623550223747,2,Desktop
5009,Treatment,0,99.60431852242073,1,Desktop
5010,Treatment,0,253.3914802876805,5,Desktop
5011,Treatment,0,267.90665546871276,6,Mobile
5012,Treatment,0,180.01096130249175,4,Desktop
5013,Treatment,0,181.61278493527274,6,Tablet
5014,Treatment,0,222.92720462555934,6,Mobile
5015,Treatment,0,279.09651040580405,3,Mobile
5016,Treatment,0,220.47359111601546,3,Mobile
5017,Treatment,0,159.6351931638687,7,Mobile
5018,Treatment,0,108.96475854074578,2,Desktop
5019,Treatment,0,136.66805555350817,2,Desktop
5020,Treatment,0,202.02706976718557,4,Desktop
5021,Treatment,0,161.9569862239563,3,Desktop
5022,Treatment,0,208.72322382949173,3,Desktop
5023,Treatment,1,167.58917910700714,6,Mobile
5024,Treatment,0,139.80194627880735,5,Desktop
5025,Treatment,1,133.2632602700811,4,Mobile
5026,Treatment,0,283.92949801552766,4,Mobile
5027,Treatment,0,246.89432620510036,6,Mobile
5028,Treatment,0,293.1784873505377,6,Desktop
5029,Treatment,0,227.69729954153067,5,Mobile
5030,Treatment,0,174.35047252618386,3,Mobile
5031,Treatment,0,270.78375073694656,4,Desktop
5032,Treatment,0,196.18125992510278,2,Tablet
5033,Treatment,0,210.1462973659694,2,Desktop
5034,Treatment,0,195.64465915084645,4,Desktop
5035,Treatment,0,35.920267939379215,2,Desktop
5036,Treatment,0,286.2604256762169,7,Desktop
5037,Treatment,0,225.00521702767645,5,Mobile
5038,Treatment,1,216.14026834776806,5,Desktop
5039,Treatment,0,194.60231657511918,4,Desktop
5040,Treatment,1,206.9885301212372,5,Mobile
5041,Treatment,0,165.14965852845637,2,Mobile
5042,Treatment,0,231.91186437689993,3,Desktop
5043,Treatment,0,126.10959105804771,1,Mobile
5044,Treatment,0,208.2337637858801,1,Desktop
5045,Treatment,0,228.88654088141075,4,Mobile
5046,Treatment,0,187.07319763974033,3,Tablet
5047,Treatment,0,218.39772858590635,3,Desktop
5048,Treatment,0,143.47660842711625,7,Desktop
5049,Treatment,0,144.87952760072199,3,Mobile
5050,Treatment,0,211.01944165645162,5,Desktop
5051,Treatment,0,235.32023100415785,3,Desktop
5052,Treatment,0,94.8823889474059,3,Desktop
5053,Treatment,0,226.71113493109215,4,Desktop
5054,Treatment,0,168.12391747930147,7,Desktop
5055,Treatment,0,187.3956651980923,3,Desktop
5056,Treatment,0,124.32651420392295,3,Desktop
5057,Treatment,0,151.16105178973106,6,Mobile
5058,Treatment,0,251.13689290416713,3,Tablet
5059,Treatment,0,199.80748556891172,5,Desktop
5060,Treatment,0,176.9471879059743,3,Desktop
5061,Treatment,1,191.5931406052931,3,Desktop
5062,Treatment,1,224.90665035653657,3,Mobile
5063,Treatment,0,222.22719728898358,4,Tablet
5064,Treatment,0,193.87351497817596,3,Mobile
5065,Treatment,0,258.11275109931677,2,Desktop
5066,Treatment,0,251.37544502986663,2,Mobile
5067,Treatment,0,220.73546160217177,3,Mobile
5068,Treatment,0,201.00364806005388,5,Desktop
5069,Treatment,1,234.15266023157466,2,Mobile
5070,Treatment,0,215.28470819906508,3,Desktop
5071,Treatment,0,256.3440039493271,5,Desktop
5072,Treatment,0,247.47587572060692,2,Desktop
5073,Treatment,0,141.99603542202493,1,Desktop
5074,Treatment,0,138.27202560920614,7,Mobile
5075,Treatment,1,159.4312750577758,3,Mobile
5076,Treatment,0,251.68762795368065,4,Desktop
5077,Treatment,0,111.3030051775815,5,Desktop
5078,Treatment,0,219.71165640093963,1,Desktop
5079,Treatment,0,217.93987001011288,2,Mobile
5080,Treatment,0,261.9456432277406,5,Desktop
5081,Treatment,0,207.9186279865138,2,Mobile
5082,Treatment,0,124.12348351788546,5,Tablet
5083,Treatment,0,145.23547716435326,6,Mobile
5084,Treatment,0,132.99024629561964,2,Desktop
5085,Treatment,0,168.41308185167728,3,Desktop
5086,Treatment,0,187.94041379168402,1,Desktop
5087,Treatment,0,133.90071605784186,3,Desktop
5088,Treatment,0,278.8864094858759,6,Mobile
5089,Treatment,0,125.10952454261574,8,Desktop
5090,Treatment,0,272.03568831243643,3,Desktop
5091,Treatment,0,263.1839667291637,3,Desktop
5092,Treatment,0,247.40664023289693,4,Mobile
5093,Treatment,0,159.84283658767873,6,Desktop
5094,Treatment,0,216.83479835472957,3,Mobile
5095,Treatment,0,127.74458765471601,4,Mobile
5096,Treatment,0,248.09988692685621,7,Mobile
5097,Treatment,0,193.9308370155052,4,Mobile
5098,Treatment,0,175.48738819773232,6,Desktop
5099,Treatment,0,130.6940334339052,4,Desktop
5100,Treatment,0,61.73716347540409,4,Mobile
5101,Treatment,0,140.88025286303343,5,Mobile
5102,Treatment,0,259.20390075870984,3,Desktop
5103,Treatment,0,175.84416143388577,2,Desktop
5104,Treatment,0,188.6869128586724,1,Desktop
5105,Treatment,0,234.0554897058649,4,Mobile
5106,Treatment,0,297.3117882963946,1,Mobile
5107,Treatment,0,270.87525602201015,1,Desktop
5108,Treatment,0,144.52157479010964,2,Desktop
5109,Treatment,0,91.15861857094265,3,Desktop
5110,Treatment,1,327.77878425050574,2,Mobile
5111,Treatment,1,322.7945386412699,1,Tablet
5112,Treatment,0,208.36494780361056,1,Mobile
5113,Treatment,0,128.1231464929998,3,Mobile
5114,Treatment,0,250.97745936416666,8,Desktop
5115,Treatment,0,192.06089726930645,5,Tablet
5116,Treatment,0,191.7860382291364,4,Mobile
5117,Treatment,0,247.19523637078208,2,Desktop
5118,Treatment,0,216.3906110780314,3,Mobile
5119,Treatment,0,132.78017989417802,5,Desktop
5120,Treatment,0,180.13919357049144,4,Mobile
5121,Treatment,0,234.36341107637406,2,Tablet
5122,Treatment,1,226.06387223227603,1,Desktop
5123,Treatment,0,212.41091158971616,3,Mobile
5124,Treatment,0,249.33826249617255,1,Mobile
5125,Treatment,1,178.10556567005045,7,Tablet
5126,Treatment,0,207.82683763704895,3,Desktop
5127,Treatment,0,12.343149490232008,1,Mobile
5128,Treatment,0,173.26923933864524,1,Desktop
5129,Treatment,0,240.01465997166045,7,Desktop
5130,Treatment,0,176.52830430855715,1,Desktop
5131,Treatment,0,172.35749345555882,4,Desktop
5132,Treatment,0,140.72008765238496,9,Tablet
5133,Treatment,0,253.185124100103,3,Desktop
5134,Treatment,0,228.1654800447314,4,Desktop
5135,Treatment,1,243.39780288026967,4,Desktop
5136,Treatment,0,103.05823209231608,1,Desktop
5137,Treatment,0,189.17524762039014,5,Desktop
5138,Treatment,0,182.59389457374965,4,Tablet
5139,Treatment,0,182.5685561370796,6,Mobile
5140,Treatment,1,164.11848509551243,4,Mobile
5141,Treatment,0,178.96426505209917,4,Mobile
5142,Treatment,0,244.73046304886586,8,Mobile
5143,Treatment,0,92.79317556586939,3,Tablet
5144,Treatment,0,295.7512122416749,3,Tablet
5145,Treatment,0,224.6112618764554,6,Desktop
5146,Treatment,0,195.6717457386883,9,Tablet
5147,Treatment,0,247.87587805051095,6,Desktop
5148,Treatment,1,118.14908901573607,5,Desktop
5149,Treatment,0,161.44145021669422,4,Mobile
5150,Treatment,0,191.34085121851953,5,Desktop
5151,Treatment,0,273.10582037376975,1,Desktop
5152,Treatment,0,195.4426880380393,3,Mobile
5153,Treatment,1,222.75300691518305,4,Desktop
5154,Treatment,0,165.57315522351297,2,Desktop
5155,Treatment,0,224.776313793212,4,Tablet
5156,Treatment,0,290.2481776135951,6,Desktop
5157,Treatment,0,252.75396804207628,3,Desktop
5158,Treatment,0,193.51992067221664,3,Tablet
5159,Treatment,0,235.15199659960084,7,Tablet
5160,Treatment,0,229.76343250339664,3,Desktop
5161,Treatment,0,225.86232194335017,4,Desktop
5162,Treatment,0,259.15743484732246,2,Tablet
5163,Treatment,0,258.74627371106067,5,Desktop
5164,Treatment,0,191.00627717188135,5,Mobile
5165,Treatment,0,233.30334838127732,2,Desktop
5166,Treatment,1,176.92977933621134,4,Mobile
5167,Treatment,0,147.23101820264324,4,Desktop
5168,Treatment,0,183.17784343628074,2,Mobile
5169,Treatment,0,193.80470165432294,7,Desktop
5170,Treatment,0,106.61304559521044,2,Desktop
5171,Treatment,0,245.31829076791962,3,Desktop
5172,Treatment,0,45.7971017568681,3,Desktop
5173,Treatment,0,347.3149316717477,6,Mobile
5174,Treatment,0,280.60335235879757,2,Tablet
5175,Treatment,0,183.64452017052275,2,Mobile
5176,Treatment,0,198.51844983100753,3,Mobile
5177,Treatment,1,214.66345304730058,5,Desktop
5178,Treatment,0,165.5961786606082,3,Desktop
5179,Treatment,0,208.5940531172815,4,Desktop
5180,Treatment,1,190.08000122640863,1,Mobile
5181,Treatment,0,192.81500055229688,5,Desktop
5182,Treatment,0,207.98035849143514,3,Tablet
5183,Treatment,0,125.75597109053031,2,Mobile
5184,Treatment,1,200.17633482735064,2,Tablet
5185,Treatment,0,206.98962606396125,3,Desktop
5186,Treatment,1,205.08672917457528,4,Mobile
5187,Treatment,0,186.1293084510115,3,Desktop
5188,Treatment,0,260.5821776783155,1,Mobile
5189,Treatment,1,178.54910948151468,2,Tablet
5190,Treatment,0,210.50292487527548,7,Desktop
5191,Treatment,0,269.351364365905,2,Desktop
5192,Treatment,0,193.63431229888283,1,Desktop
5193,Treatment,0,209.7954797107153,9,Tablet
5194,Treatment,1,192.69884500268066,2,Desktop
5195,Treatment,0,266.05533864599795,2,Mobile
5196,Treatment,0,183.82514911275376,2,Desktop
5197,Treatment,0,268.5845017508513,5,Mobile
5198,Treatment,0,192.30266579441144,3,Desktop
5199,Treatment,0,150.72971521035907,5,Desktop
5200,Treatment,0,235.36552438157665,1,Mobile
5201,Treatment,0,181.2432691434389,4,Mobile
5202,Treatment,1,232.12754945045396,4,Desktop
5203,Treatment,0,47.88275882919464,5,Mobile
5204,Treatment,0,198.28628940422206,4,Desktop
5205,Treatment,1,172.72170856833858,3,Tablet
5206,Treatment,0,139.5207722407797,2,Desktop
5207,Treatment,0,167.57174489881103,3,Desktop
5208,Treatment,0,166.44632706390416,5,Desktop
5209,Treatment,0,195.36078128321805,4,Desktop
5210,Treatment,0,122.79704462932743,1,Desktop
5211,Treatment,1,215.39505791428425,1,Desktop
5212,Treatment,0,273.14181318631836,6,Desktop
5213,Treatment,0,213.45106733213044,5,Desktop
5214,Treatment,0,242.4943735075955,4,Desktop
5215,Treatment,0,258.20093500375873,3,Mobile
5216,Treatment,0,266.0069231701297,1,Mobile
5217,Treatment,0,300.8576281051718,7,Desktop
5218,Treatment,0,170.54389009482384,2,Desktop
5219,Treatment,0,158.4833808161386,3,Desktop
5220,Treatment,0,241.0906106578604,5,Mobile
5221,Treatment,0,236.95464208115698,1,Tablet
5222,Treatment,0,240.6621414788629,6,Desktop
5223,Treatment,0,301.91053498376385,6,Mobile
5224,Treatment,0,198.6253449839172,4,Desktop
5225,Treatment,0,221.43861078054016,3,Desktop
5226,Treatment,0,144.07864616840888,3,Mobile
5227,Treatment,0,315.44266181867766,3,Desktop
5228,Treatment,1,179.4900293334989,2,Mobile
5229,Treatment,0,181.04812395115437,2,Mobile
5230,Treatment,0,178.92875599454666,3,Tablet
5231,Treatment,0,162.53072777456143,3,Desktop
5232,Treatment,0,157.88096231337929,1,Desktop
5233,Treatment,0,169.19626444107612,2,Desktop
5234,Treatment,0,122.88122395719805,5,Desktop
5235,Treatment,0,154.8075143855219,6,Mobile
5236,Treatment,0,305.1929711296191,1,Mobile
5237,Treatment,0,238.46103290027528,2,Desktop
5238,Treatment,0,248.9247297200245,3,Tablet
5239,Treatment,0,262.7464833079303,5,Mobile
5240,Treatment,0,298.8774010399315,2,Mobile
5241,Treatment,1,100.57175967058858,5,Tablet
5242,Treatment,0,130.35642865924027,4,Desktop
5243,Treatment,0,153.79519865079232,3,Desktop
5244,Treatment,1,172.1648611930721,6,Mobile
5245,Treatment,0,181.46868351781131,3,Mobile
5246,Treatment,0,173.41623459566776,5,Desktop
5247,Treatment,0,210.06199022226298,2,Desktop
5248,Treatment,0,199.94124649098688,3,Desktop
5249,Treatment,0,158.24408626519627,4,Desktop
5250,Treatment,0,78.34481726568366,8,Tablet
5251,Treatment,0,143.3922212041716,8,Desktop
5252,Treatment,1,167.79187406780835,6,Mobile
5253,Treatment,0,184.41063097557543,4,Mobile
5254,Treatment,0,135.86828973792046,3,Mobile
5255,Treatment,0,171.00564434269688,2,Desktop
5256,Treatment,0,135.79569363329276,7,Mobile
5257,Treatment,0,191.07993566484168,4,Tablet
5258,Treatment,0,138.97997694005616,5,Desktop
5259,Treatment,0,151.31024389962445,3,Desktop
5260,Treatment,0,126.02237279559735,3,Mobile
5261,Treatment,0,189.5574617436619,6,Mobile
5262,Treatment,0,150.3453726526181,4,Mobile
5263,Treatment,0,247.8731346671486,4,Tablet
5264,Treatment,0,220.32176466810944,6,Mobile
5265,Treatment,1,194.15814724989963,1,Desktop
5266,Treatment,0,154.13829764609164,5,Desktop
5267,Treatment,0,218.92861679239667,5,Desktop
5268,Treatment,0,235.98854891417506,5,Desktop
5269,Treatment,0,205.84786267108967,2,Desktop
5270,Treatment,0,286.2036020506812,4,Desktop
5271,Treatment,0,223.28005249411487,2,Tablet
5272,Treatment,0,248.2483969662419,1,Desktop
5273,Treatment,0,205.3460978544788,5,Mobile
5274,Treatment,0,235.1615449291337,6,Mobile
5275,Treatment,0,154.17703220319535,2,Mobile
5276,Treatment,0,172.78809002329635,5,Mobile
5277,Treatment,0,217.21499544153087,1,Desktop
5278,Treatment,0,216.815471485656,7,Tablet
5279,Treatment,1,225.9186502618786,4,Desktop
5280,Treatment,0,258.5216090753301,4,Mobile
5281,Treatment,1,119.62658555015233,2,Tablet
5282,Treatment,0,144.4051098814337,2,Desktop
5283,Treatment,0,210.62649525908392,1,Tablet
5284,Treatment,1,158.16000025080967,8,Mobile
5285,Treatment,0,383.7772532709149,4,Mobile
5286,Treatment,0,226.36457905435748,5,Desktop
5287,Treatment,1,193.69180330884134,3,Tablet
5288,Treatment,0,169.64918998038775,6,Desktop
5289,Treatment,0,171.59107442438255,4,Desktop
5290,Treatment,0,199.65773637233477,1,Mobile
5291,Treatment,0,204.15900629416916,3,Mobile
5292,Treatment,0,172.88154704185678,4,Desktop
5293,Treatment,0,182.97662644140541,3,Desktop
5294,Treatment,0,271.9356516379028,7,Mobile
5295,Treatment,0,274.1477729458069,3,Desktop
5296,Treatment,0,211.86186889641823,3,Desktop
5297,Treatment,0,124.23071500197943,4,Desktop
5298,Treatment,0,227.6176736151474,8,Mobile
5299,Treatment,0,283.48553428860646,5,Mobile
5300,Treatment,0,273.3379606079308,1,Mobile
5301,Treatment,0,238.3934219045317,8,Desktop
5302,Treatment,0,276.2332625407202,6,Mobile
5303,Treatment,0,200.9361349863462,3,Mobile
5304,Treatment,1,232.54566334085376,6,Desktop
5305,Treatment,0,160.55734385211508,2,Desktop
5306,Treatment,0,214.07460008856418,7,Tablet
5307,Treatment,0,271.12438341837884,2,Desktop
5308,Treatment,0,165.581712368221,6,Mobile
5309,Treatment,1,150.62061137946424,3,Desktop
5310,Treatment,1,203.36189164630332,2,Mobile
5311,Treatment,0,185.53357879518003,5,Desktop
5312,Treatment,0,233.70312465887312,5,Desktop
5313,Treatment,1,173.07072607291266,2,Mobile
5314,Treatment,1,292.51417885814925,5,Tablet
5315,Treatment,0,127.06781461214193,3,Desktop
5316,Treatment,0,266.9554132420854,9,Desktop
5317,Treatment,0,155.9332924430543,7,Mobile
5318,Treatment,1,99.22094959787871,4,Mobile
5319,Treatment,0,211.0831335991877,1,Desktop
5320,Treatment,0,183.9965607692364,1,Mobile
5321,Treatment,0,136.97148476533332,4,Desktop
5322,Treatment,0,105.52427095566048,2,Mobile
5323,Treatment,0,197.54015670006987,5,Mobile
5324,Treatment,1,251.67102903930999,4,Desktop
5325,Treatment,0,230.17244211975444,4,Desktop
5326,Treatment,0,201.1188656861596,1,Desktop
5327,Treatment,0,224.33661652697543,2,Mobile
5328,Treatment,0,196.50322271921786,3,Mobile
5329,Treatment,0,119.36516663332958,10,Desktop
5330,Treatment,0,119.85083081271063,6,Desktop
5331,Treatment,0,186.82573090584265,1,Mobile
5332,Treatment,0,189.16406924986592,5,Desktop
5333,Treatment,0,244.8040473178721,2,Mobile
5334,Treatment,0,239.6517323076111,2,Mobile
5335,Treatment,1,231.2823158667422,3,Mobile
5336,Treatment,1,182.58445078075505,6,Mobile
5337,Treatment,0,122.06413064394232,5,Mobile
5338,Treatment,0,220.6639125386313,4,Mobile
5339,Treatment,1,226.88431222941927,7,Desktop
5340,Treatment,0,66.63076956372728,1,Mobile
5341,Treatment,0,152.11139973795355,4,Desktop
5342,Treatment,1,159.99200924333573,2,Desktop
5343,Treatment,0,204.509261061789,3,Mobile
5344,Treatment,0,153.81517619788684,1,Desktop
5345,Treatment,1,195.90259871464477,3,Mobile
5346,Treatment,0,186.42057828058543,3,Desktop
5347,Treatment,0,189.24677906542496,4,Desktop
5348,Treatment,0,158.59831384645895,4,Desktop
5349,Treatment,0,162.85582202633273,3,Mobile
5350,Treatment,0,138.5853117120619,5,Tablet
5351,Treatment,0,218.90370923156075,2,Mobile
5352,Treatment,1,229.41064457252526,2,Mobile
5353,Treatment,0,155.61601274310635,1,Desktop
5354,Treatment,0,281.63520528093744,2,Desktop
5355,Treatment,0,180.6969203906873,4,Desktop
5356,Treatment,0,282.16020930881086,3,Desktop
5357,Treatment,0,162.68300543926182,2,Mobile
5358,Treatment,1,86.53822228703105,3,Desktop
5359,Treatment,0,220.12088037017932,3,Mobile
5360,Treatment,0,211.6699807815443,2,Desktop
5361,Treatment,0,199.89165874191707,4,Tablet
5362,Treatment,0,162.6772136855806,3,Desktop
5363,Treatment,0,196.09852759827996,1,Desktop
5364,Treatment,0,169.880729817176,1,Tablet
5365,Treatment,0,181.3707738517537,3,Desktop
5366,Treatment,1,244.28977406707912,3,Mobile
5367,Treatment,0,208.13194762415515,1,Desktop
5368,Treatment,0,231.54732630325876,2,Mobile
5369,Treatment,0,185.24723213558156,2,Mobile
5370,Treatment,0,179.18904598073738,5,Mobile
5371,Treatment,0,134.5584608011246,1,Desktop
5372,Treatment,0,177.64798630874918,3,Mobile
5373,Treatment,0,15.338699442597374,2,Desktop
5374,Treatment,0,165.53779185319007,4,Desktop
5375,Treatment,0,193.49692025450386,6,Desktop
5376,Treatment,0,229.00205098485858,5,Tablet
5377,Treatment,0,183.22271673612738,2,Mobile
5378,Treatment,0,217.12204482347497,4,Desktop
5379,Treatment,0,78.1116236235365,5,Mobile
5380,Treatment,0,194.87397312861776,5,Desktop
5381,Treatment,0,105.6273463897628,3,Mobile
5382,Treatment,0,131.54330663873668,4,Desktop
5383,Treatment,0,187.70589486748764,2,Desktop
5384,Treatment,0,268.1945193330455,4,Desktop
5385,Treatment,0,218.41637199085324,7,Mobile
5386,Treatment,0,199.00270484254145,5,Desktop
5387,Treatment,0,196.92582857930938,2,Desktop
5388,Treatment,1,158.7504108737543,2,Mobile
5389,Treatment,0,168.0809122645024,3,Desktop
5390,Treatment,0,221.50568250089384,4,Desktop
5391,Treatment,0,121.8051714855528,5,Mobile
5392,Treatment,0,230.61797276556615,2,Mobile
5393,Treatment,0,176.6321113084631,3,Mobile
5394,Treatment,0,243.4056391178261,1,Desktop
5395,Treatment,0,250.86014014776458,1,Desktop
5396,Treatment,0,105.9803793121843,4,Mobile
5397,Treatment,0,166.013058022503,2,Desktop
5398,Treatment,0,150.9459771632657,6,Desktop
5399,Treatment,0,98.29996192097714,8,Desktop
5400,Treatment,0,141.2106698084824,4,Mobile
5401,Treatment,0,332.26907148959367,4,Desktop
5402,Treatment,1,231.52304429168422,3,Tablet
5403,Treatment,1,303.45083827331644,4,Desktop
5404,Treatment,0,243.60041420100845,1,Mobile
5405,Treatment,0,157.19862614453385,3,Desktop
5406,Treatment,1,177.00258418292765,4,Desktop
5407,Treatment,1,230.3639899132169,4,Mobile
5408,Treatment,0,222.062841191017,1,Mobile
5409,Treatment,0,166.24618913604164,3,Desktop
5410,Treatment,0,114.95037561814362,4,Desktop
5411,Treatment,0,378.8268653063806,2,Tablet
5412,Treatment,0,190.23676802114568,3,Desktop
5413,Treatment,0,180.0843608749559,1,Tablet
5414,Treatment,0,204.2333955147916,4,Mobile
5415,Treatment,0,184.64992758789342,3,Mobile
5416,Treatment,0,204.7500899238016,4,Desktop
5417,Treatment,0,268.7821007364031,6,Desktop
5418,Treatment,0,191.14983361724668,3,Desktop
5419,Treatment,0,134.05092583697314,4,Desktop
5420,Treatment,0,189.1095913036764,3,Desktop
5421,Treatment,0,172.4579020224549,5,Desktop
5422,Treatment,0,276.31444154857684,2,Desktop
5423,Treatment,1,262.4115485605664,4,Desktop
5424,Treatment,0,203.91387502369395,4,Desktop
5425,Treatment,0,127.6695279849409,5,Mobile
5426,Treatment,0,130.57592551080296,4,Mobile
5427,Treatment,1,198.83177938715045,4,Tablet
5428,Treatment,0,216.49776331267043,3,Desktop
5429,Treatment,0,177.39574493706698,7,Mobile
5430,Treatment,0,171.59067286860213,1,Mobile
5431,Treatment,0,165.39604217517441,1,Mobile
5432,Treatment,0,196.71333218658296,3,Desktop
5433,Treatment,0,66.94807063598142,5,Mobile
5434,Treatment,0,137.42703541766596,5,Desktop
5435,Treatment,0,163.5122035003957,2,Desktop
5436,Treatment,0,264.41267572235563,5,Desktop
5437,Treatment,0,153.24024969390888,5,Desktop
5438,Treatment,0,207.92574780071635,4,Mobile
5439,Treatment,0,210.4598513012048,3,Mobile
5440,Treatment,0,269.3854078113419,3,Mobile
5441,Treatment,0,267.4417573830283,6,Desktop
5442,Treatment,0,194.8373367162796,2,Mobile
5443,Treatment,0,171.84833923458064,2,Desktop
5444,Treatment,1,161.48917934458703,3,Desktop
5445,Treatment,0,184.74152276438204,3,Mobile
5446,Treatment,0,174.128165512202,5,Mobile
5447,Treatment,0,228.44950751470276,2,Mobile
5448,Treatment,0,221.11703996168623,2,Desktop
5449,Treatment,0,230.54906551297586,2,Tablet
5450,Treatment,0,267.26060412898926,4,Mobile
5451,Treatment,0,300.45780167700974,6,Desktop
5452,Treatment,0,204.85648663741563,2,Tablet
5453,Treatment,0,258.47050742676095,6,Desktop
5454,Treatment,0,178.65868988911816,7,Desktop
5455,Treatment,0,263.17538409706583,2,Tablet
5456,Treatment,0,256.3830036446714,4,Desktop
5457,Treatment,0,253.46287834686453,4,Desktop
5458,Treatment,0,203.1738412655338,3,Desktop
5459,Treatment,1,161.2403009805011,4,Desktop
5460,Treatment,1,121.30093591739879,9,Desktop
5461,Treatment,0,195.79795358633953,7,Mobile
5462,Treatment,0,282.31568982370504,5,Desktop
5463,Treatment,0,180.95853042497598,3,Desktop
5464,Treatment,0,241.181962200303,6,Desktop
5465,Treatment,0,244.41732702854122,4,Mobile
5466,Treatment,0,182.39725784900548,1,Mobile
5467,Treatment,0,270.39896606357354,2,Mobile
5468,Treatment,0,38.02365905357229,2,Desktop
5469,Treatment,0,130.7487346694004,2,Desktop
5470,Treatment,0,147.6402237002847,4,Mobile
5471,Treatment,0,152.91567374229356,8,Desktop
5472,Treatment,0,216.49446231522424,2,Mobile
5473,Treatment,0,213.9520791679646,3,Desktop
5474,Treatment,0,219.66948146962542,2,Desktop
5475,Treatment,0,230.78448217728678,4,Desktop
5476,Treatment,0,145.7442486969893,5,Desktop
5477,Treatment,0,131.00031632559745,1,Desktop
5478,Treatment,0,219.79758251043245,3,Desktop
5479,Treatment,0,163.33723594944584,6,Tablet
5480,Treatment,0,111.62387250476162,4,Tablet
5481,Treatment,0,251.42393564978147,3,Mobile
5482,Treatment,0,274.73060485762636,6,Tablet
5483,Treatment,0,283.6438489334263,5,Mobile
5484,Treatment,0,208.28542468110962,1,Desktop
5485,Treatment,0,232.42626527850965,5,Mobile
5486,Treatment,1,273.3427522849051,4,Desktop
5487,Treatment,0,162.7221315487111,1,Mobile
5488,Treatment,0,259.08727262297504,1,Desktop
5489,Treatment,0,213.14679287787646,5,Mobile
5490,Treatment,1,248.25414087884252,3,Mobile
5491,Treatment,0,208.23511614817644,1,Desktop
5492,Treatment,0,269.2941190361401,4,Mobile
5493,Treatment,0,210.29380693978453,5,Mobile
5494,Treatment,0,116.38115172929203,5,Mobile
5495,Treatment,0,277.85596477730974,5,Mobile
5496,Treatment,0,145.88580924653382,4,Mobile
5497,Treatment,0,266.91820156341527,1,Desktop
5498,Treatment,1,193.0366415207823,1,Desktop
5499,Treatment,0,262.68060418587385,2,Desktop
5500,Treatment,0,260.4122738176721,4,Desktop
5501,Treatment,0,221.65786358734542,4,Desktop
5502,Treatment,0,225.9694424694922,2,Mobile
5503,Treatment,0,221.24457394559113,3,Desktop
5504,Treatment,0,87.23963840454071,7,Desktop
5505,Treatment,0,204.50816203940113,5,Mobile
5506,Treatment,0,136.61647031604576,9,Desktop
5507,Treatment,0,207.41529290601147,3,Desktop
5508,Treatment,0,135.13815994892315,2,Desktop
5509,Treatment,0,132.8276432325659,3,Desktop
5510,Treatment,0,286.27139759646457,7,Tablet
5511,Treatment,0,256.8196063468304,1,Mobile
5512,Treatment,1,197.7721578280715,8,Desktop
5513,Treatment,0,208.1622757636963,4,Desktop
5514,Treatment,0,184.36461858413452,1,Desktop
5515,Treatment,0,229.34320067887376,5,Mobile
5516,Treatment,0,160.81700983981574,4,Tablet
5517,Treatment,0,252.65571445773764,1,Desktop
5518,Treatment,0,184.0802237442239,7,Mobile
5519,Treatment,0,174.9084152292824,6,Desktop
5520,Treatment,0,199.19421601666636,3,Mobile
5521,Treatment,0,165.48692435409143,5,Desktop
5522,Treatment,0,216.07752922230657,5,Desktop
5523,Treatment,0,168.44505758776302,8,Desktop
5524,Treatment,0,223.768798155036,5,Desktop
5525,Treatment,0,264.8803596401312,3,Mobile
5526,Treatment,0,158.43730722555046,1,Tablet
5527,Treatment,0,190.8183498487656,3,Desktop
5528,Treatment,0,223.3731892169482,1,Desktop
5529,Treatment,0,174.02784547602263,4,Desktop
5530,Treatment,0,223.5376308454666,3,Desktop
5531,Treatment,0,228.5469373358457,2,Mobile
5532,Treatment,0,257.57939769618673,1,Desktop
5533,Treatment,0,164.67054746532983,1,Mobile
5534,Treatment,0,146.14736178732392,3,Mobile
5535,Treatment,0,181.08324357399408,1,Desktop
5536,Treatment,0,144.7736213249095,3,Mobile
5537,Treatment,0,229.04740122261234,1,Tablet
5538,Treatment,0,134.1036784902974,3,Desktop
5539,Treatment,0,326.31590300389786,7,Mobile
5540,Treatment,0,269.27603238655627,4,Mobile
5541,Treatment,0,198.69166732801727,1,Mobile
5542,Treatment,0,245.70669711488867,1,Desktop
5543,Treatment,0,107.97589746290646,2,Mobile
5544,Treatment,0,336.78553322697564,2,Desktop
5545,Treatment,0,165.53819632897307,3,Desktop
5546,Treatment,0,191.37264223553524,5,Mobile
5547,Treatment,0,95.92366920463598,3,Tablet
5548,Treatment,0,224.7458017607492,3,Mobile
5549,Treatment,0,137.151071360759,3,Tablet
5550,Treatment,0,203.5910668861316,5,Desktop
5551,Treatment,0,168.0649061891504,8,Desktop
5552,Treatment,0,138.7240835788311,6,Desktop
5553,Treatment,1,153.76011740305606,1,Desktop
5554,Treatment,0,210.41834187470366,6,Mobile
5555,Treatment,0,127.51799649221466,2,Desktop
5556,Treatment,0,156.81535809370325,1,Desktop
5557,Treatment,0,234.4800359695463,5,Mobile
5558,Treatment,0,341.1363931180872,3,Desktop
5559,Treatment,0,224.26738507541526,4,Desktop
5560,Treatment,0,147.55060968024918,3,Mobile
5561,Treatment,0,177.8087206460229,4,Mobile
5562,Treatment,1,199.7373953383918,3,Mobile
5563,Treatment,0,178.7816277150361,1,Mobile
5564,Treatment,0,247.6681991705313,3,Desktop
5565,Treatment,1,209.96104156578235,5,Desktop
5566,Treatment,0,247.93188117004286,3,Desktop
5567,Treatment,0,180.70559153363038,1,Mobile
5568,Treatment,0,270.9025120846691,4,Desktop
5569,Treatment,0,188.84329286451498,4,Mobile
5570,Treatment,1,144.58455719741045,2,Desktop
5571,Treatment,1,317.75262095732216,5,Mobile
5572,Treatment,0,97.62622391713857,2,Desktop
5573,Treatment,0,157.369370108229,4,Mobile
5574,Treatment,0,163.5134681493283,5,Mobile
5575,Treatment,0,335.956845018111,10,Mobile
5576,Treatment,0,297.37723862805814,2,Mobile
5577,Treatment,0,280.16604790032085,3,Desktop
5578,Treatment,1,179.81377356930176,5,Mobile
5579,Treatment,1,331.43979021129763,4,Desktop
5580,Treatment,0,218.2593602112534,1,Desktop
5581,Treatment,0,251.74948536667173,9,Mobile
5582,Treatment,0,207.88324596084138,1,Tablet
5583,Treatment,0,195.27933857722115,7,Desktop
5584,Treatment,0,184.15217293404913,2,Mobile
5585,Treatment,0,186.46980036194608,4,Mobile
5586,Treatment,0,231.46704067729434,2,Tablet
5587,Treatment,0,218.19598893264634,3,Mobile
5588,Treatment,0,196.26907463879738,3,Mobile
5589,Treatment,1,281.023819598437,4,Desktop
5590,Treatment,0,34.8285812192598,1,Desktop
5591,Treatment,0,226.04379863566572,5,Desktop
5592,Treatment,0,237.47562886624385,3,Mobile
5593,Treatment,0,261.08295775403434,2,Desktop
5594,Treatment,1,194.43207074206515,5,Desktop
5595,Treatment,0,209.43560370611766,7,Tablet
5596,Treatment,0,252.22716108230966,3,Mobile
5597,Treatment,0,280.0141522354099,6,Mobile
5598,Treatment,0,181.47052081516776,3,Desktop
5599,Treatment,0,212.68366807201582,3,Desktop
5600,Treatment,0,290.32156803918167,2,Desktop
5601,Treatment,0,81.17851082666319,4,Mobile
5602,Treatment,0,160.04930701019782,4,Desktop
5603,Treatment,0,278.620978823163,3,Desktop
5604,Treatment,0,258.08958084845665,3,Mobile
5605,Treatment,0,226.73448660096818,4,Desktop
5606,Treatment,0,173.3271719789984,4,Mobile
5607,Treatment,0,149.49998255580192,2,Mobile
5608,Treatment,1,165.48314094166943,5,Mobile
5609,Treatment,0,283.1404521450281,1,Tablet
5610,Treatment,0,163.43565209645595,4,Desktop
5611,Treatment,0,203.57826303318117,1,Desktop
5612,Treatment,0,156.54607953260398,2,Desktop
5613,Treatment,0,244.35257165544647,3,Desktop
5614,Treatment,0,168.37005458094575,5,Mobile
5615,Treatment,0,192.63233604150722,3,Tablet
5616,Treatment,0,105.41398268264459,1,Tablet
5617,Treatment,0,109.26474700872832,3,Desktop
5618,Treatment,0,198.42202563268285,3,Mobile
5619,Treatment,0,125.1163564641231,2,Mobile
5620,Treatment,0,313.77976516339766,5,Desktop
5621,Treatment,0,84.61622883382628,1,Desktop
5622,Treatment,1,153.99035857347428,4,Desktop
5623,Treatment,0,198.91854769971528,4,Desktop
5624,Treatment,0,177.91768842123184,3,Desktop
5625,Treatment,0,137.27199988348445,5,Mobile
5626,Treatment,0,145.31396882776025,1,Mobile
5627,Treatment,0,143.51402573754189,6,Mobile
5628,Treatment,0,182.23030678489653,3,Desktop
5629,Treatment,0,305.3560999234583,4,Mobile
5630,Treatment,0,202.28655131070153,4,Mobile
5631,Treatment,0,263.0595269163138,4,Desktop
5632,Treatment,0,225.8836990205478,3,Mobile
5633,Treatment,0,259.26243188902214,2,Mobile
5634,Treatment,0,44.001963357352764,9,Mobile
5635,Treatment,0,181.2548088368474,6,Desktop
5636,Treatment,0,269.89244827328923,9,Desktop
5637,Treatment,0,166.55452974878665,4,Desktop
5638,Treatment,0,294.93602406782867,3,Tablet
5639,Treatment,0,279.6139584572269,3,Mobile
5640,Treatment,0,172.19781061298957,2,Desktop
5641,Treatment,0,170.32600645245037,4,Mobile
5642,Treatment,0,142.25167867050422,3,Desktop
5643,Treatment,0,163.37231724749114,2,Mobile
5644,Treatment,0,130.20760147070968,2,Mobile
5645,Treatment,0,221.5846149238153,5,Mobile
5646,Treatment,0,117.91744286594616,6,Desktop
5647,Treatment,0,231.2053158904622,3,Desktop
5648,Treatment,0,232.5443283295137,6,Desktop
5649,Treatment,0,106.63375771488425,4,Mobile
5650,Treatment,0,283.2400233480587,2,Mobile
5651,Treatment,0,226.2485111928372,4,Mobile
5652,Treatment,0,239.2333911794678,4,Desktop
5653,Treatment,0,156.27341391514753,3,Mobile
5654,Treatment,0,232.23085151602152,2,Desktop
5655,Treatment,0,259.9516397347136,2,Desktop
5656,Treatment,0,192.57653805474274,2,Desktop
5657,Treatment,0,308.1057352586599,6,Desktop
5658,Treatment,0,200.4235549202116,6,Desktop
5659,Treatment,1,260.7432190248861,6,Desktop
5660,Treatment,0,214.11548439922603,3,Mobile
5661,Treatment,0,230.20368430712773,7,Desktop
5662,Treatment,0,106.07672528008753,1,Desktop
5663,Treatment,0,218.40795560184498,3,Desktop
5664,Treatment,0,157.57636943085038,5,Desktop
5665,Treatment,0,151.44809318222718,3,Mobile
5666,Treatment,0,293.9256751456288,3,Tablet
5667,Treatment,0,186.2426363565708,7,Desktop
5668,Treatment,0,142.81839929634768,6,Tablet
5669,Treatment,0,178.24776045401188,3,Desktop
5670,Treatment,0,126.47523740929475,5,Desktop
5671,Treatment,0,276.86364575079483,2,Mobile
5672,Treatment,0,159.73755907084166,2,Mobile
5673,Treatment,0,227.1114963669018,5,Desktop
5674,Treatment,0,272.58586928156785,3,Desktop
5675,Treatment,1,170.49160253318988,5,Mobile
5676,Treatment,0,227.26123377500323,2,Tablet
5677,Treatment,0,141.34526698025635,3,Tablet
5678,Treatment,0,332.51732630125264,9,Mobile
5679,Treatment,0,249.50090740391423,2,Mobile
5680,Treatment,0,187.40664586815566,4,Mobile
5681,Treatment,0,155.49414480110698,3,Mobile
5682,Treatment,0,191.73018959382054,3,Tablet
5683,Treatment,1,179.30089527066644,3,Mobile
5684,Treatment,0,305.41195046997285,4,Mobile
5685,Treatment,0,130.5955902781804,5,Desktop
5686,Treatment,0,205.41407828096118,11,Mobile
5687,Treatment,0,196.99140633514594,6,Mobile
5688,Treatment,1,191.5424334810322,3,Desktop
5689,Treatment,0,192.02608397839117,4,Desktop
5690,Treatment,0,191.6161054433734,3,Desktop
5691,Treatment,0,246.01863364826548,4,Tablet
5692,Treatment,0,231.49414455708393,1,Mobile
5693,Treatment,0,221.04013862550326,2,Desktop
5694,Treatment,0,31.130585082010214,3,Desktop
5695,Treatment,0,214.48871807897402,3,Mobile
5696,Treatment,0,106.93983519064547,2,Mobile
5697,Treatment,0,233.5476089724704,6,Desktop
5698,Treatment,0,279.09735521637833,3,Tablet
5699,Treatment,1,147.0568488076297,2,Mobile
5700,Treatment,0,183.60206027115112,1,Mobile
5701,Treatment,0,165.03543622208517,6,Mobile
5702,Treatment,0,265.94874766662406,3,Desktop
5703,Treatment,0,203.22653368996401,3,Mobile
5704,Treatment,0,293.05811593114834,2,Mobile
5705,Treatment,1,220.75648116210633,2,Tablet
5706,Treatment,0,211.33475993497007,2,Desktop
5707,Treatment,1,201.751373043156,6,Mobile
5708,Treatment,0,242.9895654591535,2,Mobile
5709,Treatment,0,102.42725909650612,1,Mobile
5710,Treatment,1,202.69391755362804,6,Mobile
5711,Treatment,0,194.14744559496194,2,Desktop
5712,Treatment,1,237.89803549367713,6,Desktop
5713,Treatment,0,187.67641167692798,2,Desktop
5714,Treatment,1,140.86960612105315,6,Desktop
5715,Treatment,0,198.40428712058346,2,Tablet
5716,Treatment,0,138.44377091224112,3,Desktop
5717,Treatment,0,92.1105783076883,3,Desktop
5718,Treatment,0,237.9917364817021,4,Mobile
5719,Treatment,0,229.84838649820688,5,Tablet
5720,Treatment,0,223.6900019196466,4,Mobile
5721,Treatment,0,269.6610632070196,5,Mobile
5722,Treatment,0,161.4232460332841,6,Desktop
5723,Treatment,0,119.28872214758097,7,Desktop
5724,Treatment,0,194.14836227555756,6,Desktop
5725,Treatment,0,178.88748351617494,5,Desktop
5726,Treatment,0,151.67373557764623,6,Desktop
5727,Treatment,0,193.60829655817122,1,Desktop
5728,Treatment,0,164.36171695874785,6,Desktop
5729,Treatment,0,97.01970941537428,3,Desktop
5730,Treatment,1,173.7352820063432,3,Desktop
5731,Treatment,0,135.49936583128783,5,Tablet
5732,Treatment,0,210.74064393860075,3,Tablet
5733,Treatment,0,161.91808829676398,4,Desktop
5734,Treatment,0,259.13973107775786,3,Desktop
5735,Treatment,0,286.21263369973263,3,Mobile
5736,Treatment,0,235.36597551565484,3,Desktop
5737,Treatment,0,112.69355999091741,4,Tablet
5738,Treatment,0,280.78577993834716,4,Desktop
5739,Treatment,0,284.66462477055705,3,Desktop
5740,Treatment,0,199.03347812193675,5,Mobile
5741,Treatment,1,270.7609388184543,3,Desktop
5742,Treatment,0,167.65786740743272,2,Desktop
5743,Treatment,0,95.35647358327257,3,Mobile
5744,Treatment,1,156.18435587581234,7,Tablet
5745,Treatment,0,293.1115476324616,2,Mobile
5746,Treatment,0,115.99060420136895,5,Mobile
5747,Treatment,0,197.9736705062322,1,Tablet
5748,Treatment,1,199.87791413371167,3,Desktop
5749,Treatment,1,169.78641658177037,2,Desktop
5750,Treatment,0,173.60631200895867,4,Desktop
5751,Treatment,0,201.97370238299115,1,Desktop
5752,Treatment,0,167.08107119359,7,Mobile
5753,Treatment,0,119.78678265576379,3,Desktop
5754,Treatment,0,209.8267568618901,4,Desktop
5755,Treatment,1,257.0351620344735,5,Desktop
5756,Treatment,0,245.82648852593815,5,Desktop
5757,Treatment,0,153.46454929356037,3,Desktop
5758,Treatment,0,129.18246465422783,5,Desktop
5759,Treatment,0,182.36966648148717,3,Mobile
5760,Treatment,0,284.2285330387615,2,Mobile
5761,Treatment,0,233.507894342775,1,Mobile
5762,Treatment,1,236.71805722368285,1,Mobile
5763,Treatment,1,246.94213234820222,1,Tablet
5764,Treatment,0,221.14216093852224,4,Desktop
5765,Treatment,0,204.63347011874683,3,Tablet
5766,Treatment,0,234.42687931563825,2,Desktop
5767,Treatment,0,167.96086426800892,8,Desktop
5768,Treatment,0,120.20453437485236,6,Mobile
5769,Treatment,0,237.76483140433777,1,Desktop
5770,Treatment,1,266.0755958162074,3,Desktop
5771,Treatment,0,136.49724333541826,1,Desktop
5772,Treatment,0,243.2056815328745,3,Desktop
5773,Treatment,0,290.44211423635045,5,Mobile
5774,Treatment,0,197.87645890335835,3,Desktop
5775,Treatment,0,153.00987983920396,4,Mobile
5776,Treatment,0,204.76602704397155,1,Desktop
5777,Treatment,0,167.72063174896144,2,Desktop
5778,Treatment,0,164.0798439523979,3,Desktop
5779,Treatment,0,221.82512369993484,4,Mobile
5780,Treatment,0,109.79487887335576,2,Tablet
5781,Treatment,0,118.5839092629275,4,Desktop
5782,Treatment,0,199.06099842056685,6,Tablet
5783,Treatment,0,196.7730303598163,4,Mobile
5784,Treatment,0,216.89550173719647,6,Desktop
5785,Treatment,0,301.13739636658636,3,Desktop
5786,Treatment,1,203.74827198417017,7,Mobile
5787,Treatment,0,230.8994682684137,4,Desktop
5788,Treatment,0,144.34568854119524,6,Desktop
5789,Treatment,1,240.23657149340954,1,Desktop
5790,Treatment,0,169.04850241891273,5,Desktop
5791,Treatment,0,201.92814579196013,5,Desktop
5792,Treatment,0,192.01332562119612,10,Mobile
5793,Treatment,1,254.8135829202717,4,Mobile
5794,Treatment,1,125.95128950937503,7,Mobile
5795,Treatment,0,72.42187509617283,5,Mobile
5796,Treatment,0,186.26120166016415,4,Desktop
5797,Treatment,0,223.76921912978182,6,Desktop
5798,Treatment,1,206.3748156694125,5,Mobile
5799,Treatment,1,265.77123305776513,3,Desktop
5800,Treatment,0,222.05549707988177,4,Mobile
5801,Treatment,0,166.9883417477077,6,Desktop
5802,Treatment,0,70.10189152231757,4,Desktop
5803,Treatment,0,184.947827119263,8,Desktop
5804,Treatment,0,254.53774512417888,2,Mobile
5805,Treatment,0,176.43737195330868,2,Mobile
5806,Treatment,0,199.55761450227703,4,Mobile
5807,Treatment,0,221.17481398686897,4,Tablet
5808,Treatment,1,142.15891941626012,3,Desktop
5809,Treatment,0,232.27797431513494,4,Desktop
5810,Treatment,0,288.0416984500938,3,Desktop
5811,Treatment,0,188.49526564586264,4,Desktop
5812,Treatment,1,135.9014567992234,1,Mobile
5813,Treatment,0,194.33694351379145,2,Mobile
5814,Treatment,0,75.65887402651222,2,Mobile
5815,Treatment,0,216.5296795187139,3,Mobile
5816,Treatment,0,222.87509077067185,3,Mobile
5817,Treatment,0,290.1599961615059,5,Mobile
5818,Treatment,0,187.33028640883563,5,Desktop
5819,Treatment,1,220.46669359805585,4,Mobile
5820,Treatment,0,150.62915436877543,5,Mobile
5821,Treatment,0,178.39650837112066,1,Mobile
5822,Treatment,0,114.11480098357912,2,Desktop
5823,Treatment,0,187.28657082942203,2,Desktop
5824,Treatment,0,181.20799655647892,6,Desktop
5825,Treatment,0,214.45598713488928,3,Desktop
5826,Treatment,0,163.70217158170485,1,Desktop
5827,Treatment,0,202.58399430363005,6,Desktop
5828,Treatment,0,179.66409694157838,4,Desktop
5829,Treatment,0,179.76753364352672,2,Desktop
5830,Treatment,0,202.41992792796665,5,Tablet
5831,Treatment,1,200.22876182743553,5,Desktop
5832,Treatment,0,239.8645721478401,5,Desktop
5833,Treatment,0,191.3646331228591,3,Desktop
5834,Treatment,0,178.75630579823482,6,Desktop
5835,Treatment,0,188.05559052020257,3,Mobile
5836,Treatment,0,158.69347357374542,6,Desktop
5837,Treatment,1,178.20488985383307,1,Mobile
5838,Treatment,0,309.7137292190277,5,Desktop
5839,Treatment,0,147.8026681617273,3,Desktop
5840,Treatment,0,182.673901636638,4,Mobile
5841,Treatment,0,176.68812352016704,5,Tablet
5842,Treatment,0,184.40556132655803,2,Desktop
5843,Treatment,0,179.78183801168828,5,Mobile
5844,Treatment,0,213.35820556715498,6,Mobile
5845,Treatment,0,103.94036942345132,8,Desktop
5846,Treatment,0,255.04443098926026,2,Mobile
5847,Treatment,0,232.79205398032084,4,Mobile
5848,Treatment,0,129.6420627665276,3,Desktop
5849,Treatment,0,73.20074998761793,7,Tablet
5850,Treatment,0,144.26103196222294,5,Desktop
5851,Treatment,0,184.65334462150827,1,Desktop
5852,Treatment,1,339.91605442799266,1,Desktop
5853,Treatment,0,227.87913307358502,4,Mobile
5854,Treatment,0,98.58256929501984,3,Mobile
5855,Treatment,0,160.0689472304481,4,Desktop
5856,Treatment,0,195.0733160049859,4,Desktop
5857,Treatment,0,211.95259548639532,4,Desktop
5858,Treatment,0,125.68881268292674,2,Desktop
5859,Treatment,0,190.57553746126163,4,Mobile
5860,Treatment,0,158.52984743142025,5,Mobile
5861,Treatment,0,137.2932790568726,1,Desktop
5862,Treatment,0,212.27776056844246,3,Desktop
5863,Treatment,0,240.56324453935522,1,Desktop
5864,Treatment,0,244.25727023288908,5,Desktop
5865,Treatment,0,229.59124931236317,1,Mobile
5866,Treatment,0,170.64467567728553,2,Desktop
5867,Treatment,0,237.30023688049283,4,Desktop
5868,Treatment,0,214.99799409573583,7,Mobile
5869,Treatment,0,205.36680356236073,3,Tablet
5870,Treatment,0,164.3568783064011,4,Desktop
5871,Treatment,0,170.67181299621595,5,Desktop
5872,Treatment,0,202.06378148685047,3,Tablet
5873,Treatment,0,332.1930956842026,2,Desktop
5874,Treatment,0,214.56833640502646,1,Mobile
5875,Treatment,0,164.38463237623426,3,Mobile
5876,Treatment,0,152.21858052668065,4,Desktop
5877,Treatment,0,170.95283630390884,2,Desktop
5878,Treatment,0,317.7511396151986,5,Desktop
5879,Treatment,0,176.0408844729721,4,Mobile
5880,Treatment,0,247.87787940356566,2,Mobile
5881,Treatment,0,177.3239464990754,1,Mobile
5882,Treatment,0,212.3651497703796,5,Desktop
5883,Treatment,0,241.54599007047972,9,Desktop
5884,Treatment,1,166.5453432604542,1,Desktop
5885,Treatment,0,162.73885902159768,1,Tablet
5886,Treatment,0,289.23783319504315,1,Mobile
5887,Treatment,0,252.15260921926884,3,Desktop
5888,Treatment,1,241.48697752799006,6,Desktop
5889,Treatment,0,241.30019612176028,2,Mobile
5890,Treatment,0,223.2766518571086,4,Desktop
5891,Treatment,0,308.9776697246286,3,Mobile
5892,Treatment,0,200.4149566032436,4,Desktop
5893,Treatment,0,229.74943019605058,1,Desktop
5894,Treatment,0,118.19978892732931,5,Desktop
5895,Treatment,0,152.62716223748174,2,Desktop
5896,Treatment,0,131.95495500907276,2,Desktop
5897,Treatment,1,268.0734970933882,3,Desktop
5898,Treatment,0,57.61029163885877,4,Desktop
5899,Treatment,1,175.87294874860027,3,Desktop
5900,Treatment,0,33.34613685366574,3,Desktop
5901,Treatment,0,152.27916574849604,6,Desktop
5902,Treatment,0,170.99780776474734,5,Desktop
5903,Treatment,0,274.16791015867244,5,Tablet
5904,Treatment,0,219.81453665718016,5,Desktop
5905,Treatment,0,152.17721621690686,7,Desktop
5906,Treatment,0,256.62800458525044,5,Desktop
5907,Treatment,0,198.98077399913666,3,Mobile
5908,Treatment,0,200.06617722889888,1,Desktop
5909,Treatment,0,131.85306707254045,3,Desktop
5910,Treatment,0,143.54924573532733,5,Tablet
5911,Treatment,0,152.61964850299614,3,Desktop
5912,Treatment,1,200.55537002348044,2,Tablet
5913,Treatment,0,202.2837149839371,3,Mobile
5914,Treatment,0,282.9250964938225,7,Mobile
5915,Treatment,0,219.17803423658088,5,Mobile
5916,Treatment,0,49.08388684803407,4,Desktop
5917,Treatment,1,212.44530933294297,7,Mobile
5918,Treatment,0,118.2491004107857,2,Desktop
5919,Treatment,0,144.8715991463655,5,Desktop
5920,Treatment,0,153.33067905505186,5,Desktop
5921,Treatment,0,161.5163922068234,2,Desktop
5922,Treatment,1,122.36678343778333,7,Desktop
5923,Treatment,0,209.19151018987583,2,Desktop
5924,Treatment,0,120.40587431999725,3,Desktop
5925,Treatment,0,217.61671839874157,3,Desktop
5926,Treatment,0,321.0334092383896,3,Mobile
5927,Treatment,0,124.8852517586265,4,Desktop
5928,Treatment,0,182.3519332613428,2,Desktop
5929,Treatment,0,59.20984506181415,2,Mobile
5930,Treatment,1,181.44855888664267,1,Mobile
5931,Treatment,0,233.34944339473162,4,Desktop
5932,Treatment,0,237.63515772464967,5,Tablet
5933,Treatment,0,202.2550051656253,3,Desktop
5934,Treatment,1,246.90948836174368,3,Desktop
5935,Treatment,0,338.03299947685355,6,Mobile
5936,Treatment,0,292.17675780906796,3,Desktop
5937,Treatment,0,169.26134888246997,3,Mobile
5938,Treatment,0,118.18928074432938,1,Desktop
5939,Treatment,0,175.6616720884408,3,Mobile
5940,Treatment,0,145.91594789104585,7,Mobile
5941,Treatment,0,222.8241151325548,3,Desktop
5942,Treatment,0,133.03435533137758,8,Mobile
5943,Treatment,0,193.9947662075312,3,Mobile
5944,Treatment,0,244.09077299949706,4,Tablet
5945,Treatment,1,192.46172699505527,4,Desktop
5946,Treatment,0,145.95273974887118,2,Desktop
5947,Treatment,0,262.61477316721306,2,Mobile
5948,Treatment,0,94.6560480385395,2,Desktop
5949,Treatment,0,179.97127192673952,4,Desktop
5950,Treatment,0,195.70869871402658,3,Desktop
5951,Treatment,0,198.8749762119797,2,Tablet
5952,Treatment,0,207.92728308429446,4,Desktop
5953,Treatment,0,231.57419008952212,6,Mobile
5954,Treatment,0,196.05259085250572,3,Desktop
5955,Treatment,0,177.75679448209758,1,Desktop
5956,Treatment,0,175.58258604371673,2,Tablet
5957,Treatment,0,164.3666308878905,2,Desktop
5958,Treatment,0,241.3148828379776,4,Mobile
5959,Treatment,0,162.4409336287917,4,Desktop
5960,Treatment,0,244.57241099545342,5,Desktop
5961,Treatment,0,199.04494952429292,7,Mobile
5962,Treatment,1,169.33098562291286,3,Desktop
5963,Treatment,0,232.01239686592743,2,Desktop
5964,Treatment,0,157.9900341402285,1,Desktop
5965,Treatment,0,233.10012224005172,2,Mobile
5966,Treatment,1,209.69993666554817,4,Mobile
5967,Treatment,1,165.20214209994435,2,Mobile
5968,Treatment,0,227.07491484340076,4,Desktop
5969,Treatment,1,228.06243491287512,4,Desktop
5970,Treatment,0,261.6635783195477,7,Desktop
5971,Treatment,0,251.13808568251127,4,Desktop
5972,Treatment,0,225.02007113994557,5,Desktop
5973,Treatment,0,135.98249768351803,3,Tablet
5974,Treatment,0,332.67228434957315,8,Tablet
5975,Treatment,0,120.80110839105043,7,Mobile
5976,Treatment,1,250.209474585527,4,Desktop
5977,Treatment,0,221.72060992874643,3,Desktop
5978,Treatment,0,133.42216951353868,5,Desktop
5979,Treatment,0,191.16344836168255,3,Mobile
5980,Treatment,0,193.66859125654477,6,Mobile
5981,Treatment,0,269.8070493695788,1,Mobile
5982,Treatment,0,158.76790048458838,1,Mobile
5983,Treatment,1,183.59302464666052,3,Tablet
5984,Treatment,0,69.51617172383052,3,Desktop
5985,Treatment,0,293.4119536217967,6,Desktop
5986,Treatment,0,139.1242466338961,4,Tablet
5987,Treatment,0,215.9800975331546,3,Mobile
5988,Treatment,1,192.42256936529748,1,Mobile
5989,Treatment,0,192.6099468269163,4,Desktop
5990,Treatment,0,242.54240916789814,4,Desktop
5991,Treatment,0,289.9194353166999,4,Desktop
5992,Treatment,0,211.83215184680955,2,Desktop
5993,Treatment,0,234.02929096967893,5,Mobile
5994,Treatment,0,216.08903451998725,6,Desktop
5995,Treatment,0,253.96422831618446,4,Tablet
5996,Treatment,0,172.539599128252,3,Desktop
5997,Treatment,0,257.14648049290275,3,Desktop
5998,Treatment,0,259.0774926106061,4,Desktop
5999,Treatment,0,257.53953547756004,2,Desktop
6000,Treatment,0,161.69186729649383,3,Mobile
6001,Treatment,0,188.7414301169545,4,Desktop
6002,Treatment,0,211.17068438292392,3,Desktop
6003,Treatment,0,122.60368753440468,5,Mobile
6004,Treatment,0,285.7206114447308,6,Desktop
6005,Treatment,0,197.32479065738033,4,Desktop
6006,Treatment,1,213.6160338182597,3,Desktop
6007,Treatment,0,166.26475581500384,2,Mobile
6008,Treatment,0,125.02173423481375,1,Tablet
6009,Treatment,0,164.7783562988876,2,Mobile
6010,Treatment,0,210.05623031984737,4,Tablet
6011,Treatment,0,235.03858470145315,4,Desktop
6012,Treatment,0,206.8985347331496,1,Desktop
6013,Treatment,1,217.06982089330728,1,Mobile
6014,Treatment,0,179.46354939252427,2,Mobile
6015,Treatment,0,225.29367114349856,2,Mobile
6016,Treatment,0,279.5558076512249,2,Desktop
6017,Treatment,0,236.7634193341443,2,Desktop
6018,Treatment,0,242.52480385391172,1,Desktop
6019,Treatment,0,214.1709019618647,4,Desktop
6020,Treatment,0,115.3264711720219,6,Desktop
6021,Treatment,0,140.54334081528162,3,Mobile
6022,Treatment,0,223.01816903651138,5,Desktop
6023,Treatment,0,197.39835214219528,1,Desktop
6024,Treatment,0,222.19135875600554,2,Tablet
6025,Treatment,0,290.20328798142407,4,Desktop
6026,Treatment,0,237.93197995761335,4,Desktop
6027,Treatment,0,267.2387413158552,1,Mobile
6028,Treatment,0,203.20747642089015,3,Mobile
6029,Treatment,0,153.60313773835583,4,Desktop
6030,Treatment,0,194.81736124321125,1,Mobile
6031,Treatment,0,153.73865024544742,3,Desktop
6032,Treatment,0,283.70622262248463,6,Mobile
6033,Treatment,0,241.47150920945083,3,Desktop
6034,Treatment,0,226.62818731455536,5,Desktop
6035,Treatment,0,265.9768761225457,4,Desktop
6036,Treatment,0,86.8968972012226,3,Mobile
6037,Treatment,0,230.34758732384628,6,Mobile
6038,Treatment,0,125.91448186325951,1,Mobile
6039,Treatment,0,197.60093658438865,6,Desktop
6040,Treatment,0,180.85608241430322,3,Mobile
6041,Treatment,0,234.39551366533215,1,Desktop
6042,Treatment,0,210.55030089285253,2,Desktop
6043,Treatment,0,271.98144454864837,4,Desktop
6044,Treatment,0,164.89565614870625,4,Desktop
6045,Treatment,0,237.00129142983062,3,Desktop
6046,Treatment,0,206.92227692943575,1,Mobile
6047,Treatment,0,108.0590351460646,1,Desktop
6048,Treatment,0,147.4760947812332,2,Desktop
6049,Treatment,0,189.75670815628075,9,Mobile
6050,Treatment,1,259.176084744045,2,Desktop
6051,Treatment,0,223.5047681656413,5,Desktop
6052,Treatment,1,133.7874546865607,4,Desktop
6053,Treatment,0,190.28260745740621,1,Desktop
6054,Treatment,0,308.97935468361663,3,Tablet
6055,Treatment,0,204.1172834162472,4,Tablet
6056,Treatment,0,179.99709337101822,6,Desktop
6057,Treatment,0,225.04568024159212,5,Desktop
6058,Treatment,0,239.98661937700837,5,Desktop
6059,Treatment,0,172.91074088859676,1,Desktop
6060,Treatment,0,225.64161259042905,2,Desktop
6061,Treatment,0,179.9110776831055,2,Desktop
6062,Treatment,0,237.5630181006191,2,Mobile
6063,Treatment,0,207.3331236884206,2,Desktop
6064,Treatment,0,224.50823048790906,8,Desktop
6065,Treatment,0,156.24490496078727,3,Desktop
6066,Treatment,0,152.82924887599273,4,Desktop
6067,Treatment,0,250.0023517562667,2,Desktop
6068,Treatment,0,193.63319902379786,1,Tablet
6069,Treatment,0,213.67691081546488,4,Desktop
6070,Treatment,0,181.14825151024144,6,Desktop
6071,Treatment,1,247.4299725707504,3,Desktop
6072,Treatment,0,164.57045109836884,1,Desktop
6073,Treatment,0,190.54193180545144,4,Desktop
6074,Treatment,0,241.22960469867223,2,Desktop
6075,Treatment,0,262.51322345403463,4,Desktop
6076,Treatment,0,169.19323899353242,1,Desktop
6077,Treatment,0,305.78261900757354,2,Mobile
6078,Treatment,0,215.2282931531489,4,Desktop
6079,Treatment,0,140.63894560051943,1,Mobile
6080,Treatment,0,218.29786267244825,3,Tablet
6081,Treatment,0,176.93504320340983,3,Tablet
6082,Treatment,1,221.87376679507472,7,Desktop
6083,Treatment,0,195.6429063786814,4,Mobile
6084,Treatment,0,202.08505296045797,3,Desktop
6085,Treatment,0,147.86236428776198,1,Desktop
6086,Treatment,0,252.45336768939978,4,Mobile
6087,Treatment,0,134.41299480669323,3,Desktop
6088,Treatment,0,137.01793075272528,4,Desktop
6089,Treatment,0,218.20481920311175,2,Mobile
6090,Treatment,0,286.1564335947883,6,Desktop
6091,Treatment,0,178.6073796614576,4,Mobile
6092,Treatment,0,236.5534777487181,3,Desktop
6093,Treatment,0,257.03370972749497,2,Mobile
6094,Treatment,0,242.8076440511738,4,Tablet
6095,Treatment,0,180.88354409544752,8,Mobile
6096,Treatment,0,137.9924305543259,3,Mobile
6097,Treatment,0,76.58488388807547,7,Desktop
6098,Treatment,0,183.54377252956837,4,Desktop
6099,Treatment,0,262.7948052709196,4,Mobile
6100,Treatment,0,136.17087083809363,1,Mobile
6101,Treatment,0,236.5115416135321,5,Desktop
6102,Treatment,0,145.74161084714703,4,Mobile
6103,Treatment,0,203.8339917012761,4,Desktop
6104,Treatment,1,236.928538778526,3,Desktop
6105,Treatment,0,161.7277509738865,6,Desktop
6106,Treatment,0,207.37665743833028,4,Mobile
6107,Treatment,0,175.16997648010693,2,Tablet
6108,Treatment,0,236.78317624159973,2,Mobile
6109,Treatment,0,210.94244426665506,1,Mobile
6110,Treatment,1,201.10792209360972,2,Desktop
6111,Treatment,1,283.70924780780877,6,Desktop
6112,Treatment,0,234.4268378302566,5,Mobile
6113,Treatment,1,160.0306473630541,2,Desktop
6114,Treatment,0,193.2774854561231,3,Mobile
6115,Treatment,0,193.82556682061866,2,Desktop
6116,Treatment,0,202.41757649438665,4,Desktop
6117,Treatment,0,336.8480102134122,2,Mobile
6118,Treatment,1,218.39685409910481,2,Mobile
6119,Treatment,0,86.02535864423733,4,Desktop
6120,Treatment,0,168.14605655556693,2,Desktop
6121,Treatment,0,91.71953518773053,4,Tablet
6122,Treatment,0,179.8610958624788,4,Mobile
6123,Treatment,0,88.69793736504643,5,Mobile
6124,Treatment,1,150.06252409123647,1,Desktop
6125,Treatment,0,114.3603158701234,5,Desktop
6126,Treatment,0,219.12880978821127,7,Desktop
6127,Treatment,0,198.02966494458832,2,Desktop
6128,Treatment,0,214.6629269124302,6,Desktop
6129,Treatment,0,192.24967362873105,5,Desktop
6130,Treatment,0,121.31362373875702,4,Tablet
6131,Treatment,0,226.24367530901046,4,Desktop
6132,Treatment,0,303.7223508148199,3,Mobile
6133,Treatment,0,220.5066918233601,8,Tablet
6134,Treatment,0,174.57414703753386,3,Desktop
6135,Treatment,0,119.45630531420052,5,Desktop
6136,Treatment,0,148.0563166082019,1,Desktop
6137,Treatment,0,222.91718111146324,6,Mobile
6138,Treatment,1,257.0214914739656,7,Mobile
6139,Treatment,0,212.34763960970866,4,Desktop
6140,Treatment,0,241.9938009338291,2,Mobile
6141,Treatment,0,236.92230342149836,5,Desktop
6142,Treatment,0,225.85939152622547,4,Desktop
6143,Treatment,0,161.78395226063094,2,Mobile
6144,Treatment,0,207.5657931586334,2,Mobile
6145,Treatment,0,151.3392207864824,1,Desktop
6146,Treatment,0,198.9585924126956,4,Desktop
6147,Treatment,0,216.19749420868015,5,Desktop
6148,Treatment,0,290.333109406277,5,Desktop
6149,Treatment,0,125.96474140978023,4,Mobile
6150,Treatment,1,224.4829197045218,4,Mobile
6151,Treatment,0,279.4680125392977,6,Desktop
6152,Treatment,0,239.7366271211338,4,Mobile
6153,Treatment,0,243.81199935537728,6,Mobile
6154,Treatment,0,230.32321960272967,6,Desktop
6155,Treatment,0,269.4083969376479,1,Desktop
6156,Treatment,0,138.18870075381977,4,Desktop
6157,Treatment,0,121.77403337163645,2,Mobile
6158,Treatment,0,197.65162227441093,2,Mobile
6159,Treatment,0,79.13608430355596,6,Desktop
6160,Treatment,0,265.6855192297906,5,Mobile
6161,Treatment,0,265.1393357522493,4,Desktop
6162,Treatment,0,174.16571947035106,5,Mobile
6163,Treatment,0,177.60761718367198,2,Desktop
6164,Treatment,0,194.02088886671308,3,Desktop
6165,Treatment,0,200.86113577417908,6,Mobile
6166,Treatment,0,204.9945655556857,5,Desktop
6167,Treatment,0,228.70276587830668,4,Mobile
6168,Treatment,1,188.5055505845337,1,Mobile
6169,Treatment,0,249.87563169127867,4,Mobile
6170,Treatment,0,222.5271277418917,5,Mobile
6171,Treatment,0,164.61701047700504,1,Desktop
6172,Treatment,0,271.43119672922535,5,Mobile
6173,Treatment,0,123.29586576326322,2,Mobile
6174,Treatment,0,192.9308804048188,2,Desktop
6175,Treatment,0,251.18045705915074,2,Desktop
6176,Treatment,0,158.23097922983203,4,Tablet
6177,Treatment,0,215.02556057219334,4,Desktop
6178,Treatment,0,227.88367783494763,3,Mobile
6179,Treatment,0,150.67118726103186,3,Desktop
6180,Treatment,0,194.01372542232806,3,Desktop
6181,Treatment,0,189.39228933849344,4,Tablet
6182,Treatment,0,167.6544181492239,5,Desktop
6183,Treatment,0,324.59211686279264,6,Mobile
6184,Treatment,1,156.02915056049883,3,Desktop
6185,Treatment,0,253.27116617373358,1,Mobile
6186,Treatment,0,176.3959440715372,2,Mobile
6187,Treatment,0,138.2350096113095,5,Desktop
6188,Treatment,0,203.6547833735288,3,Desktop
6189,Treatment,0,233.70013614131256,2,Desktop
6190,Treatment,0,248.62802662861233,4,Desktop
6191,Treatment,0,283.9245810860288,4,Mobile
6192,Treatment,0,359.98854594643046,5,Desktop
6193,Treatment,0,211.77828120655784,2,Mobile
6194,Treatment,1,161.52993043960367,6,Desktop
6195,Treatment,0,222.908087973719,5,Desktop
6196,Treatment,0,183.35828772764296,2,Desktop
6197,Treatment,0,248.92813714187264,2,Desktop
6198,Treatment,0,126.6559636998853,1,Desktop
6199,Treatment,0,328.25839983202405,2,Desktop
6200,Treatment,0,245.0826452126532,6,Tablet
6201,Treatment,0,105.37977902121095,3,Tablet
6202,Treatment,0,159.00341037267654,5,Desktop
6203,Treatment,1,242.88445742626664,5,Mobile
6204,Treatment,0,262.69892308943,3,Tablet
6205,Treatment,0,128.026930502242,5,Mobile
6206,Treatment,1,237.2164217738122,5,Desktop
6207,Treatment,0,90.89630700359422,3,Mobile
6208,Treatment,0,193.08652739909246,3,Desktop
6209,Treatment,0,259.16257631567635,2,Desktop
6210,Treatment,0,167.66663484433607,4,Desktop
6211,Treatment,0,115.11927354740925,2,Mobile
6212,Treatment,0,206.04181380076577,1,Desktop
6213,Treatment,0,164.7404623350487,4,Desktop
6214,Treatment,0,232.62571013362097,7,Mobile
6215,Treatment,0,149.30704622800667,5,Mobile
6216,Treatment,0,155.5049710690795,2,Desktop
6217,Treatment,0,86.8448723518066,4,Mobile
6218,Treatment,0,207.34695910783157,3,Mobile
6219,Treatment,0,189.15022839478706,5,Desktop
6220,Treatment,0,132.6388431092961,5,Desktop
6221,Treatment,0,208.65892925719007,2,Desktop
6222,Treatment,0,254.48886653542763,3,Tablet
6223,Treatment,0,186.14376311195775,3,Mobile
6224,Treatment,0,212.74918224020857,5,Desktop
6225,Treatment,0,213.03211872718404,3,Desktop
6226,Treatment,0,131.7618595051572,5,Mobile
6227,Treatment,0,311.1122201389178,2,Mobile
6228,Treatment,1,172.10325934327437,6,Desktop
6229,Treatment,0,234.0863911023149,2,Desktop
6230,Treatment,0,240.30684024759773,6,Mobile
6231,Treatment,0,190.32226800863364,2,Desktop
6232,Treatment,1,231.3737263782799,2,Mobile
6233,Treatment,0,211.5200571999014,4,Mobile
6234,Treatment,0,120.02981335249267,1,Mobile
6235,Treatment,0,179.72500143124515,5,Desktop
6236,Treatment,0,164.3097003705266,5,Mobile
6237,Treatment,0,172.604022725963,3,Desktop
6238,Treatment,0,126.27982521898491,1,Mobile
6239,Treatment,0,259.9538544210317,6,Desktop
6240,Treatment,1,286.1095960037377,2,Desktop
6241,Treatment,1,251.79016367991247,1,Desktop
6242,Treatment,0,267.87910732809286,6,Mobile
6243,Treatment,0,179.0450839645514,7,Mobile
6244,Treatment,0,163.005874075768,4,Mobile
6245,Treatment,0,155.17771242535588,5,Desktop
6246,Treatment,0,233.42357076264724,2,Desktop
6247,Treatment,0,210.48846792292824,1,Desktop
6248,Treatment,0,193.75280586208657,4,Desktop
6249,Treatment,0,269.2331699307439,3,Mobile
6250,Treatment,0,220.27177445984387,5,Desktop
6251,Treatment,0,151.87382993636783,4,Desktop
6252,Treatment,0,160.55001439753678,4,Mobile
6253,Treatment,0,235.509631458978,3,Mobile
6254,Treatment,0,255.29530689600284,10,Mobile
6255,Treatment,0,228.34241277407833,7,Mobile
6256,Treatment,0,302.32888113296445,3,Desktop
6257,Treatment,0,287.9253941152281,1,Mobile
6258,Treatment,0,222.25697091679194,3,Desktop
6259,Treatment,0,151.87806372851736,5,Desktop
6260,Treatment,0,125.95068685475277,2,Desktop
6261,Treatment,0,176.6940040241907,4,Desktop
6262,Treatment,0,239.42673955288865,3,Desktop
6263,Treatment,0,298.4655893621566,2,Desktop
6264,Treatment,1,220.959586892594,3,Tablet
6265,Treatment,0,262.279753682718,5,Mobile
6266,Treatment,0,184.50808825967087,4,Tablet
6267,Treatment,1,232.25230188751527,3,Mobile
6268,Treatment,0,243.2846256212445,5,Tablet
6269,Treatment,0,89.12231482811094,2,Desktop
6270,Treatment,0,175.26086586929193,2,Desktop
6271,Treatment,0,250.23352113528284,2,Desktop
6272,Treatment,1,213.09575846001107,4,Mobile
6273,Treatment,0,132.19167235169868,4,Mobile
6274,Treatment,0,64.3432693349954,5,Desktop
6275,Treatment,0,177.88205900838966,3,Desktop
6276,Treatment,0,194.06278689083666,4,Desktop
6277,Treatment,0,149.384237759441,6,Desktop
6278,Treatment,0,205.8696715365397,7,Mobile
6279,Treatment,0,225.85127109780922,4,Desktop
6280,Treatment,0,234.8877943899428,2,Mobile
6281,Treatment,0,68.42445912872228,4,Tablet
6282,Treatment,0,125.71431962055338,6,Desktop
6283,Treatment,0,181.24575434048955,3,Tablet
6284,Treatment,0,229.4695222070605,1,Tablet
6285,Treatment,0,224.90787074525196,4,Mobile
6286,Treatment,0,223.95284713321718,6,Mobile
6287,Treatment,0,176.91201319170875,6,Desktop
6288,Treatment,0,179.98016094795216,5,Tablet
6289,Treatment,1,157.94189023680426,5,Desktop
6290,Treatment,0,240.25067704582165,2,Tablet
6291,Treatment,0,147.3731166743232,5,Desktop
6292,Treatment,0,244.75200173542635,1,Mobile
6293,Treatment,1,209.43192809757053,6,Desktop
6294,Treatment,0,195.52255368496654,3,Desktop
6295,Treatment,0,161.88092801229433,9,Tablet
6296,Treatment,1,123.44519763597305,3,Mobile
6297,Treatment,0,162.3790983992075,2,Mobile
6298,Treatment,0,179.84962222563126,3,Desktop
6299,Treatment,0,67.70366286303116,4,Tablet
6300,Treatment,0,187.14546645659345,3,Mobile
6301,Treatment,0,248.8396552414303,3,Desktop
6302,Treatment,0,229.19698479886299,4,Mobile
6303,Treatment,0,170.7086768342171,5,Desktop
6304,Treatment,0,200.58149641283754,6,Mobile
6305,Treatment,0,167.41094868179002,3,Desktop
6306,Treatment,0,206.1818403334633,5,Mobile
6307,Treatment,0,282.70593030592175,2,Mobile
6308,Treatment,0,251.26743414436817,4,Mobile
6309,Treatment,0,226.6436868131014,1,Mobile
6310,Treatment,0,170.89132981889549,2,Mobile
6311,Treatment,0,239.24661161196613,4,Desktop
6312,Treatment,0,105.22176767448208,2,Desktop
6313,Treatment,0,184.12055849050103,1,Desktop
6314,Treatment,0,230.10412809031726,4,Desktop
6315,Treatment,0,238.7231667726263,2,Desktop
6316,Treatment,1,234.84364696186577,4,Mobile
6317,Treatment,0,214.2156879065332,4,Desktop
6318,Treatment,0,187.23512615038644,3,Mobile
6319,Treatment,0,227.58867834045688,6,Desktop
6320,Treatment,0,145.5926427677535,5,Desktop
6321,Treatment,0,151.54275051887126,3,Desktop
6322,Treatment,0,201.39540720531633,3,Desktop
6323,Treatment,0,207.5258703489811,3,Desktop
6324,Treatment,0,97.59116517894445,3,Mobile
6325,Treatment,0,223.0330509522235,5,Desktop
6326,Treatment,0,240.50006078556663,3,Desktop
6327,Treatment,1,193.74931193935376,6,Desktop
6328,Treatment,0,328.5956455806196,7,Desktop
6329,Treatment,0,160.43856915266477,2,Mobile
6330,Treatment,0,178.14020601372218,2,Desktop
6331,Treatment,0,176.27132016300348,2,Desktop
6332,Treatment,0,193.80968137899404,1,Desktop
6333,Treatment,0,179.920135286854,4,Tablet
6334,Treatment,0,120.62542004673206,1,Desktop
6335,Treatment,0,167.93984370699386,5,Desktop
6336,Treatment,0,192.6308617324258,5,Mobile
6337,Treatment,0,265.57146451340986,1,Mobile
6338,Treatment,0,319.12338003551025,7,Desktop
6339,Treatment,0,271.451064381786,3,Mobile
6340,Treatment,0,155.35415336800665,1,Mobile
6341,Treatment,0,159.73047141556088,5,Desktop
6342,Treatment,0,189.2369282369857,3,Tablet
6343,Treatment,0,296.15073888694724,1,Mobile
6344,Treatment,0,188.90167712999587,2,Desktop
6345,Treatment,0,124.98708802044132,8,Tablet
6346,Treatment,0,170.43525746758306,3,Desktop
6347,Treatment,0,239.63808010006795,1,Mobile
6348,Treatment,1,235.9467152292848,4,Mobile
6349,Treatment,0,186.9880833429589,3,Desktop
6350,Treatment,0,235.5878070458017,4,Desktop
6351,Treatment,0,72.97552885992424,3,Desktop
6352,Treatment,0,203.71060792679836,5,Desktop
6353,Treatment,0,245.33769817527465,6,Mobile
6354,Treatment,0,152.19251986650056,2,Mobile
6355,Treatment,1,152.00138049270416,3,Desktop
6356,Treatment,1,95.34535159800886,7,Mobile
6357,Treatment,0,285.44425771458816,7,Desktop
6358,Treatment,0,158.39153126381382,5,Desktop
6359,Treatment,1,211.25738028241614,5,Mobile
6360,Treatment,0,231.2154372815856,5,Desktop
6361,Treatment,0,281.1637372027799,4,Desktop
6362,Treatment,0,189.53562243079006,6,Tablet
6363,Treatment,0,168.33136134218697,5,Desktop
6364,Treatment,0,207.51872067138044,3,Mobile
6365,Treatment,0,268.62441520982577,4,Desktop
6366,Treatment,0,188.6405107729569,3,Desktop
6367,Treatment,0,145.4822005128758,4,Desktop
6368,Treatment,0,113.25832054265507,3,Mobile
6369,Treatment,0,130.82864384671262,6,Tablet
6370,Treatment,0,245.54153235736658,1,Mobile
6371,Treatment,0,180.36565380312535,5,Desktop
6372,Treatment,0,164.5863499543609,4,Desktop
6373,Treatment,1,158.62180272488317,2,Desktop
6374,Treatment,1,202.67752231101,11,Desktop
6375,Treatment,0,184.8299698428929,5,Desktop
6376,Treatment,0,182.97773209544113,5,Desktop
6377,Treatment,0,272.21281602959067,5,Desktop
6378,Treatment,0,282.59089550238986,1,Tablet
6379,Treatment,1,109.44880799000519,4,Mobile
6380,Treatment,1,216.01760021286267,5,Desktop
6381,Treatment,0,155.27258457582343,4,Desktop
6382,Treatment,0,184.34618873763986,2,Mobile
6383,Treatment,0,215.0103111819682,5,Mobile
6384,Treatment,0,186.30040456879942,4,Mobile
6385,Treatment,0,210.67529343451983,5,Desktop
6386,Treatment,0,235.01336133175545,7,Mobile
6387,Treatment,0,214.20172402971758,2,Tablet
6388,Treatment,0,162.4240032707807,4,Desktop
6389,Treatment,0,163.3940216166322,3,Mobile
6390,Treatment,0,118.81620868600805,6,Mobile
6391,Treatment,0,151.0343836363605,1,Desktop
6392,Treatment,0,305.91375990441907,2,Desktop
6393,Treatment,0,154.43980342476155,5,Mobile
6394,Treatment,0,132.3641653155899,4,Desktop
6395,Treatment,1,215.59603240146254,3,Desktop
6396,Treatment,0,191.9299382389477,4,Tablet
6397,Treatment,0,187.2423719732926,3,Desktop
6398,Treatment,0,275.4975281526649,3,Desktop
6399,Treatment,0,228.2019671557101,5,Desktop
6400,Treatment,0,168.85038875630886,1,Desktop
6401,Treatment,0,174.6538245324521,5,Mobile
6402,Treatment,1,170.35774173518732,3,Desktop
6403,Treatment,0,246.11067918691413,2,Desktop
6404,Treatment,0,181.05188038007745,1,Desktop
6405,Treatment,0,99.37655736502172,6,Desktop
6406,Treatment,1,195.34241766961105,3,Mobile
6407,Treatment,0,113.4635699379639,2,Desktop
6408,Treatment,0,318.1326830965196,2,Desktop
6409,Treatment,0,144.8882647384023,1,Desktop
6410,Treatment,1,189.09743790532482,3,Mobile
6411,Treatment,0,212.20115040856254,3,Desktop
6412,Treatment,0,182.12380116264234,4,Mobile
6413,Treatment,0,182.0483279193594,4,Desktop
6414,Treatment,0,221.20050073884823,2,Desktop
6415,Treatment,0,281.9418777337953,1,Desktop
6416,Treatment,0,240.21299949995137,5,Desktop
6417,Treatment,0,279.31826332154486,4,Desktop
6418,Treatment,1,140.4359490548574,1,Desktop
6419,Treatment,0,215.45494482904488,3,Desktop
6420,Treatment,0,206.53853286320535,6,Desktop
6421,Treatment,1,217.3100210422204,7,Mobile
6422,Treatment,0,273.6927583849565,4,Desktop
6423,Treatment,0,185.85659676143703,9,Desktop
6424,Treatment,0,175.69731483952518,7,Desktop
6425,Treatment,0,227.3689438580265,4,Mobile
6426,Treatment,0,100.19884998387839,4,Desktop
6427,Treatment,1,184.9731372982802,2,Desktop
6428,Treatment,0,190.6191270893001,3,Desktop
6429,Treatment,0,147.38027610311912,1,Mobile
6430,Treatment,0,256.1382456246117,1,Mobile
6431,Treatment,0,139.57678254611938,2,Mobile
6432,Treatment,1,190.5269823399912,2,Desktop
6433,Treatment,1,214.12364739276325,3,Mobile
6434,Treatment,0,272.4398358811865,4,Mobile
6435,Treatment,0,197.41939608155306,3,Desktop
6436,Treatment,0,249.48844767705157,4,Mobile
6437,Treatment,0,236.532746850242,1,Tablet
6438,Treatment,0,204.79016558930283,6,Desktop
6439,Treatment,0,138.07676254495993,3,Mobile
6440,Treatment,0,119.09805265026081,3,Desktop
6441,Treatment,0,203.85779707805526,1,Desktop
6442,Treatment,0,168.15167193535626,5,Desktop
6443,Treatment,0,248.55936004247104,3,Desktop
6444,Treatment,0,239.02210849542178,3,Tablet
6445,Treatment,0,187.84639530596226,8,Mobile
6446,Treatment,0,134.3257891832302,4,Desktop
6447,Treatment,1,226.09045522840003,4,Mobile
6448,Treatment,0,142.01278046256672,2,Mobile
6449,Treatment,0,156.28448423880243,2,Desktop
6450,Treatment,0,144.1321343981665,2,Desktop
6451,Treatment,0,190.38244379330257,6,Mobile
6452,Treatment,1,262.3605783738809,3,Mobile
6453,Treatment,0,197.72275213770592,5,Tablet
6454,Treatment,0,173.62297191647673,4,Desktop
6455,Treatment,1,114.09117884751157,1,Desktop
6456,Treatment,0,228.36685216014138,2,Mobile
6457,Treatment,0,155.0777466739255,5,Mobile
6458,Treatment,0,204.46346905369532,2,Mobile
6459,Treatment,0,178.51797612458478,8,Desktop
6460,Treatment,0,244.09974707796908,5,Desktop
6461,Treatment,0,189.35199843842963,6,Desktop
6462,Treatment,0,194.75905050123217,3,Desktop
6463,Treatment,1,224.71609311005028,6,Desktop
6464,Treatment,0,313.8817100244752,5,Mobile
6465,Treatment,0,246.86458116972048,3,Desktop
6466,Treatment,0,193.12666415082649,5,Desktop
6467,Treatment,0,198.17588948384085,1,Tablet
6468,Treatment,0,169.13272968215608,3,Desktop
6469,Treatment,1,145.75023630641675,2,Desktop
6470,Treatment,0,167.5987067113523,5,Desktop
6471,Treatment,0,155.53180699584317,2,Mobile
6472,Treatment,0,233.93526110877372,5,Desktop
6473,Treatment,0,139.08428281720578,4,Tablet
6474,Treatment,1,271.32658087590244,2,Mobile
6475,Treatment,0,239.36255109903564,3,Mobile
6476,Treatment,1,199.12759511522177,2,Desktop
6477,Treatment,0,198.01752363057875,1,Tablet
6478,Treatment,0,167.34952797119956,4,Mobile
6479,Treatment,0,212.85464262412702,5,Mobile
6480,Treatment,0,257.8450854764724,3,Mobile
6481,Treatment,0,159.32639457593024,1,Mobile
6482,Treatment,0,113.66343510946983,2,Desktop
6483,Treatment,0,236.6770040171209,6,Desktop
6484,Treatment,0,215.840128583409,2,Desktop
6485,Treatment,0,136.38906592073513,6,Desktop
6486,Treatment,0,157.66347459972351,3,Mobile
6487,Treatment,1,150.74926492724228,3,Desktop
6488,Treatment,0,158.1507252031163,3,Desktop
6489,Treatment,0,180.19744852773468,3,Desktop
6490,Treatment,0,183.3398982645589,4,Tablet
6491,Treatment,0,162.2063489712347,7,Mobile
6492,Treatment,0,156.30098992750396,3,Mobile
6493,Treatment,0,185.416861084434,3,Mobile
6494,Treatment,0,207.22303441727587,6,Mobile
6495,Treatment,1,180.60369049993355,6,Mobile
6496,Treatment,0,261.7266862837716,4,Desktop
6497,Treatment,0,225.94482429314326,1,Mobile
6498,Treatment,0,110.50347787277173,5,Mobile
6499,Treatment,0,226.80502709776195,6,Mobile
6500,Treatment,0,231.30491904220705,2,Desktop
6501,Treatment,0,174.08957675316947,9,Tablet
6502,Treatment,0,115.76413269832645,4,Mobile
6503,Treatment,0,198.44367176761247,4,Mobile
6504,Treatment,0,197.57602416847658,1,Mobile
6505,Treatment,0,136.30945699067428,1,Desktop
6506,Treatment,0,118.18294310570354,4,Desktop
6507,Treatment,0,193.18455494506082,3,Desktop
6508,Treatment,1,185.1807544372048,1,Mobile
6509,Treatment,0,175.05040490726836,2,Desktop
6510,Treatment,0,193.4124095889391,1,Mobile
6511,Treatment,0,137.34729943988245,2,Mobile
6512,Treatment,0,174.08486629236373,4,Mobile
6513,Treatment,0,227.33287668378912,3,Desktop
6514,Treatment,0,178.7516455806791,4,Desktop
6515,Treatment,0,106.04151405140965,7,Tablet
6516,Treatment,0,172.00192472520357,1,Mobile
6517,Treatment,0,139.1412845071227,2,Desktop
6518,Treatment,0,212.6924963053952,4,Mobile
6519,Treatment,1,215.5360571859234,4,Desktop
6520,Treatment,0,106.7673956202683,2,Desktop
6521,Treatment,0,239.7457133820204,5,Desktop
6522,Treatment,0,136.82975342967927,4,Desktop
6523,Treatment,0,283.75502597652934,1,Desktop
6524,Treatment,0,195.31730545246606,2,Mobile
6525,Treatment,0,129.44835758034606,3,Desktop
6526,Treatment,1,135.19076611190252,5,Desktop
6527,Treatment,0,217.14524104830397,1,Desktop
6528,Treatment,0,176.47850605558924,4,Mobile
6529,Treatment,0,192.68403497100226,6,Desktop
6530,Treatment,0,286.70291279833714,4,Mobile
6531,Treatment,0,159.54157646740086,5,Desktop
6532,Treatment,1,201.29795717326385,2,Desktop
6533,Treatment,1,276.09144680551793,9,Desktop
6534,Treatment,0,212.878241150652,4,Mobile
6535,Treatment,0,109.63684955530968,4,Desktop
6536,Treatment,0,225.79639564526752,1,Desktop
6537,Treatment,0,134.03484282191056,2,Desktop
6538,Treatment,1,275.3744140803131,2,Mobile
6539,Treatment,0,152.7422817251112,3,Mobile
6540,Treatment,0,361.32302292601156,6,Mobile
6541,Treatment,0,278.7056793580223,2,Desktop
6542,Treatment,0,154.1863086704612,1,Mobile
6543,Treatment,1,199.10075927508856,2,Desktop
6544,Treatment,0,239.4504354898405,7,Mobile
6545,Treatment,0,241.10132608246892,3,Tablet
6546,Treatment,0,222.32849429869086,1,Mobile
6547,Treatment,0,266.86874703313606,3,Mobile
6548,Treatment,0,191.23670793510968,3,Desktop
6549,Treatment,0,177.83052822831817,3,Desktop
6550,Treatment,0,178.9224806641464,7,Desktop
6551,Treatment,0,245.21052775846698,3,Mobile
6552,Treatment,0,218.08495721664553,3,Desktop
6553,Treatment,0,214.0206016129641,1,Desktop
6554,Treatment,0,241.73788370914502,1,Desktop
6555,Treatment,0,85.19211756803797,4,Mobile
6556,Treatment,0,215.05378531313326,1,Desktop
6557,Treatment,0,210.02128888805436,4,Desktop
6558,Treatment,0,289.7844444715388,1,Desktop
6559,Treatment,0,113.92766097549831,5,Desktop
6560,Treatment,1,283.6452647807217,6,Desktop
6561,Treatment,0,202.14750209085662,4,Desktop
6562,Treatment,0,224.89442418630247,3,Desktop
6563,Treatment,0,290.1755333185157,1,Desktop
6564,Treatment,0,228.84186974030652,3,Mobile
6565,Treatment,0,220.02025592044086,1,Mobile
6566,Treatment,0,211.3260152191275,4,Desktop
6567,Treatment,0,171.40870257530926,4,Desktop
6568,Treatment,0,196.4330981519284,3,Desktop
6569,Treatment,0,158.64679786324882,4,Desktop
6570,Treatment,0,195.5488205315985,3,Desktop
6571,Treatment,0,69.52381166196969,1,Mobile
6572,Treatment,0,221.5971762162152,5,Mobile
6573,Treatment,0,191.3044510419006,4,Mobile
6574,Treatment,1,179.50879448332796,4,Desktop
6575,Treatment,0,210.0866946167079,3,Desktop
6576,Treatment,0,119.15398423690077,3,Mobile
6577,Treatment,1,304.10984981417056,2,Desktop
6578,Treatment,0,192.34778961818202,4,Desktop
6579,Treatment,0,189.97855618652957,7,Desktop
6580,Treatment,0,144.90320844268928,7,Mobile
6581,Treatment,1,199.31705103470938,3,Mobile
6582,Treatment,1,274.2827939650304,1,Desktop
6583,Treatment,0,254.97539151876185,5,Mobile
6584,Treatment,0,244.99407631273058,6,Mobile
6585,Treatment,0,228.05194234169994,2,Desktop
6586,Treatment,0,178.28016098405647,3,Desktop
6587,Treatment,0,118.24102581298139,4,Tablet
6588,Treatment,0,186.94286754733508,1,Desktop
6589,Treatment,0,185.02706945064776,2,Desktop
6590,Treatment,0,255.68369418191827,7,Mobile
6591,Treatment,0,215.01647433529013,4,Desktop
6592,Treatment,0,286.67713403469514,3,Mobile
6593,Treatment,0,263.8618697020996,4,Desktop
6594,Treatment,0,172.89274147727474,6,Mobile
6595,Treatment,0,99.26789418590724,2,Mobile
6596,Treatment,0,274.2066378667815,5,Desktop
6597,Treatment,0,272.76618727769096,4,Desktop
6598,Treatment,0,122.85836250037757,5,Desktop
6599,Treatment,1,281.00820109051256,6,Desktop
6600,Treatment,0,219.01644438258847,5,Mobile
6601,Treatment,0,206.8377023969109,2,Mobile
6602,Treatment,0,286.813078983603,4,Mobile
6603,Treatment,0,271.9576845276838,4,Tablet
6604,Treatment,0,233.82320235973623,1,Mobile
6605,Treatment,0,224.02693861965906,3,Mobile
6606,Treatment,0,231.90168597916974,1,Mobile
6607,Treatment,0,175.9968411364611,4,Desktop
6608,Treatment,0,194.96942026472234,3,Mobile
6609,Treatment,1,148.37255649730014,1,Mobile
6610,Treatment,0,179.68281233435945,3,Desktop
6611,Treatment,0,177.8351366732087,4,Tablet
6612,Treatment,0,163.05820467080844,4,Desktop
6613,Treatment,0,205.52105764566548,6,Desktop
6614,Treatment,0,180.18105321146825,3,Desktop
6615,Treatment,0,225.62290961935855,2,Desktop
6616,Treatment,0,108.7723662688429,4,Desktop
6617,Treatment,0,191.7654863240985,5,Mobile
6618,Treatment,0,205.23534020976226,7,Mobile
6619,Treatment,0,180.91539180897158,6,Mobile
6620,Treatment,0,188.51840151049228,7,Mobile
6621,Treatment,0,110.81146940985785,1,Desktop
6622,Treatment,0,217.60624075682207,6,Desktop
6623,Treatment,0,233.61832904118887,3,Mobile
6624,Treatment,0,225.1445511812072,5,Mobile
6625,Treatment,0,255.12998826932005,4,Mobile
6626,Treatment,0,209.0841283180376,3,Desktop
6627,Treatment,0,224.32746493580154,4,Desktop
6628,Treatment,0,206.58499061512688,6,Tablet
6629,Treatment,0,235.81528957758718,6,Mobile
6630,Treatment,0,111.25237001273328,1,Desktop
6631,Treatment,0,148.85304676120938,1,Desktop
6632,Treatment,0,285.27948113682,7,Desktop
6633,Treatment,0,62.6760297847087,3,Desktop
6634,Treatment,0,190.29021385960607,6,Desktop
6635,Treatment,0,262.47512277844373,1,Mobile
6636,Treatment,0,192.87066339520294,4,Tablet
6637,Treatment,1,175.72439107021165,1,Mobile
6638,Treatment,0,205.11819222484152,4,Mobile
6639,Treatment,0,178.57839009986543,6,Mobile
6640,Treatment,0,199.69672210163165,6,Desktop
6641,Treatment,0,160.41404299139288,5,Desktop
6642,Treatment,0,258.9770930975648,3,Desktop
6643,Treatment,0,276.27957065861136,4,Mobile
6644,Treatment,1,190.66353228386075,5,Tablet
6645,Treatment,0,121.74308186198162,4,Desktop
6646,Treatment,0,169.18862563276326,2,Desktop
6647,Treatment,1,187.88062369433698,3,Desktop
6648,Treatment,1,225.80463822967644,2,Mobile
6649,Treatment,0,142.55927272561271,3,Desktop
6650,Treatment,0,155.69607247468173,7,Tablet
6651,Treatment,0,226.0871875822344,1,Desktop
6652,Treatment,0,249.63998576217568,4,Tablet
6653,Treatment,0,163.81232751561237,2,Desktop
6654,Treatment,0,124.67306203269521,5,Desktop
6655,Treatment,0,378.6265010708336,1,Desktop
6656,Treatment,0,241.08173303987925,7,Mobile
6657,Treatment,0,183.31479310281327,1,Desktop
6658,Treatment,0,245.79672015419618,2,Mobile
6659,Treatment,0,191.15488536570678,5,Desktop
6660,Treatment,0,245.69362890051025,1,Mobile
6661,Treatment,0,206.7666258776922,3,Desktop
6662,Treatment,0,203.01995439921652,1,Desktop
6663,Treatment,0,191.75299724730664,2,Desktop
6664,Treatment,0,118.39402665953006,3,Desktop
6665,Treatment,1,304.59521946662267,4,Desktop
6666,Treatment,0,146.21563438527411,6,Desktop
6667,Treatment,0,123.1987033029173,6,Mobile
6668,Treatment,0,186.2927064483998,3,Mobile
6669,Treatment,0,145.11905025692212,5,Desktop
6670,Treatment,0,195.1557965191851,6,Tablet
6671,Treatment,0,235.82701167089726,4,Tablet
6672,Treatment,0,252.74165952910727,1,Tablet
6673,Treatment,0,242.8101896891925,1,Mobile
6674,Treatment,0,181.1902369867876,8,Desktop
6675,Treatment,0,200.72755052138723,1,Desktop
6676,Treatment,0,220.433347799362,4,Desktop
6677,Treatment,0,101.321691683186,4,Mobile
6678,Treatment,0,229.38215850659228,1,Mobile
6679,Treatment,0,117.84853918288927,2,Mobile
6680,Treatment,0,310.21906293985694,3,Mobile
6681,Treatment,0,175.75167034470675,2,Desktop
6682,Treatment,0,187.83186525429747,6,Mobile
6683,Treatment,0,155.66610954191796,5,Desktop
6684,Treatment,0,163.35164824793708,2,Desktop
6685,Treatment,0,323.0751463028782,2,Desktop
6686,Treatment,0,249.72033287428138,2,Desktop
6687,Treatment,0,112.79386551686889,4,Mobile
6688,Treatment,0,280.7317095376876,2,Desktop
6689,Treatment,0,263.62832513277874,1,Mobile
6690,Treatment,0,182.53331457414413,7,Mobile
6691,Treatment,0,214.86833181164107,5,Desktop
6692,Treatment,0,197.17807563184093,1,Desktop
6693,Treatment,0,306.49189474458126,1,Desktop
6694,Treatment,0,154.204039605435,3,Desktop
6695,Treatment,0,206.030583537665,1,Desktop
6696,Treatment,0,174.45200679539573,6,Desktop
6697,Treatment,0,119.18277774601802,4,Desktop
6698,Treatment,0,318.5401040280243,10,Desktop
6699,Treatment,0,133.0138381493673,1,Desktop
6700,Treatment,0,210.10710531182767,2,Mobile
6701,Treatment,0,102.26146664908156,1,Mobile
6702,Treatment,0,176.05112034162988,3,Desktop
6703,Treatment,0,221.20828517884016,5,Mobile
6704,Treatment,0,152.63963112737005,6,Desktop
6705,Treatment,0,230.27410179046103,5,Desktop
6706,Treatment,0,183.20273994615548,1,Desktop
6707,Treatment,1,261.8045381819237,1,Mobile
6708,Treatment,0,272.89685023371226,5,Desktop
6709,Treatment,0,165.72903815984935,3,Desktop
6710,Treatment,1,202.22030726661262,1,Mobile
6711,Treatment,0,208.0899824559728,6,Tablet
6712,Treatment,0,232.0642112489084,4,Desktop
6713,Treatment,0,198.79100979343463,3,Desktop
6714,Treatment,0,208.46160276385632,3,Tablet
6715,Treatment,0,184.61264388626842,5,Desktop
6716,Treatment,0,204.33819268346102,5,Desktop
6717,Treatment,0,269.3867106444323,1,Tablet
6718,Treatment,0,233.53457826665198,1,Mobile
6719,Treatment,0,236.5690601693853,4,Desktop
6720,Treatment,0,237.7688678274568,5,Mobile
6721,Treatment,0,189.54051721654304,5,Mobile
6722,Treatment,0,215.53548739687417,3,Desktop
6723,Treatment,0,138.31544769153405,2,Desktop
6724,Treatment,0,267.78442109743264,3,Desktop
6725,Treatment,0,44.93717622112288,3,Mobile
6726,Treatment,0,193.20683842155162,7,Mobile
6727,Treatment,0,260.7492787432651,2,Desktop
6728,Treatment,0,122.98726365038621,4,Mobile
6729,Treatment,1,219.9878954689268,4,Mobile
6730,Treatment,0,160.55784543815352,3,Desktop
6731,Treatment,0,177.7158204146122,3,Mobile
6732,Treatment,0,250.02675283516908,4,Mobile
6733,Treatment,1,208.89313092368326,3,Desktop
6734,Treatment,0,86.11042726636005,4,Tablet
6735,Treatment,0,144.2965953147621,2,Desktop
6736,Treatment,0,251.64346541888176,2,Desktop
6737,Treatment,1,222.69184950061486,5,Mobile
6738,Treatment,0,294.14745648883564,4,Mobile
6739,Treatment,0,290.54561767073136,4,Tablet
6740,Treatment,1,179.17651784192645,5,Desktop
6741,Treatment,0,335.6780792788219,3,Desktop
6742,Treatment,0,199.3463818418551,5,Desktop
6743,Treatment,0,145.0532306075036,3,Mobile
6744,Treatment,0,163.14980737491825,3,Desktop
6745,Treatment,0,73.88011920908197,4,Mobile
6746,Treatment,1,286.38604545371044,4,Desktop
6747,Treatment,0,285.7119093974125,3,Desktop
6748,Treatment,0,142.14709086526733,2,Desktop
6749,Treatment,1,185.46636413899517,4,Tablet
6750,Treatment,0,203.25841492619176,4,Desktop
6751,Treatment,0,145.18058213218376,5,Desktop
6752,Treatment,0,101.46938828008611,5,Desktop
6753,Treatment,0,186.43033179226984,1,Tablet
6754,Treatment,0,180.3406313797414,4,Mobile
6755,Treatment,0,176.63738174561738,5,Tablet
6756,Treatment,0,210.24938344305306,3,Desktop
6757,Treatment,0,276.6235812189296,3,Desktop
6758,Treatment,0,181.32990041695507,7,Desktop
6759,Treatment,1,207.37436492967495,2,Mobile
6760,Treatment,0,237.97787880597147,4,Desktop
6761,Treatment,0,228.47786095820118,1,Mobile
6762,Treatment,0,164.2067061553687,2,Desktop
6763,Treatment,0,203.300741771272,5,Mobile
6764,Treatment,0,228.11469010929792,1,Desktop
6765,Treatment,0,135.94067643690724,3,Desktop
6766,Treatment,1,267.49464559380795,4,Mobile
6767,Treatment,1,276.73738978677613,2,Desktop
6768,Treatment,0,158.24708595055284,3,Tablet
6769,Treatment,1,208.65185100914928,2,Mobile
6770,Treatment,0,233.32530411690675,5,Desktop
6771,Treatment,0,167.9912214019186,6,Desktop
6772,Treatment,0,224.4887615128452,4,Desktop
6773,Treatment,0,206.9790594460691,5,Desktop
6774,Treatment,0,117.26450022986596,2,Desktop
6775,Treatment,0,223.2538723788207,1,Desktop
6776,Treatment,0,137.49216710509302,3,Mobile
6777,Treatment,0,249.6561568414126,9,Desktop
6778,Treatment,0,161.08339086763613,1,Desktop
6779,Treatment,1,189.129301148637,4,Desktop
6780,Treatment,0,273.4753402395616,2,Mobile
6781,Treatment,0,225.30099055908647,4,Desktop
6782,Treatment,0,138.6289344234,2,Desktop
6783,Treatment,0,142.1795886060504,3,Desktop
6784,Treatment,0,165.0383466256951,2,Mobile
6785,Treatment,0,219.70542458461662,1,Desktop
6786,Treatment,0,217.70648982130226,5,Mobile
6787,Treatment,1,151.6293732435422,2,Desktop
6788,Treatment,0,133.80347829121024,3,Mobile
6789,Treatment,0,213.4870872797209,3,Mobile
6790,Treatment,0,187.9976963815411,4,Mobile
6791,Treatment,0,316.64687380962556,4,Mobile
6792,Treatment,0,200.01320111096933,3,Desktop
6793,Treatment,0,297.7839055235151,3,Desktop
6794,Treatment,0,133.6289021042613,5,Mobile
6795,Treatment,0,111.47328832410611,2,Desktop
6796,Treatment,0,136.3953177110956,3,Desktop
6797,Treatment,1,263.4021379799407,4,Mobile
6798,Treatment,0,294.5855874331444,6,Desktop
6799,Treatment,0,154.98013003260513,2,Desktop
6800,Treatment,0,172.66886836322433,4,Mobile
6801,Treatment,0,133.7060499383125,4,Mobile
6802,Treatment,0,98.3598084084887,5,Mobile
6803,Treatment,0,237.51264337771462,3,Mobile
6804,Treatment,0,210.26611666291896,2,Desktop
6805,Treatment,0,198.57683904706315,3,Mobile
6806,Treatment,0,120.9968904560141,1,Mobile
6807,Treatment,0,288.1976175005763,2,Desktop
6808,Treatment,0,170.31537940727898,6,Tablet
6809,Treatment,0,227.34945336490617,3,Desktop
6810,Treatment,0,117.99912271154015,6,Desktop
6811,Treatment,0,187.52111457089794,2,Desktop
6812,Treatment,0,214.02559509312212,1,Tablet
6813,Treatment,0,215.98913699293192,3,Desktop
6814,Treatment,0,206.50566987801437,5,Desktop
6815,Treatment,0,225.19873706268248,2,Mobile
6816,Treatment,0,135.82137491818713,3,Desktop
6817,Treatment,0,208.8554932991813,7,Desktop
6818,Treatment,1,204.25667259141525,5,Desktop
6819,Treatment,0,210.74199763072835,4,Desktop
6820,Treatment,0,201.978986952555,2,Desktop
6821,Treatment,0,127.97329743476313,7,Mobile
6822,Treatment,0,125.52101363400645,6,Desktop
6823,Treatment,1,76.21524977634967,2,Mobile
6824,Treatment,1,242.96439804149136,3,Tablet
6825,Treatment,0,243.52116303543593,5,Mobile
6826,Treatment,0,244.3952660172166,9,Mobile
6827,Treatment,0,214.87344793537986,4,Tablet
6828,Treatment,0,80.6784430255039,1,Tablet
6829,Treatment,0,141.53092295181037,1,Mobile
6830,Treatment,0,207.37284796762117,4,Desktop
6831,Treatment,1,205.45349015354876,9,Tablet
6832,Treatment,0,185.74884827663882,6,Mobile
6833,Treatment,0,218.29044615995358,3,Desktop
6834,Treatment,1,198.6408439226885,3,Tablet
6835,Treatment,1,204.6423756053249,3,Desktop
6836,Treatment,0,162.8514066942391,4,Desktop
6837,Treatment,0,252.01060423668747,1,Desktop
6838,Treatment,0,174.30756152257888,8,Desktop
6839,Treatment,0,124.81430043386555,2,Desktop
6840,Treatment,1,155.59505429496994,4,Mobile
6841,Treatment,1,178.83435947509108,1,Desktop
6842,Treatment,0,252.67015336028658,3,Desktop
6843,Treatment,0,195.67526008608638,3,Mobile
6844,Treatment,0,187.7618479568893,1,Desktop
6845,Treatment,1,129.3235116380555,5,Tablet
6846,Treatment,0,241.2015424406267,4,Mobile
6847,Treatment,0,162.1426315287138,3,Mobile
6848,Treatment,0,192.49846775822652,5,Desktop
6849,Treatment,0,279.41006922850255,2,Tablet
6850,Treatment,0,225.98198320771175,5,Desktop
6851,Treatment,0,108.44602737566541,5,Desktop
6852,Treatment,1,100.67693700061403,6,Mobile
6853,Treatment,1,194.46292524344148,5,Mobile
6854,Treatment,0,131.29926618188574,4,Desktop
6855,Treatment,0,233.67007111981488,3,Mobile
6856,Treatment,0,200.32446857307386,3,Desktop
6857,Treatment,0,207.09616229631246,4,Desktop
6858,Treatment,0,159.1291250096706,2,Mobile
6859,Treatment,1,293.7761010407688,3,Tablet
6860,Treatment,0,354.34265504057527,3,Tablet
6861,Treatment,0,182.6778401933807,2,Tablet
6862,Treatment,1,217.41715866282505,3,Desktop
6863,Treatment,1,203.35795386853718,4,Desktop
6864,Treatment,0,183.71722251074124,3,Mobile
6865,Treatment,0,152.23612427469618,2,Mobile
6866,Treatment,0,138.32676068857376,3,Desktop
6867,Treatment,0,135.54215039609616,2,Mobile
6868,Treatment,0,220.288201405203,1,Mobile
6869,Treatment,0,169.41790369880005,1,Tablet
6870,Treatment,1,56.19389324227083,1,Desktop
6871,Treatment,0,222.46720213290774,2,Mobile
6872,Treatment,0,195.89562946447143,3,Desktop
6873,Treatment,0,272.06701507706305,2,Desktop
6874,Treatment,0,218.52173184000551,4,Desktop
6875,Treatment,0,116.67295220293364,6,Desktop
6876,Treatment,0,75.36778475985105,8,Desktop
6877,Treatment,0,158.42901886141345,3,Desktop
6878,Treatment,0,163.6190918618491,5,Tablet
6879,Treatment,0,249.87375605500915,3,Desktop
6880,Treatment,0,197.51209872407347,5,Mobile
6881,Treatment,0,260.352867395418,4,Tablet
6882,Treatment,0,125.13418193635509,5,Desktop
6883,Treatment,0,251.08954114092464,4,Desktop
6884,Treatment,0,237.65440343870057,6,Mobile
6885,Treatment,1,86.9971238712842,2,Desktop
6886,Treatment,1,270.7439812693425,4,Desktop
6887,Treatment,0,203.1402170471494,1,Mobile
6888,Treatment,0,219.5624477127678,3,Desktop
6889,Treatment,0,150.43071381643676,3,Mobile
6890,Treatment,0,268.13858571070847,1,Mobile
6891,Treatment,0,132.77812189186216,1,Mobile
6892,Treatment,1,243.76506101056702,6,Desktop
6893,Treatment,1,243.1334111749769,6,Desktop
6894,Treatment,0,144.4207914505278,3,Mobile
6895,Treatment,0,307.0855479682416,6,Mobile
6896,Treatment,1,210.73406641196357,1,Mobile
6897,Treatment,0,233.96409356490634,7,Mobile
6898,Treatment,0,114.00835625653343,2,Mobile
6899,Treatment,0,314.47515016547106,1,Mobile
6900,Treatment,0,130.64936828762006,7,Desktop
6901,Treatment,0,254.36875380212618,2,Mobile
6902,Treatment,0,143.28755551375676,4,Desktop
6903,Treatment,0,163.95561584337744,2,Desktop
6904,Treatment,0,241.38147241369958,5,Mobile
6905,Treatment,0,254.51539925213365,3,Mobile
6906,Treatment,0,128.07936629872438,2,Desktop
6907,Treatment,0,257.97596929813466,5,Tablet
6908,Treatment,0,255.47392723232568,2,Desktop
6909,Treatment,0,146.41256251353093,1,Desktop
6910,Treatment,0,285.92561764751105,5,Tablet
6911,Treatment,0,117.87283044635791,4,Desktop
6912,Treatment,1,163.63750794723114,4,Mobile
6913,Treatment,0,224.34514432505938,3,Desktop
6914,Treatment,0,151.05385434135664,3,Mobile
6915,Treatment,0,212.51004971236375,7,Mobile
6916,Treatment,0,211.25918433418124,7,Desktop
6917,Treatment,0,187.71091515425036,2,Mobile
6918,Treatment,1,243.78202962248076,8,Tablet
6919,Treatment,0,185.44015640382986,5,Desktop
6920,Treatment,0,210.73475878475932,3,Desktop
6921,Treatment,1,261.05595326183465,6,Mobile
6922,Treatment,0,241.4877415514212,3,Desktop
6923,Treatment,0,241.23095099478147,6,Tablet
6924,Treatment,0,134.79512187807708,6,Desktop
6925,Treatment,0,226.8635916525727,3,Desktop
6926,Treatment,0,149.68256649667723,6,Mobile
6927,Treatment,0,127.52217611220856,6,Desktop
6928,Treatment,0,194.05615095432674,7,Desktop
6929,Treatment,0,148.26376473416258,4,Desktop
6930,Treatment,0,241.48397453619873,2,Mobile
6931,Treatment,0,242.79945028324283,3,Desktop
6932,Treatment,0,93.35555699627069,6,Desktop
6933,Treatment,0,152.44336032327107,2,Mobile
6934,Treatment,0,117.71173304451007,4,Mobile
6935,Treatment,1,172.55538978739102,3,Mobile
6936,Treatment,0,223.03466184278534,4,Desktop
6937,Treatment,0,184.67415460018864,8,Desktop
6938,Treatment,0,165.56324176330756,2,Mobile
6939,Treatment,0,269.5097089747227,4,Desktop
6940,Treatment,0,71.23285550720414,1,Desktop
6941,Treatment,0,266.02795414350237,7,Desktop
6942,Treatment,0,168.0641438764483,4,Desktop
6943,Treatment,0,193.70400444379658,3,Mobile
6944,Treatment,0,168.99501642539403,3,Desktop
6945,Treatment,0,282.85884580465154,4,Desktop
6946,Treatment,0,130.29618267571072,5,Desktop
6947,Treatment,0,198.64550033470647,2,Desktop
6948,Treatment,0,227.00912585229983,6,Desktop
6949,Treatment,1,109.39484776631579,5,Mobile
6950,Treatment,0,147.40560062546155,7,Desktop
6951,Treatment,0,189.8501806575974,6,Desktop
6952,Treatment,0,149.23342309235937,1,Desktop
6953,Treatment,0,153.14245258294676,2,Desktop
6954,Treatment,0,178.75755353079595,4,Mobile
6955,Treatment,0,233.7269732405395,1,Mobile
6956,Treatment,0,179.15052227170207,1,Mobile
6957,Treatment,0,257.31344069601204,4,Desktop
6958,Treatment,0,143.12332195373548,2,Desktop
6959,Treatment,0,129.14427567396012,4,Desktop
6960,Treatment,1,303.9489973146624,2,Mobile
6961,Treatment,0,161.81230297839687,3,Desktop
6962,Treatment,0,125.89983961103121,3,Mobile
6963,Treatment,1,102.18703320254933,1,Desktop
6964,Treatment,0,257.13068995949163,5,Desktop
6965,Treatment,0,179.22825169369673,8,Mobile
6966,Treatment,0,184.0459645713481,5,Desktop
6967,Treatment,0,189.24390586273483,4,Desktop
6968,Treatment,0,253.71185865683796,1,Desktop
6969,Treatment,0,188.12585913132438,1,Mobile
6970,Treatment,0,326.9229578357945,4,Desktop
6971,Treatment,0,205.3568315729826,5,Mobile
6972,Treatment,0,256.39816218270767,2,Tablet
6973,Treatment,0,242.28819218474237,4,Desktop
6974,Treatment,0,195.99539738580793,3,Desktop
6975,Treatment,0,165.71659576887453,2,Mobile
6976,Treatment,0,216.25801607116045,2,Desktop
6977,Treatment,0,226.05543021640003,5,Desktop
6978,Treatment,0,166.507767353041,4,Desktop
6979,Treatment,0,207.14863762728606,4,Desktop
6980,Treatment,0,265.9912738042778,2,Mobile
6981,Treatment,0,311.84712564883233,4,Mobile
6982,Treatment,0,244.99031261921817,5,Desktop
6983,Treatment,1,300.4517827509155,3,Mobile
6984,Treatment,0,163.38441838364494,6,Mobile
6985,Treatment,0,236.60352386326116,4,Desktop
6986,Treatment,0,271.61857297196997,6,Desktop
6987,Treatment,0,148.70166668654022,3,Mobile
6988,Treatment,0,171.29254383752448,4,Desktop
6989,Treatment,0,293.58476190093876,3,Desktop
6990,Treatment,0,144.3695629317183,5,Desktop
6991,Treatment,1,124.23784820393591,5,Desktop
6992,Treatment,0,282.03898655017315,3,Mobile
6993,Treatment,0,263.82197737392414,3,Desktop
6994,Treatment,0,221.76661341910733,4,Desktop
6995,Treatment,1,195.48590849447947,3,Desktop
6996,Treatment,0,173.881152191726,5,Mobile
6997,Treatment,0,213.50718805949782,7,Desktop
6998,Treatment,1,284.8893826570852,2,Mobile
6999,Treatment,0,211.12113693781419,4,Desktop
7000,Treatment,0,317.18275969858314,2,Desktop
7001,Treatment,0,148.61319078978732,3,Desktop
7002,Treatment,0,196.91755851194517,2,Mobile
7003,Treatment,0,177.48177327848464,2,Desktop
7004,Treatment,0,138.3172151260717,4,Mobile
7005,Treatment,0,189.58039468446896,1,Desktop
7006,Treatment,0,220.9531115913242,1,Tablet
7007,Treatment,0,226.83265989736165,3,Desktop
7008,Treatment,0,317.3748698419506,1,Desktop
7009,Treatment,0,223.54571083479578,2,Desktop
7010,Treatment,0,261.2575242023789,5,Desktop
7011,Treatment,0,201.63518354644367,1,Mobile
7012,Treatment,0,290.29305802489273,4,Desktop
7013,Treatment,0,329.91471070734383,4,Mobile
7014,Treatment,0,227.20968220367723,2,Desktop
7015,Treatment,0,143.40375415016302,3,Mobile
7016,Treatment,0,167.81572374725573,1,Mobile
7017,Treatment,0,213.5063866762839,4,Tablet
7018,Treatment,0,223.10739193878553,3,Desktop
7019,Treatment,0,236.41338239114046,2,Mobile
7020,Treatment,0,223.31087246765225,7,Desktop
7021,Treatment,0,198.38417039407662,1,Desktop
7022,Treatment,0,163.00908573388293,5,Mobile
7023,Treatment,1,220.0626043695326,1,Desktop
7024,Treatment,0,300.0243046614361,6,Mobile
7025,Treatment,0,254.0960732985265,3,Tablet
7026,Treatment,0,227.40871722999088,6,Mobile
7027,Treatment,0,254.6261808102513,2,Desktop
7028,Treatment,1,177.5914784104531,3,Mobile
7029,Treatment,0,170.0454169654174,3,Desktop
7030,Treatment,0,156.871819259871,5,Desktop
7031,Treatment,0,191.1092357476809,3,Mobile
7032,Treatment,0,174.7896756810006,4,Mobile
7033,Treatment,0,264.45511073586766,4,Tablet
7034,Treatment,0,171.85721202747962,1,Desktop
7035,Treatment,0,153.8503056076296,3,Tablet
7036,Treatment,0,304.8417448356847,2,Mobile
7037,Treatment,0,173.1743622905261,5,Desktop
7038,Treatment,0,206.4440651487693,1,Desktop
7039,Treatment,0,222.82275536088764,5,Desktop
7040,Treatment,0,135.48187845935516,5,Desktop
7041,Treatment,0,265.9516073226688,4,Desktop
7042,Treatment,0,233.0415472226175,2,Mobile
7043,Treatment,0,283.711120653443,3,Desktop
7044,Treatment,0,160.6427934530045,2,Tablet
7045,Treatment,1,203.4519185861888,4,Mobile
7046,Treatment,0,200.16456652468074,3,Desktop
7047,Treatment,0,212.5138671892512,4,Desktop
7048,Treatment,0,117.99618882825615,2,Mobile
7049,Treatment,0,204.09600082807222,4,Mobile
7050,Treatment,0,119.54448487169401,3,Mobile
7051,Treatment,0,217.7083739158307,1,Desktop
7052,Treatment,0,80.92429815148141,5,Mobile
7053,Treatment,1,96.16272411401773,2,Mobile
7054,Treatment,0,243.0201794041999,3,Desktop
7055,Treatment,0,167.92388496428694,5,Desktop
7056,Treatment,0,143.66780595022675,4,Mobile
7057,Treatment,0,267.89650915915513,4,Desktop
7058,Treatment,0,216.01944195306282,4,Tablet
7059,Treatment,1,245.96496075435812,1,Mobile
7060,Treatment,1,188.85668602235432,1,Mobile
7061,Treatment,1,345.3795781645002,4,Mobile
7062,Treatment,0,164.75173766921128,3,Desktop
7063,Treatment,0,293.9472552147938,1,Mobile
7064,Treatment,0,194.62486779450478,1,Desktop
7065,Treatment,0,107.00192827979897,2,Desktop
7066,Treatment,0,224.55668101614597,4,Mobile
7067,Treatment,0,215.311940880034,3,Desktop
7068,Treatment,0,140.17730021684235,4,Desktop
7069,Treatment,0,147.27793975759067,2,Mobile
7070,Treatment,0,196.64162963032544,6,Desktop
7071,Treatment,0,217.236129838639,1,Desktop
7072,Treatment,0,62.113519441632945,3,Desktop
7073,Treatment,0,255.92167988880917,8,Desktop
7074,Treatment,0,170.80261144017624,3,Desktop
7075,Treatment,0,124.75388835810031,3,Mobile
7076,Treatment,0,249.75866032985618,1,Desktop
7077,Treatment,0,196.7010111319849,2,Desktop
7078,Treatment,0,264.889117723024,1,Desktop
7079,Treatment,0,222.08737446388656,4,Desktop
7080,Treatment,0,197.91670233785746,12,Desktop
7081,Treatment,0,189.5998530260914,4,Desktop
7082,Treatment,0,224.54920183058758,4,Mobile
7083,Treatment,0,175.25578076548683,4,Desktop
7084,Treatment,0,151.10850761894253,4,Desktop
7085,Treatment,0,231.54500174600543,2,Mobile
7086,Treatment,0,190.05316872055639,4,Desktop
7087,Treatment,0,199.84622064379533,5,Desktop
7088,Treatment,0,257.9158909885034,5,Tablet
7089,Treatment,0,191.73678657453425,4,Desktop
7090,Treatment,0,198.82686590479847,2,Desktop
7091,Treatment,0,165.01927687019875,6,Mobile
7092,Treatment,1,221.69069636900178,2,Mobile
7093,Treatment,0,217.24053519740482,5,Mobile
7094,Treatment,0,247.5426322484807,3,Mobile
7095,Treatment,0,166.1479139646218,8,Desktop
7096,Treatment,0,172.82006667253978,4,Mobile
7097,Treatment,0,241.5675569530008,3,Mobile
7098,Treatment,0,211.87171518495748,2,Mobile
7099,Treatment,0,148.1580030594018,4,Mobile
7100,Treatment,1,269.8604737253975,1,Desktop
7101,Treatment,0,104.5852187379862,8,Desktop
7102,Treatment,0,241.13566142950634,2,Tablet
7103,Treatment,1,128.4133380200992,2,Tablet
7104,Treatment,0,301.718368406704,5,Mobile
7105,Treatment,0,113.04701502019071,1,Desktop
7106,Treatment,0,261.37378585300115,4,Desktop
7107,Treatment,0,193.5101101993816,5,Desktop
7108,Treatment,0,177.8368586588691,3,Mobile
7109,Treatment,1,208.19681610572687,1,Desktop
7110,Treatment,0,232.75451865367972,1,Mobile
7111,Treatment,0,148.25797237180217,6,Mobile
7112,Treatment,1,153.1316751157285,2,Mobile
7113,Treatment,0,233.7282675812087,3,Tablet
7114,Treatment,0,104.096137549272,4,Mobile
7115,Treatment,0,165.8673998744353,4,Mobile
7116,Treatment,1,365.23778247876925,3,Desktop
7117,Treatment,0,144.75928694758954,6,Tablet
7118,Treatment,0,261.12915354678637,6,Desktop
7119,Treatment,0,165.77270772074033,2,Desktop
7120,Treatment,0,225.9974829638429,2,Mobile
7121,Treatment,1,233.98956298279197,9,Desktop
7122,Treatment,0,260.0926204350621,3,Mobile
7123,Treatment,0,186.98603952529734,4,Desktop
7124,Treatment,0,307.38865513151694,4,Mobile
7125,Treatment,0,165.58648894781507,3,Tablet
7126,Treatment,0,210.8821227479758,4,Mobile
7127,Treatment,0,211.4902312719684,2,Desktop
7128,Treatment,0,136.29175340278215,6,Desktop
7129,Treatment,0,182.27702597614837,2,Tablet
7130,Treatment,1,206.8832424581124,3,Mobile
7131,Treatment,0,174.2333426278819,5,Desktop
7132,Treatment,0,332.2508181001094,2,Mobile
7133,Treatment,0,151.8756979520258,6,Desktop
7134,Treatment,0,262.86834574772354,6,Desktop
7135,Treatment,0,245.10528972318326,2,Mobile
7136,Treatment,0,197.23758260226506,4,Desktop
7137,Treatment,0,150.4135020381264,5,Desktop
7138,Treatment,0,155.74595737845266,1,Mobile
7139,Treatment,0,169.51179854309197,3,Mobile
7140,Treatment,0,99.78422949295553,3,Mobile
7141,Treatment,1,142.80940158103903,4,Desktop
7142,Treatment,0,116.46379165499965,6,Mobile
7143,Treatment,0,272.0231251747744,3,Mobile
7144,Treatment,0,232.015431581352,1,Mobile
7145,Treatment,1,241.22857543760034,2,Desktop
7146,Treatment,0,230.38575733480712,6,Desktop
7147,Treatment,0,207.18321928337897,5,Mobile
7148,Treatment,0,278.3374182671025,2,Desktop
7149,Treatment,0,164.40805393475443,6,Desktop
7150,Treatment,0,203.86683104518747,4,Desktop
7151,Treatment,0,239.08823553032676,3,Desktop
7152,Treatment,0,125.3334922479129,2,Desktop
7153,Treatment,1,368.31238928784023,2,Mobile
7154,Treatment,1,199.57111695276723,2,Mobile
7155,Treatment,0,205.8094197816576,8,Desktop
7156,Treatment,0,267.1282917421207,4,Mobile
7157,Treatment,0,248.3225433155623,4,Desktop
7158,Treatment,0,200.09429106680525,6,Desktop
7159,Treatment,0,205.15711909539232,3,Desktop
7160,Treatment,0,115.27183079786116,4,Desktop
7161,Treatment,0,167.3943822182513,3,Desktop
7162,Treatment,0,226.44656188874282,6,Mobile
7163,Treatment,0,222.41410614735878,3,Mobile
7164,Treatment,0,265.16411625022477,4,Desktop
7165,Treatment,0,191.37244179771716,2,Desktop
7166,Treatment,0,121.69924176130236,4,Desktop
7167,Treatment,0,256.1201736926623,2,Tablet
7168,Treatment,0,276.9849140400109,4,Desktop
7169,Treatment,0,247.40345150709263,2,Mobile
7170,Treatment,0,189.00014810283798,4,Desktop
7171,Treatment,0,255.44123285321186,4,Desktop
7172,Treatment,1,386.59007629045175,2,Tablet
7173,Treatment,0,204.33337729422615,3,Desktop
7174,Treatment,0,125.85448192651815,3,Mobile
7175,Treatment,0,165.75432227463165,3,Mobile
7176,Treatment,0,232.4011800167228,1,Mobile
7177,Treatment,1,109.73576290060655,4,Mobile
7178,Treatment,0,207.3171691201638,4,Mobile
7179,Treatment,0,218.91851576737355,2,Desktop
7180,Treatment,0,282.43169568969586,2,Mobile
7181,Treatment,0,270.0607170829865,3,Tablet
7182,Treatment,0,245.5521635463474,2,Desktop
7183,Treatment,0,79.05265442170088,6,Desktop
7184,Treatment,0,248.65792204263587,5,Desktop
7185,Treatment,0,236.80323623331356,3,Desktop
7186,Treatment,1,212.07694073930907,2,Desktop
7187,Treatment,0,102.8377830619983,3,Desktop
7188,Treatment,0,155.27743499471168,4,Mobile
7189,Treatment,0,133.82474767562636,5,Desktop
7190,Treatment,0,87.17453582711002,4,Mobile
7191,Treatment,0,197.8396666721863,3,Mobile
7192,Treatment,0,154.11978332064712,4,Desktop
7193,Treatment,0,342.3918069147901,3,Desktop
7194,Treatment,0,188.71754333091496,3,Mobile
7195,Treatment,0,269.15642357262783,4,Tablet
7196,Treatment,0,111.69955364187264,3,Mobile
7197,Treatment,0,168.84507276973216,3,Mobile
7198,Treatment,0,203.3293831818873,4,Mobile
7199,Treatment,1,148.05153282657812,2,Desktop
7200,Treatment,1,174.77896233573907,1,Desktop
7201,Treatment,0,186.01270015660538,5,Desktop
7202,Treatment,0,185.1350608005308,6,Mobile
7203,Treatment,0,300.03152151694405,5,Desktop
7204,Treatment,0,218.80244569873307,2,Mobile
7205,Treatment,1,224.37308096177168,7,Desktop
7206,Treatment,0,227.6810125889789,2,Desktop
7207,Treatment,0,231.6944507535412,6,Mobile
7208,Treatment,0,193.44121588688242,3,Mobile
7209,Treatment,0,180.35894956866346,1,Desktop
7210,Treatment,0,207.17488327350526,3,Tablet
7211,Treatment,0,261.624217190241,6,Desktop
7212,Treatment,0,259.9431003640011,3,Mobile
7213,Treatment,0,184.7780838371374,5,Tablet
7214,Treatment,0,240.23140320674614,6,Desktop
7215,Treatment,0,187.29784353281826,4,Mobile
7216,Treatment,0,199.86288021893844,2,Mobile
7217,Treatment,0,171.95621401451913,2,Desktop
7218,Treatment,0,188.00951736015716,5,Mobile
7219,Treatment,1,271.7731538252324,4,Mobile
7220,Treatment,1,203.083163103658,3,Mobile
7221,Treatment,1,205.44053797037748,4,Mobile
7222,Treatment,0,118.4030221408123,1,Desktop
7223,Treatment,0,180.99158508019985,3,Desktop
7224,Treatment,0,184.7276802940399,3,Desktop
7225,Treatment,1,152.39710830061273,10,Mobile
7226,Treatment,1,199.19159764369599,4,Tablet
7227,Treatment,0,174.39497403747902,2,Desktop
7228,Treatment,0,202.39977203839703,2,Desktop
7229,Treatment,1,204.6826655400414,2,Desktop
7230,Treatment,0,145.43351031975456,4,Desktop
7231,Treatment,0,176.0714019634246,4,Desktop
7232,Treatment,0,202.25558555184585,9,Mobile
7233,Treatment,0,263.13646871361993,7,Desktop
7234,Treatment,0,212.11955450376573,1,Mobile
7235,Treatment,0,161.59356510454148,4,Mobile
7236,Treatment,0,219.94526175841187,3,Mobile
7237,Treatment,0,291.91518891269686,6,Desktop
7238,Treatment,0,248.41885599239603,2,Mobile
7239,Treatment,0,228.1139591739591,2,Desktop
7240,Treatment,0,237.9074596515277,4,Tablet
7241,Treatment,0,277.1974722785747,2,Mobile
7242,Treatment,1,257.1594736709713,5,Mobile
7243,Treatment,0,229.17182096147118,2,Mobile
7244,Treatment,0,256.7753220774547,4,Desktop
7245,Treatment,0,138.50918970547664,2,Mobile
7246,Treatment,0,115.37541112128454,1,Tablet
7247,Treatment,0,206.64042578541066,6,Desktop
7248,Treatment,0,201.77743903077962,4,Mobile
7249,Treatment,0,168.08494705677083,4,Desktop
7250,Treatment,0,243.42189684052403,7,Mobile
7251,Treatment,0,95.54250274518202,1,Desktop
7252,Treatment,1,168.5875259168208,4,Desktop
7253,Treatment,0,171.32744503173117,4,Desktop
7254,Treatment,1,108.00340181952973,4,Desktop
7255,Treatment,0,280.21020539981174,3,Mobile
7256,Treatment,0,123.24393022351724,6,Desktop
7257,Treatment,0,165.64129684807727,1,Mobile
7258,Treatment,0,247.93888667928235,7,Mobile
7259,Treatment,0,233.53249388858023,4,Desktop
7260,Treatment,0,137.05039169333895,2,Desktop
7261,Treatment,0,235.536906509335,1,Tablet
7262,Treatment,0,213.9381463262022,1,Mobile
7263,Treatment,0,326.3169559161307,4,Desktop
7264,Treatment,0,220.21672288375674,3,Desktop
7265,Treatment,0,190.23169984123075,2,Tablet
7266,Treatment,0,150.89239235843175,2,Desktop
7267,Treatment,0,157.06661481744356,4,Mobile
7268,Treatment,0,152.5826997492513,5,Desktop
7269,Treatment,0,273.41043476515574,3,Desktop
7270,Treatment,0,198.9883453259059,4,Mobile
7271,Treatment,0,229.08859181861015,4,Desktop
7272,Treatment,1,281.2836179989488,5,Desktop
7273,Treatment,0,68.28447217858943,4,Desktop
7274,Treatment,0,268.33805705852063,3,Mobile
7275,Treatment,0,201.0468301480834,3,Desktop
7276,Treatment,0,221.92766044022443,6,Desktop
7277,Treatment,0,152.4378228038462,3,Desktop
7278,Treatment,0,156.46815808533148,2,Desktop
7279,Treatment,0,224.88652393971432,2,Desktop
7280,Treatment,0,329.1528790182308,1,Tablet
7281,Treatment,0,253.18223220481957,3,Desktop
7282,Treatment,0,267.60376067801974,4,Mobile
7283,Treatment,0,187.43993013562192,3,Desktop
7284,Treatment,0,164.98876764779044,6,Desktop
7285,Treatment,0,155.05572766315535,3,Desktop
7286,Treatment,0,171.14494514168217,8,Desktop
7287,Treatment,0,85.0969661756211,5,Desktop
7288,Treatment,0,158.1294361409619,5,Mobile
7289,Treatment,1,167.18057641670862,1,Tablet
7290,Treatment,0,188.35530040828374,2,Desktop
7291,Treatment,0,205.24625603610104,1,Mobile
7292,Treatment,0,217.9347977744086,4,Desktop
7293,Treatment,0,197.1791045156372,2,Desktop
7294,Treatment,0,166.02063025114836,3,Desktop
7295,Treatment,0,90.01527462039637,6,Desktop
7296,Treatment,1,166.35802653790137,4,Desktop
7297,Treatment,0,144.5152149272147,5,Mobile
7298,Treatment,0,223.6336711553232,4,Desktop
7299,Treatment,0,248.01080681815316,4,Desktop
7300,Treatment,0,249.62140868829664,4,Mobile
7301,Treatment,0,239.6324004870301,2,Desktop
7302,Treatment,0,190.65608455011315,3,Mobile
7303,Treatment,0,169.2924438988257,2,Desktop
7304,Treatment,1,156.90934854831136,3,Desktop
7305,Treatment,0,115.08755958690372,4,Mobile
7306,Treatment,1,252.55195352793217,5,Desktop
7307,Treatment,0,188.39089291385142,5,Mobile
7308,Treatment,0,129.45128385085195,6,Desktop
7309,Treatment,0,152.5429743359371,7,Desktop
7310,Treatment,0,150.31645989620964,3,Desktop
7311,Treatment,1,200.36634667583198,4,Desktop
7312,Treatment,0,256.7107318088877,7,Desktop
7313,Treatment,0,178.86057477224293,3,Desktop
7314,Treatment,0,74.11065668689929,3,Desktop
7315,Treatment,0,187.59508156625938,4,Desktop
7316,Treatment,1,189.40933549465424,1,Mobile
7317,Treatment,0,185.6293872985463,3,Desktop
7318,Treatment,0,163.4896358438364,4,Mobile
7319,Treatment,0,209.95914943992133,2,Mobile
7320,Treatment,1,201.6377613331951,4,Desktop
7321,Treatment,0,196.63433272303442,3,Desktop
7322,Treatment,0,220.69527487936313,2,Desktop
7323,Treatment,0,174.35919472686805,6,Desktop
7324,Treatment,0,171.23778816646407,3,Desktop
7325,Treatment,0,273.906780927197,6,Desktop
7326,Treatment,0,228.764547534349,2,Desktop
7327,Treatment,0,243.48203335185397,1,Desktop
7328,Treatment,0,265.4357521933738,1,Desktop
7329,Treatment,0,226.926929934364,6,Desktop
7330,Treatment,0,249.06137735248942,3,Desktop
7331,Treatment,0,111.13601608613568,5,Mobile
7332,Treatment,0,209.2284629597815,3,Mobile
7333,Treatment,1,187.95048460021198,1,Desktop
7334,Treatment,0,290.2726249994895,3,Mobile
7335,Treatment,0,249.0205042491815,4,Desktop
7336,Treatment,0,163.3255145063751,5,Desktop
7337,Treatment,0,218.50367871910632,4,Desktop
7338,Treatment,0,207.2224733397082,2,Desktop
7339,Treatment,0,222.98822882337257,3,Mobile
7340,Treatment,0,141.96366418439413,5,Tablet
7341,Treatment,1,217.80090558810238,3,Mobile
7342,Treatment,0,185.45167578914712,1,Desktop
7343,Treatment,0,213.53473702305803,1,Desktop
7344,Treatment,0,158.15881591828065,5,Desktop
7345,Treatment,0,165.82152557318705,6,Mobile
7346,Treatment,0,262.5613111201686,4,Desktop
7347,Treatment,0,140.16488429129114,2,Mobile
7348,Treatment,0,144.22350794268732,4,Mobile
7349,Treatment,0,195.1630308531432,3,Mobile
7350,Treatment,1,155.5460293647725,3,Mobile
7351,Treatment,0,149.3234252255461,3,Mobile
7352,Treatment,0,203.77917841645623,4,Desktop
7353,Treatment,0,115.22137787029624,2,Mobile
7354,Treatment,0,142.5620770797499,1,Mobile
7355,Treatment,0,310.9752570608004,6,Mobile
7356,Treatment,0,223.2711282432955,3,Desktop
7357,Treatment,1,156.9390156251549,3,Mobile
7358,Treatment,1,221.00182930464084,1,Tablet
7359,Treatment,0,229.20317623426462,2,Mobile
7360,Treatment,0,252.6927931049631,4,Desktop
7361,Treatment,0,191.00641837987982,3,Mobile
7362,Treatment,0,251.70737365250892,5,Desktop
7363,Treatment,0,85.88544113148049,3,Desktop
7364,Treatment,0,139.90305282383358,3,Desktop
7365,Treatment,0,207.01292709550506,1,Desktop
7366,Treatment,0,216.12984430442853,2,Desktop
7367,Treatment,0,147.8519741782247,2,Desktop
7368,Treatment,0,212.26809951947376,3,Mobile
7369,Treatment,0,163.68878632220068,3,Tablet
7370,Treatment,1,182.7672498175059,6,Mobile
7371,Treatment,0,254.3625590365756,8,Mobile
7372,Treatment,0,247.991562328873,1,Desktop
7373,Treatment,0,143.16168199502056,2,Desktop
7374,Treatment,0,139.85116958889432,5,Mobile
7375,Treatment,0,175.3854632445676,5,Mobile
7376,Treatment,0,196.52895343548911,4,Mobile
7377,Treatment,0,161.81558312838925,4,Desktop
7378,Treatment,0,255.23533435398173,5,Desktop
7379,Treatment,0,217.10644129397053,2,Desktop
7380,Treatment,0,220.3346810430936,5,Desktop
7381,Treatment,0,128.34036440802657,4,Mobile
7382,Treatment,0,262.2009894561079,2,Desktop
7383,Treatment,1,42.890714776761996,2,Mobile
7384,Treatment,0,243.87304985171528,1,Desktop
7385,Treatment,0,249.3871455718924,4,Mobile
7386,Treatment,0,174.21793469971212,5,Tablet
7387,Treatment,0,268.0100619486083,5,Desktop
7388,Treatment,1,194.52963458751094,4,Desktop
7389,Treatment,0,201.43374368300937,2,Desktop
7390,Treatment,0,216.6740833072319,5,Desktop
7391,Treatment,0,373.261620149608,4,Mobile
7392,Treatment,0,271.94386494456523,4,Desktop
7393,Treatment,0,236.56221603921048,7,Mobile
7394,Treatment,0,147.79575323693427,4,Desktop
7395,Treatment,0,205.89744040137208,5,Desktop
7396,Treatment,0,153.27817483844873,1,Tablet
7397,Treatment,0,243.21609660055472,1,Desktop
7398,Treatment,1,205.7256836654171,1,Mobile
7399,Treatment,0,136.15130762123576,2,Desktop
7400,Treatment,0,202.46185208801765,4,Tablet
7401,Treatment,0,151.28203916560318,1,Tablet
7402,Treatment,0,206.3168921735651,7,Desktop
7403,Treatment,0,150.75074759991088,3,Desktop
7404,Treatment,0,199.51181983484472,4,Mobile
7405,Treatment,0,239.27584240643023,6,Desktop
7406,Treatment,0,195.08214044411918,1,Mobile
7407,Treatment,0,176.5011453055186,2,Tablet
7408,Treatment,1,209.18019215816045,3,Mobile
7409,Treatment,0,236.3450441436069,3,Mobile
7410,Treatment,0,137.10492015650317,7,Desktop
7411,Treatment,0,212.33608850878613,3,Tablet
7412,Treatment,0,270.464745045957,4,Desktop
7413,Treatment,0,229.55113298021934,3,Desktop
7414,Treatment,0,201.17647806669754,4,Mobile
7415,Treatment,0,233.1855628684392,1,Mobile
7416,Treatment,0,222.88730508564754,1,Mobile
7417,Treatment,0,239.44806100378977,5,Mobile
7418,Treatment,0,86.68376139593806,4,Mobile
7419,Treatment,0,112.55991264852041,1,Desktop
7420,Treatment,0,253.26560322157803,5,Mobile
7421,Treatment,0,115.20964531112077,4,Desktop
7422,Treatment,0,220.08462496455627,4,Desktop
7423,Treatment,0,178.63726891822395,3,Mobile
7424,Treatment,0,143.20959149222017,6,Tablet
7425,Treatment,0,217.23073664311104,4,Mobile
7426,Treatment,0,209.0568427044114,5,Desktop
7427,Treatment,0,314.0688458653008,3,Mobile
7428,Treatment,0,163.6353837505261,5,Tablet
7429,Treatment,0,277.20605660380454,3,Desktop
7430,Treatment,0,217.3832602911373,2,Desktop
7431,Treatment,0,161.64379651515083,6,Desktop
7432,Treatment,0,241.9585551634485,5,Desktop
7433,Treatment,0,229.11561774496732,4,Desktop
7434,Treatment,0,199.97138121719271,6,Desktop
7435,Treatment,0,212.64624460423428,4,Mobile
7436,Treatment,1,165.16571329249575,3,Desktop
7437,Treatment,0,152.58170811100211,7,Tablet
7438,Treatment,0,239.76931956024205,2,Desktop
7439,Treatment,0,185.68333166276992,2,Desktop
7440,Treatment,0,193.59543509629992,7,Desktop
7441,Treatment,0,213.39018777693525,9,Tablet
7442,Treatment,0,212.59085896310944,2,Desktop
7443,Treatment,0,119.38704409642644,4,Desktop
7444,Treatment,0,268.7438647550172,6,Mobile
7445,Treatment,0,204.6650183545373,3,Desktop
7446,Treatment,0,186.8540705447818,3,Mobile
7447,Treatment,0,221.69653028433606,2,Desktop
7448,Treatment,0,211.00982064881748,4,Mobile
7449,Treatment,0,240.18844792193363,4,Mobile
7450,Treatment,0,227.58910196830175,2,Desktop
7451,Treatment,0,237.48154259479466,2,Desktop
7452,Treatment,0,272.3046648150134,6,Desktop
7453,Treatment,0,246.59935019340347,3,Mobile
7454,Treatment,0,189.17325788192906,1,Mobile
7455,Treatment,0,136.24043641577418,1,Mobile
7456,Treatment,1,289.7288863152483,3,Desktop
7457,Treatment,0,184.9252144659088,1,Mobile
7458,Treatment,0,171.97909226517126,2,Desktop
7459,Treatment,0,102.48002502295584,3,Desktop
7460,Treatment,0,216.61602079216613,7,Desktop
7461,Treatment,0,206.18876321745736,1,Mobile
7462,Treatment,0,114.66867850627857,5,Desktop
7463,Treatment,1,222.93007231732466,3,Desktop
7464,Treatment,0,170.59944436142086,3,Mobile
7465,Treatment,0,345.96732540087817,2,Desktop
7466,Treatment,0,166.68513443500225,4,Mobile
7467,Treatment,0,174.0643667291214,1,Tablet
7468,Treatment,0,149.88730766600978,2,Desktop
7469,Treatment,0,268.2832086573085,1,Mobile
7470,Treatment,0,177.49733130443857,2,Desktop
7471,Treatment,0,158.12972154289767,5,Desktop
7472,Treatment,0,236.88252554562985,4,Mobile
7473,Treatment,0,122.08058855227482,5,Tablet
7474,Treatment,0,232.3810800436921,3,Desktop
7475,Treatment,0,295.97698441304715,4,Desktop
7476,Treatment,0,229.1634308059299,4,Desktop
7477,Treatment,0,233.08440739429585,2,Tablet
7478,Treatment,0,245.85331192991163,8,Tablet
7479,Treatment,0,292.03394157715354,4,Desktop
7480,Treatment,0,264.5441678010507,3,Mobile
7481,Treatment,0,222.1818347250163,3,Mobile
7482,Treatment,0,247.71402703498006,4,Desktop
7483,Treatment,0,149.27357909941892,6,Desktop
7484,Treatment,0,240.69614749110272,6,Desktop
7485,Treatment,0,142.6944215848939,6,Mobile
7486,Treatment,0,177.81376697526053,8,Desktop
7487,Treatment,0,28.459080367121942,5,Mobile
7488,Treatment,1,220.07863126521042,1,Tablet
7489,Treatment,0,162.5870393890406,4,Desktop
7490,Treatment,0,259.11298683624545,3,Mobile
7491,Treatment,0,219.46059358329717,2,Desktop
7492,Treatment,0,259.8252742085894,2,Tablet
7493,Treatment,0,138.40219004301042,2,Mobile
7494,Treatment,0,255.1112320437798,3,Mobile
7495,Treatment,0,313.822098939983,1,Tablet
7496,Treatment,0,240.0287064962542,5,Desktop
7497,Treatment,0,241.4691954780759,3,Desktop
7498,Treatment,0,207.32787220172142,6,Mobile
7499,Treatment,0,169.14321706890496,1,Desktop
7500,Treatment,0,239.86558049858297,1,Tablet
7501,Treatment,0,115.16543992788624,2,Mobile
7502,Treatment,0,175.0234681293551,5,Desktop
7503,Treatment,0,100.59187587145497,5,Desktop
7504,Treatment,0,159.29889924767045,4,Desktop
7505,Treatment,0,233.31248005414585,5,Desktop
7506,Treatment,1,225.79663569212548,1,Desktop
7507,Treatment,0,200.800253254451,1,Mobile
7508,Treatment,0,207.3720546734106,3,Desktop
7509,Treatment,0,94.27744601746849,1,Desktop
7510,Treatment,1,177.5090745685997,2,Desktop
7511,Treatment,0,160.52566164606344,3,Desktop
7512,Treatment,1,161.75171702170024,4,Tablet
7513,Treatment,0,230.97682452975644,4,Desktop
7514,Treatment,0,150.67209704220792,4,Desktop
7515,Treatment,0,164.74255324299241,2,Mobile
7516,Treatment,0,83.2111914859766,2,Desktop
7517,Treatment,0,181.82322507931067,4,Desktop
7518,Treatment,0,138.16893487575092,6,Tablet
7519,Treatment,0,202.3561610779304,5,Mobile
7520,Treatment,0,145.68905742916445,2,Desktop
7521,Treatment,0,203.7498235052069,1,Mobile
7522,Treatment,0,190.04228315917112,5,Desktop
7523,Treatment,0,289.96229751732767,3,Desktop
7524,Treatment,0,225.34698892492565,2,Mobile
7525,Treatment,0,96.81991700907334,3,Tablet
7526,Treatment,0,128.43111357435103,3,Desktop
7527,Treatment,0,201.03644049457833,4,Desktop
7528,Treatment,0,146.85836283840422,8,Mobile
7529,Treatment,0,34.73973633702812,6,Tablet
7530,Treatment,0,272.2250472608559,1,Mobile
7531,Treatment,0,237.61232092979742,4,Mobile
7532,Treatment,0,226.65372804204745,2,Desktop
7533,Treatment,0,164.59723249909968,3,Mobile
7534,Treatment,0,221.52222240554613,3,Mobile
7535,Treatment,0,159.2601821678515,1,Desktop
7536,Treatment,0,209.267151511973,11,Desktop
7537,Treatment,0,147.36792257899373,3,Desktop
7538,Treatment,0,281.3958647805808,5,Desktop
7539,Treatment,0,111.63698402549855,7,Desktop
7540,Treatment,0,265.7756106230957,5,Desktop
7541,Treatment,0,200.14037054095317,3,Desktop
7542,Treatment,0,171.0793152561905,7,Mobile
7543,Treatment,0,207.1851606932656,3,Desktop
7544,Treatment,1,238.33414039479996,3,Tablet
7545,Treatment,0,273.17107051819187,6,Mobile
7546,Treatment,0,215.22286627234428,1,Desktop
7547,Treatment,0,149.01171531057474,7,Desktop
7548,Treatment,0,201.05965680711836,4,Mobile
7549,Treatment,0,297.9236280164305,3,Desktop
7550,Treatment,0,272.1222947031943,3,Tablet
7551,Treatment,1,247.98199129683974,4,Desktop
7552,Treatment,0,241.76278610673126,4,Desktop
7553,Treatment,0,236.4697549833598,7,Desktop
7554,Treatment,0,261.73151589804286,1,Mobile
7555,Treatment,0,172.8854167852952,1,Mobile
7556,Treatment,0,123.47026638237466,4,Desktop
7557,Treatment,0,201.79519254053838,5,Mobile
7558,Treatment,0,153.033012727227,1,Desktop
7559,Treatment,0,139.97385845425487,6,Mobile
7560,Treatment,0,158.38467828766375,4,Desktop
7561,Treatment,0,334.69226584935274,3,Mobile
7562,Treatment,0,205.48685487417143,1,Desktop
7563,Treatment,0,217.90493099985434,5,Desktop
7564,Treatment,0,130.77004561476605,8,Mobile
7565,Treatment,0,96.59358726640536,4,Mobile
7566,Treatment,1,152.9521046284657,4,Mobile
7567,Treatment,1,277.10075718648113,3,Desktop
7568,Treatment,0,216.38515063420866,2,Mobile
7569,Treatment,0,230.92273002944157,3,Desktop
7570,Treatment,0,238.6211321561134,4,Tablet
7571,Treatment,0,165.47578411109473,5,Tablet
7572,Treatment,0,274.3381071185352,7,Mobile
7573,Treatment,0,163.19558204277996,6,Tablet
7574,Treatment,0,275.3427797594404,7,Tablet
7575,Treatment,0,222.32661858744373,4,Desktop
7576,Treatment,0,99.60251651645228,1,Tablet
7577,Treatment,0,156.85947823697057,4,Desktop
7578,Treatment,0,99.82838069203424,8,Desktop
7579,Treatment,1,261.9805173036815,1,Tablet
7580,Treatment,0,196.63955185586795,1,Desktop
7581,Treatment,0,75.44116580276209,13,Mobile
7582,Treatment,0,218.6660784945812,7,Tablet
7583,Treatment,0,168.4559655686424,3,Desktop
7584,Treatment,0,116.39067797316721,3,Desktop
7585,Treatment,0,290.28812103327834,7,Mobile
7586,Treatment,0,203.90072263531184,6,Mobile
7587,Treatment,0,181.8612728727678,4,Mobile
7588,Treatment,0,176.03163704576906,5,Mobile
7589,Treatment,0,114.76962919632253,2,Desktop
7590,Treatment,0,126.24981052287399,2,Desktop
7591,Treatment,0,268.67042316812956,1,Mobile
7592,Treatment,0,171.93644216178546,2,Mobile
7593,Treatment,0,199.2137235515275,3,Desktop
7594,Treatment,1,85.5618238089409,7,Desktop
7595,Treatment,0,125.50493803124719,1,Desktop
7596,Treatment,1,231.5396885931114,6,Mobile
7597,Treatment,0,218.77414680626086,4,Tablet
7598,Treatment,0,294.43563592983736,4,Desktop
7599,Treatment,1,271.86259823971744,1,Desktop
7600,Treatment,0,185.31089651333474,1,Desktop
7601,Treatment,0,224.01244605922992,6,Tablet
7602,Treatment,0,180.58681064033092,2,Tablet
7603,Treatment,0,311.01454002512565,7,Mobile
7604,Treatment,1,261.195808282882,1,Desktop
7605,Treatment,0,207.3326799971763,2,Desktop
7606,Treatment,0,209.0217131681993,5,Desktop
7607,Treatment,0,277.4667657992894,3,Tablet
7608,Treatment,0,229.8767815912616,3,Desktop
7609,Treatment,0,283.7245409388547,3,Mobile
7610,Treatment,0,77.34936405576195,1,Desktop
7611,Treatment,0,223.3675543824339,4,Desktop
7612,Treatment,0,169.65108244252383,1,Mobile
7613,Treatment,1,294.60078931953956,6,Mobile
7614,Treatment,0,283.05192779544063,3,Mobile
7615,Treatment,0,199.80596950057188,4,Mobile
7616,Treatment,0,282.4597038346067,7,Desktop
7617,Treatment,0,296.07129859958786,3,Desktop
7618,Treatment,0,202.0923669559381,5,Mobile
7619,Treatment,1,333.9563574837522,5,Desktop
7620,Treatment,0,196.27623660316527,5,Desktop
7621,Treatment,0,186.201347731525,5,Tablet
7622,Treatment,0,245.62299237213887,3,Mobile
7623,Treatment,0,178.54150978717274,4,Mobile
7624,Treatment,0,202.69368766871915,2,Desktop
7625,Treatment,0,275.51889332280007,1,Mobile
7626,Treatment,0,199.05703687194986,2,Tablet
7627,Treatment,1,104.77402138635809,3,Mobile
7628,Treatment,0,218.2025663317058,4,Desktop
7629,Treatment,1,159.70385315211828,5,Desktop
7630,Treatment,0,245.58991365120002,6,Mobile
7631,Treatment,0,236.2904343704435,3,Mobile
7632,Treatment,0,278.9270191491587,7,Desktop
7633,Treatment,0,247.91427654359833,2,Desktop
7634,Treatment,1,257.96343560119357,3,Mobile
7635,Treatment,0,161.19967819242578,5,Mobile
7636,Treatment,0,242.21925727397763,4,Desktop
7637,Treatment,0,306.26482091481597,5,Desktop
7638,Treatment,0,160.1242550249778,5,Mobile
7639,Treatment,0,296.9856060449904,6,Desktop
7640,Treatment,0,167.78574498392683,5,Desktop
7641,Treatment,0,151.1415815222514,2,Mobile
7642,Treatment,0,214.2910243845161,4,Desktop
7643,Treatment,0,237.3750728870845,3,Mobile
7644,Treatment,0,248.14625681847457,2,Mobile
7645,Treatment,0,145.1030668574739,3,Mobile
7646,Treatment,0,221.89970534898598,5,Tablet
7647,Treatment,0,160.29449856840722,8,Desktop
7648,Treatment,0,116.10927591611829,4,Desktop
7649,Treatment,0,146.91950264569684,3,Desktop
7650,Treatment,0,156.70047987242998,4,Mobile
7651,Treatment,0,226.6877338193879,4,Desktop
7652,Treatment,0,261.3717514687768,8,Desktop
7653,Treatment,0,116.97363535686034,4,Desktop
7654,Treatment,0,217.35785908144305,5,Mobile
7655,Treatment,0,133.28159978260015,4,Mobile
7656,Treatment,0,232.59969749577002,2,Desktop
7657,Treatment,0,163.74981804479387,3,Tablet
7658,Treatment,0,140.17690400871967,2,Mobile
7659,Treatment,0,241.98154834411662,3,Desktop
7660,Treatment,0,165.7192567005198,7,Desktop
7661,Treatment,0,180.6219826756016,2,Desktop
7662,Treatment,0,75.9006001843993,4,Mobile
7663,Treatment,0,250.06032487829106,4,Desktop
7664,Treatment,0,243.1499686643009,5,Desktop
7665,Treatment,0,198.30018143547227,1,Mobile
7666,Treatment,0,113.98304822543325,6,Tablet
7667,Treatment,0,264.515304808412,9,Mobile
7668,Treatment,0,161.3555137501565,3,Desktop
7669,Treatment,0,173.06556024446763,2,Mobile
7670,Treatment,0,325.1624230997742,3,Mobile
